run_date,valid_date,district_id,name,state,zone,lat,lon,lead_time,regime,regime_confidence,raw_rainfall,wind_speed,wind_dir,cape,pressure,radiation,temp_range,temp_mean,day_of_year,month,monsoon_phase,is_peak_monsoon,latitude,longitude
2026-09-15,2026-09-16,3,East Godavari,Andhra Pradesh,south,16.94,81.8,24,orographic,1.0,2.5,12.0,255.0,3045.0,1007.6,22.2,6.8,28.8,259,9,3,0,16.94,81.8
2026-09-15,2026-09-17,3,East Godavari,Andhra Pradesh,south,16.94,81.8,48,orographic,1.0,0.4,14.0,264.0,3345.0,1005.8,20.9,6.5,29.1,260,9,3,0,16.94,81.8
2026-09-15,2026-09-18,3,East Godavari,Andhra Pradesh,south,16.94,81.8,72,orographic,1.0,10.5,14.2,279.0,2975.4,1005.4,18.6,7.0,28.8,261,9,3,0,16.94,81.8
2026-09-15,2026-09-16,5,YSR Kadapa,Andhra Pradesh,south,14.47,78.82,24,orographic,1.0,0.5,15.8,267.0,730.0,995.5,23.6,11.0,33.7,259,9,3,0,14.47,78.82
2026-09-15,2026-09-17,5,YSR Kadapa,Andhra Pradesh,south,14.47,78.82,48,orographic,1.0,6.0,16.1,292.0,1412.5,994.5,23.6,11.9,32.5,260,9,3,0,14.47,78.82
2026-09-15,2026-09-18,5,YSR Kadapa,Andhra Pradesh,south,14.47,78.82,72,orographic,1.0,0.4,19.6,297.0,1463.8,994.6,19.3,10.3,30.6,261,9,3,0,14.47,78.82
2026-09-15,2026-09-16,1,Anantapur,Andhra Pradesh,south,14.68,77.59,24,western_disturbance,1.0,1.2,16.7,264.0,272.5,972.4,24.6,10.7,31.5,259,9,3,0,14.68,77.59
2026-09-15,2026-09-17,1,Anantapur,Andhra Pradesh,south,14.68,77.59,48,orographic,1.0,8.2,18.7,275.0,1032.1,971.6,23.6,12.0,30.3,260,9,3,0,14.68,77.59
2026-09-15,2026-09-18,1,Anantapur,Andhra Pradesh,south,14.68,77.59,72,orographic,1.0,1.9,18.3,288.0,919.6,971.8,23.5,10.0,29.3,261,9,3,0,14.68,77.59
2026-09-15,2026-09-16,2,Chittoor,Andhra Pradesh,south,13.22,79.1,24,orographic,1.0,2.1,11.8,233.0,1332.5,977.2,22.0,9.5,29.0,259,9,3,0,13.22,79.1
2026-09-15,2026-09-17,2,Chittoor,Andhra Pradesh,south,13.22,79.1,48,orographic,1.0,8.5,13.9,261.0,1581.7,976.1,21.6,10.9,29.6,260,9,3,0,13.22,79.1
2026-09-15,2026-09-18,2,Chittoor,Andhra Pradesh,south,13.22,79.1,72,orographic,1.0,5.6,14.0,288.0,1775.0,975.8,21.3,10.5,29.5,261,9,3,0,13.22,79.1
2026-09-15,2026-09-16,4,Guntur,Andhra Pradesh,south,16.31,80.44,24,orographic,1.0,0.5,11.0,177.0,2721.3,1005.7,21.8,8.9,29.8,259,9,3,0,16.31,80.44
2026-09-15,2026-09-17,4,Guntur,Andhra Pradesh,south,16.31,80.44,48,orographic,1.0,2.0,8.3,231.0,3102.1,1004.1,20.6,8.2,30.2,260,9,3,0,16.31,80.44
2026-09-15,2026-09-18,4,Guntur,Andhra Pradesh,south,16.31,80.44,72,orographic,1.0,6.2,15.4,310.0,2051.7,1004.2,18.4,8.0,29.1,261,9,3,0,16.31,80.44
2026-09-15,2026-09-16,6,Krishna,Andhra Pradesh,south,16.18,81.14,24,orographic,1.0,3.3,12.9,199.0,3208.3,1009.3,20.7,7.1,29.2,259,9,3,0,16.18,81.14
2026-09-15,2026-09-17,6,Krishna,Andhra Pradesh,south,16.18,81.14,48,orographic,1.0,2.6,11.0,232.0,3698.3,1007.6,21.1,6.7,30.0,260,9,3,0,16.18,81.14
2026-09-15,2026-09-18,6,Krishna,Andhra Pradesh,south,16.18,81.14,72,coastal,1.0,3.1,20.0,297.0,2619.6,1007.4,16.7,7.2,28.6,261,9,3,0,16.18,81.14
2026-09-15,2026-09-16,7,Kurnool,Andhra Pradesh,south,15.83,78.03,24,orographic,1.0,0.6,16.4,273.0,660.8,977.6,23.1,9.2,32.3,259,9,3,0,15.83,78.03
2026-09-15,2026-09-17,7,Kurnool,Andhra Pradesh,south,15.83,78.03,48,orographic,1.0,5.5,16.1,293.0,1541.7,976.7,21.6,10.7,31.0,260,9,3,0,15.83,78.03
2026-09-15,2026-09-18,7,Kurnool,Andhra Pradesh,south,15.83,78.03,72,orographic,1.0,13.1,15.5,297.0,1560.0,977.0,17.8,9.0,28.8,261,9,3,0,15.83,78.03
2026-09-15,2026-09-16,8,Nellore,Andhra Pradesh,south,14.44,79.99,24,orographic,1.0,3.3,10.5,165.0,2603.3,1008.2,22.6,10.9,31.2,259,9,3,0,14.44,79.99
2026-09-15,2026-09-17,8,Nellore,Andhra Pradesh,south,14.44,79.99,48,orographic,1.0,2.1,15.5,209.0,2701.7,1006.6,22.8,10.2,32.1,260,9,3,0,14.44,79.99
2026-09-15,2026-09-18,8,Nellore,Andhra Pradesh,south,14.44,79.99,72,coastal,1.0,3.8,23.1,276.0,2184.2,1006.7,21.4,10.6,30.8,261,9,3,0,14.44,79.99
2026-09-15,2026-09-16,9,Prakasam,Andhra Pradesh,south,15.35,79.56,24,orographic,1.0,1.6,19.6,142.0,2315.0,1001.5,22.2,10.6,32.6,259,9,3,0,15.35,79.56
2026-09-15,2026-09-17,9,Prakasam,Andhra Pradesh,south,15.35,79.56,48,orographic,1.0,0.7,14.3,256.0,2050.8,1000.0,21.8,10.3,33.0,260,9,3,0,15.35,79.56
2026-09-15,2026-09-18,9,Prakasam,Andhra Pradesh,south,15.35,79.56,72,orographic,1.0,1.3,16.5,306.0,1605.0,1000.2,19.9,11.1,30.6,261,9,3,0,15.35,79.56
2026-09-15,2026-09-16,10,Srikakulam,Andhra Pradesh,south,18.3,83.9,24,orographic,1.0,4.4,10.1,257.0,2772.1,1007.7,20.7,6.7,28.2,259,9,3,0,18.3,83.9
2026-09-15,2026-09-17,10,Srikakulam,Andhra Pradesh,south,18.3,83.9,48,orographic,1.0,1.6,9.2,266.0,2958.3,1005.8,19.8,7.4,28.7,260,9,3,0,18.3,83.9
2026-09-15,2026-09-18,10,Srikakulam,Andhra Pradesh,south,18.3,83.9,72,orographic,1.0,3.4,13.3,256.0,3034.6,1005.6,18.2,7.5,28.8,261,9,3,0,18.3,83.9
2026-09-15,2026-09-16,12,Vizianagaram,Andhra Pradesh,south,18.11,83.4,24,orographic,1.0,2.9,12.2,252.0,2649.2,1003.2,19.7,7.3,28.1,259,9,3,0,18.11,83.4
2026-09-15,2026-09-17,12,Vizianagaram,Andhra Pradesh,south,18.11,83.4,48,orographic,1.0,1.3,8.2,242.0,3087.9,1001.4,20.0,7.6,28.7,260,9,3,0,18.11,83.4
2026-09-15,2026-09-18,12,Vizianagaram,Andhra Pradesh,south,18.11,83.4,72,orographic,1.0,1.2,11.2,322.0,3137.9,1001.1,16.9,6.8,28.8,261,9,3,0,18.11,83.4
2026-09-15,2026-09-16,11,Visakhapatnam,Andhra Pradesh,south,17.69,83.22,24,orographic,1.0,3.3,8.7,241.0,2345.0,1006.8,20.3,6.6,28.6,259,9,3,0,17.69,83.22
2026-09-15,2026-09-17,11,Visakhapatnam,Andhra Pradesh,south,17.69,83.22,48,orographic,0.6667,2.6,7.0,242.0,3304.2,1004.9,20.6,7.4,28.7,260,9,3,0,17.69,83.22
2026-09-15,2026-09-18,11,Visakhapatnam,Andhra Pradesh,south,17.69,83.22,72,orographic,1.0,5.6,8.9,137.0,3242.5,1004.7,15.5,6.1,28.4,261,9,3,0,17.69,83.22
2026-09-15,2026-09-16,13,West Godavari,Andhra Pradesh,south,16.92,81.34,24,orographic,1.0,4.7,8.1,246.0,3074.2,1001.2,21.9,7.4,28.8,259,9,3,0,16.92,81.34
2026-09-15,2026-09-17,13,West Godavari,Andhra Pradesh,south,16.92,81.34,48,orographic,1.0,1.9,10.6,270.0,3444.6,999.5,21.4,6.8,29.3,260,9,3,0,16.92,81.34
2026-09-15,2026-09-18,13,West Godavari,Andhra Pradesh,south,16.92,81.34,72,orographic,1.0,6.0,16.2,297.0,2634.6,999.2,18.8,7.8,28.8,261,9,3,0,16.92,81.34
2026-09-15,2026-09-16,16,Dr. B.R. Ambedkar Konaseema,Andhra Pradesh,south,16.53,81.83,24,orographic,1.0,1.8,11.7,251.0,3193.8,1009.5,20.8,7.1,29.4,259,9,3,0,16.53,81.83
2026-09-15,2026-09-17,16,Dr. B.R. Ambedkar Konaseema,Andhra Pradesh,south,16.53,81.83,48,orographic,1.0,1.5,11.5,259.0,3797.5,1007.8,21.9,7.0,29.5,260,9,3,0,16.53,81.83
2026-09-15,2026-09-18,16,Dr. B.R. Ambedkar Konaseema,Andhra Pradesh,south,16.53,81.83,72,orographic,1.0,8.2,17.1,276.0,2961.7,1007.5,17.0,7.2,28.5,261,9,3,0,16.53,81.83
2026-09-15,2026-09-16,14,Tirupati,Andhra Pradesh,south,13.63,79.42,24,orographic,1.0,2.0,11.8,249.0,1928.8,993.1,23.4,9.6,30.1,259,9,3,0,13.63,79.42
2026-09-15,2026-09-17,14,Tirupati,Andhra Pradesh,south,13.63,79.42,48,orographic,1.0,13.2,11.9,250.0,1976.7,991.9,22.2,11.8,30.1,260,9,3,0,13.63,79.42
2026-09-15,2026-09-18,14,Tirupati,Andhra Pradesh,south,13.63,79.42,72,orographic,1.0,4.4,13.6,264.0,2144.6,991.7,21.5,10.5,30.0,261,9,3,0,13.63,79.42
2026-09-15,2026-09-16,15,Annamayya,Andhra Pradesh,south,14.32,78.83,24,orographic,1.0,0.8,10.3,228.0,982.5,958.0,22.6,10.7,30.2,259,9,3,0,14.32,78.83
2026-09-15,2026-09-17,15,Annamayya,Andhra Pradesh,south,14.32,78.83,48,orographic,1.0,1.5,14.6,273.0,1248.3,957.0,23.1,11.0,29.9,260,9,3,0,14.32,78.83
2026-09-15,2026-09-18,15,Annamayya,Andhra Pradesh,south,14.32,78.83,72,orographic,1.0,0.2,17.5,298.0,1169.2,957.0,19.2,10.6,28.0,261,9,3,0,14.32,78.83
2026-09-15,2026-09-16,18,NTR,Andhra Pradesh,south,16.51,80.62,24,orographic,1.0,2.2,12.7,193.0,2887.1,1007.1,22.1,8.3,29.6,259,9,3,0,16.51,80.62
2026-09-15,2026-09-17,18,NTR,Andhra Pradesh,south,16.51,80.62,48,orographic,1.0,1.1,9.2,223.0,3390.4,1005.3,20.9,6.9,30.4,260,9,3,0,16.51,80.62
2026-09-15,2026-09-18,18,NTR,Andhra Pradesh,south,16.51,80.62,72,coastal,1.0,4.7,21.5,300.0,2218.3,1005.4,17.3,7.3,29.2,261,9,3,0,16.51,80.62
2026-09-15,2026-09-16,17,Alluri Sitharama Raju,Andhra Pradesh,south,17.95,82.0,24,orographic,1.0,2.0,9.0,334.0,1700.8,941.3,21.4,7.4,25.2,259,9,3,0,17.95,82.0
2026-09-15,2026-09-17,17,Alluri Sitharama Raju,Andhra Pradesh,south,17.95,82.0,48,orographic,1.0,3.4,9.3,316.0,2147.9,939.8,22.1,7.4,24.9,260,9,3,0,17.95,82.0
2026-09-15,2026-09-18,17,Alluri Sitharama Raju,Andhra Pradesh,south,17.95,82.0,72,orographic,1.0,4.8,8.8,358.0,1887.9,939.6,17.9,6.9,24.6,261,9,3,0,17.95,82.0
2026-09-15,2026-09-16,20,Palnadu,Andhra Pradesh,south,16.1,79.84,24,orographic,0.6667,1.5,7.6,165.0,2917.5,1000.4,22.6,8.3,30.1,259,9,3,0,16.1,79.84
2026-09-15,2026-09-17,20,Palnadu,Andhra Pradesh,south,16.1,79.84,48,orographic,1.0,0.3,8.9,258.0,2324.6,998.7,21.4,8.1,30.9,260,9,3,0,16.1,79.84
2026-09-15,2026-09-18,20,Palnadu,Andhra Pradesh,south,16.1,79.84,72,orographic,1.0,4.0,14.6,312.0,1839.2,999.0,19.2,8.3,29.0,261,9,3,0,16.1,79.84
2026-09-15,2026-09-16,19,Bapatla,Andhra Pradesh,south,15.9,80.47,24,orographic,1.0,5.3,10.2,176.0,3579.2,1009.0,22.1,6.6,29.5,259,9,3,0,15.9,80.47
2026-09-15,2026-09-17,19,Bapatla,Andhra Pradesh,south,15.9,80.47,48,orographic,1.0,4.9,10.6,185.0,4062.5,1007.3,20.2,7.2,31.1,260,9,3,0,15.9,80.47
2026-09-15,2026-09-18,19,Bapatla,Andhra Pradesh,south,15.9,80.47,72,orographic,1.0,14.5,13.5,317.0,2398.8,1007.4,18.7,8.5,29.0,261,9,3,0,15.9,80.47
2026-09-15,2026-09-16,22,Nandyal,Andhra Pradesh,south,15.48,78.48,24,orographic,1.0,0.1,13.5,158.0,1318.3,986.9,23.4,8.8,30.8,259,9,3,0,15.48,78.48
2026-09-15,2026-09-17,22,Nandyal,Andhra Pradesh,south,15.48,78.48,48,orographic,1.0,5.7,9.7,309.0,1682.9,986.0,22.5,10.2,30.4,260,9,3,0,15.48,78.48
2026-09-15,2026-09-18,22,Nandyal,Andhra Pradesh,south,15.48,78.48,72,orographic,1.0,1.9,13.6,333.0,2005.0,986.3,18.1,8.1,28.9,261,9,3,0,15.48,78.48
2026-09-15,2026-09-16,21,Eluru,Andhra Pradesh,south,16.71,81.13,24,orographic,1.0,1.2,12.2,225.0,3279.6,1008.8,21.4,7.3,29.1,259,9,3,0,16.71,81.13
2026-09-15,2026-09-17,21,Eluru,Andhra Pradesh,south,16.71,81.13,48,orographic,1.0,0.7,9.6,255.0,3567.1,1007.1,20.4,6.9,29.6,260,9,3,0,16.71,81.13
2026-09-15,2026-09-18,21,Eluru,Andhra Pradesh,south,16.71,81.13,72,orographic,1.0,4.9,18.9,298.0,2687.1,1007.0,16.9,6.9,29.1,261,9,3,0,16.71,81.13
2026-09-15,2026-09-16,23,Parvathipuram Manyam,Andhra Pradesh,south,18.77,83.43,24,orographic,1.0,2.8,14.0,302.0,2712.5,996.3,20.7,7.7,28.5,259,9,3,0,18.77,83.43
2026-09-15,2026-09-17,23,Parvathipuram Manyam,Andhra Pradesh,south,18.77,83.43,48,orographic,1.0,9.6,11.4,19.0,2871.3,994.6,20.4,8.1,28.4,260,9,3,0,18.77,83.43
2026-09-15,2026-09-18,23,Parvathipuram Manyam,Andhra Pradesh,south,18.77,83.43,72,orographic,0.6667,1.7,7.2,335.0,2758.8,994.2,21.2,8.8,29.0,261,9,3,0,18.77,83.43
2026-09-15,2026-09-16,24,Sri Sathya Sai,Andhra Pradesh,south,14.48,77.82,24,western_disturbance,1.0,0.4,16.7,250.0,292.5,972.1,24.7,10.5,31.1,259,9,3,0,14.48,77.82
2026-09-15,2026-09-17,24,Sri Sathya Sai,Andhra Pradesh,south,14.48,77.82,48,orographic,1.0,11.4,18.0,263.0,940.8,971.3,23.8,11.3,30.4,260,9,3,0,14.48,77.82
2026-09-15,2026-09-18,24,Sri Sathya Sai,Andhra Pradesh,south,14.48,77.82,72,orographic,1.0,1.5,19.5,285.0,1005.0,971.5,23.2,9.8,29.5,261,9,3,0,14.48,77.82
2026-09-15,2026-09-16,25,Kakinada,Andhra Pradesh,south,17.0,82.25,24,orographic,1.0,6.9,10.9,261.0,2615.0,1009.3,21.4,7.3,29.1,259,9,3,0,17.0,82.25
2026-09-15,2026-09-17,25,Kakinada,Andhra Pradesh,south,17.0,82.25,48,orographic,1.0,3.2,15.9,256.0,3483.8,1007.5,21.8,7.2,28.9,260,9,3,0,17.0,82.25
2026-09-15,2026-09-18,25,Kakinada,Andhra Pradesh,south,17.0,82.25,72,orographic,1.0,15.7,12.4,267.0,3258.3,1007.0,18.8,7.6,28.7,261,9,3,0,17.0,82.25
2026-09-15,2026-09-16,26,Machilipatnam,Andhra Pradesh,south,16.18,81.18,24,orographic,1.0,2.4,15.3,201.0,3261.7,1009.8,21.6,5.3,29.0,259,9,3,0,16.18,81.18
2026-09-15,2026-09-17,26,Machilipatnam,Andhra Pradesh,south,16.18,81.18,48,orographic,1.0,1.5,14.3,215.0,4260.8,1008.0,21.4,5.5,30.2,260,9,3,0,16.18,81.18
2026-09-15,2026-09-18,26,Machilipatnam,Andhra Pradesh,south,16.18,81.18,72,coastal,1.0,3.5,24.0,293.0,2639.6,1007.9,16.5,6.7,28.8,261,9,3,0,16.18,81.18
2026-09-15,2026-09-16,27,Anjaw,Arunachal Pradesh,northeast,28.05,96.83,24,break_monsoon,0.5,0.6,7.6,249.0,20.8,759.7,19.7,9.0,13.8,259,9,3,0,28.05,96.83
2026-09-15,2026-09-17,27,Anjaw,Arunachal Pradesh,northeast,28.05,96.83,48,break_monsoon,0.5,2.6,7.0,256.0,72.1,758.5,18.2,7.3,13.5,260,9,3,0,28.05,96.83
2026-09-15,2026-09-18,27,Anjaw,Arunachal Pradesh,northeast,28.05,96.83,72,break_monsoon,0.5,1.0,7.6,241.0,124.6,760.0,19.0,9.9,14.8,261,9,3,0,28.05,96.83
2026-09-15,2026-09-16,29,East Kameng,Arunachal Pradesh,northeast,27.3,93.2,24,orographic,0.6667,9.8,8.9,211.0,332.5,848.5,17.4,4.8,18.7,259,9,3,0,27.3,93.2
2026-09-15,2026-09-17,29,East Kameng,Arunachal Pradesh,northeast,27.3,93.2,48,break_monsoon,0.5,13.1,8.1,236.0,385.4,847.2,12.9,3.3,19.1,260,9,3,0,27.3,93.2
2026-09-15,2026-09-18,29,East Kameng,Arunachal Pradesh,northeast,27.3,93.2,72,break_monsoon,0.5,6.7,7.1,199.0,563.3,848.7,14.8,5.1,19.6,261,9,3,0,27.3,93.2
2026-09-15,2026-09-16,28,Changlang,Arunachal Pradesh,northeast,27.13,96.08,24,coastal,0.6667,22.5,4.7,52.0,1695.8,912.0,13.7,3.6,21.5,259,9,3,0,27.13,96.08
2026-09-15,2026-09-17,28,Changlang,Arunachal Pradesh,northeast,27.13,96.08,48,coastal,0.6667,16.3,5.0,146.0,1200.0,910.8,12.3,5.3,22.0,260,9,3,0,27.13,96.08
2026-09-15,2026-09-18,28,Changlang,Arunachal Pradesh,northeast,27.13,96.08,72,orographic,0.6667,2.3,4.1,320.0,1482.9,911.9,15.2,6.5,22.4,261,9,3,0,27.13,96.08
2026-09-15,2026-09-16,30,East Siang,Arunachal Pradesh,northeast,27.9,95.28,24,orographic,1.0,43.3,11.3,289.0,1232.1,991.7,16.9,3.8,25.0,259,9,3,0,27.9,95.28
2026-09-15,2026-09-17,30,East Siang,Arunachal Pradesh,northeast,27.9,95.28,48,break_monsoon,0.75,77.4,9.0,354.0,698.3,990.7,11.6,3.0,24.3,260,9,3,0,27.9,95.28
2026-09-15,2026-09-18,30,East Siang,Arunachal Pradesh,northeast,27.9,95.28,72,orographic,0.6667,20.3,7.6,275.0,1022.9,991.5,17.2,7.7,26.8,261,9,3,0,27.9,95.28
2026-09-15,2026-09-16,32,Kra Daadi,Arunachal Pradesh,northeast,27.83,93.65,24,break_monsoon,0.5,26.4,4.7,100.0,409.2,869.9,14.2,5.7,21.0,259,9,3,0,27.83,93.65
2026-09-15,2026-09-17,32,Kra Daadi,Arunachal Pradesh,northeast,27.83,93.65,48,break_monsoon,0.5,34.9,4.8,102.0,442.1,868.6,11.4,4.5,21.1,260,9,3,0,27.83,93.65
2026-09-15,2026-09-18,32,Kra Daadi,Arunachal Pradesh,northeast,27.83,93.65,72,break_monsoon,0.5,56.9,5.9,110.0,427.1,870.6,14.6,6.8,22.2,261,9,3,0,27.83,93.65
2026-09-15,2026-09-16,31,Upper Siang,Arunachal Pradesh,northeast,28.62,95.65,24,break_monsoon,0.5,11.9,8.5,150.0,72.9,748.4,12.6,4.1,12.1,259,9,3,0,28.62,95.65
2026-09-15,2026-09-17,31,Upper Siang,Arunachal Pradesh,northeast,28.62,95.65,48,break_monsoon,0.5,44.7,3.7,29.0,70.0,746.9,6.9,5.5,11.9,260,9,3,0,28.62,95.65
2026-09-15,2026-09-18,31,Upper Siang,Arunachal Pradesh,northeast,28.62,95.65,72,break_monsoon,0.5,6.1,6.2,160.0,379.6,748.4,15.0,8.8,13.1,261,9,3,0,28.62,95.65
2026-09-15,2026-09-16,33,Kurung Kumey,Arunachal Pradesh,northeast,28.2,93.35,24,break_monsoon,0.5,34.7,6.5,188.0,105.4,716.8,11.3,3.7,10.6,259,9,3,0,28.2,93.35
2026-09-15,2026-09-17,33,Kurung Kumey,Arunachal Pradesh,northeast,28.2,93.35,48,break_monsoon,0.5,15.8,7.6,174.0,230.4,715.9,16.6,3.7,10.4,260,9,3,0,28.2,93.35
2026-09-15,2026-09-18,33,Kurung Kumey,Arunachal Pradesh,northeast,28.2,93.35,72,orographic,0.6667,15.0,8.6,178.0,262.1,717.5,16.0,4.2,10.7,261,9,3,0,28.2,93.35
2026-09-15,2026-09-16,34,Lohit,Arunachal Pradesh,northeast,27.8,96.32,24,orographic,0.6667,4.5,6.9,212.0,1513.3,975.6,16.8,5.4,25.7,259,9,3,0,27.8,96.32
2026-09-15,2026-09-17,34,Lohit,Arunachal Pradesh,northeast,27.8,96.32,48,orographic,1.0,5.1,8.1,295.0,1103.3,974.6,15.8,4.3,25.5,260,9,3,0,27.8,96.32
2026-09-15,2026-09-18,34,Lohit,Arunachal Pradesh,northeast,27.8,96.32,72,break_monsoon,0.75,7.0,5.8,261.0,754.6,975.5,18.3,7.6,26.6,261,9,3,0,27.8,96.32
2026-09-15,2026-09-16,35,Longding,Arunachal Pradesh,northeast,26.92,95.58,24,orographic,0.6667,12.1,6.8,347.0,1399.6,904.3,17.2,4.9,22.8,259,9,3,0,26.92,95.58
2026-09-15,2026-09-17,35,Longding,Arunachal Pradesh,northeast,26.92,95.58,48,orographic,0.6667,12.3,7.5,340.0,906.3,903.0,15.6,4.0,22.3,260,9,3,0,26.92,95.58
2026-09-15,2026-09-18,35,Longding,Arunachal Pradesh,northeast,26.92,95.58,72,orographic,0.6667,19.0,5.8,328.0,1569.6,904.2,16.0,3.8,22.0,261,9,3,0,26.92,95.58
2026-09-15,2026-09-16,37,Lower Siang,Arunachal Pradesh,northeast,27.42,94.52,24,orographic,1.0,38.0,11.7,78.0,993.8,998.1,16.3,5.9,26.1,259,9,3,0,27.42,94.52
2026-09-15,2026-09-17,37,Lower Siang,Arunachal Pradesh,northeast,27.42,94.52,48,break_monsoon,0.75,47.6,9.0,97.0,552.9,996.9,11.4,3.0,24.9,260,9,3,0,27.42,94.52
2026-09-15,2026-09-18,37,Lower Siang,Arunachal Pradesh,northeast,27.42,94.52,72,orographic,1.0,35.0,9.4,40.0,740.8,997.9,18.1,6.7,26.6,261,9,3,0,27.42,94.52
2026-09-15,2026-09-16,38,Lower Subansiri,Arunachal Pradesh,northeast,27.53,93.83,24,orographic,0.6667,3.3,9.7,179.0,490.0,844.7,17.0,5.0,19.1,259,9,3,0,27.53,93.83
2026-09-15,2026-09-17,38,Lower Subansiri,Arunachal Pradesh,northeast,27.53,93.83,48,orographic,0.6667,13.2,9.3,186.0,555.4,843.3,14.0,4.7,19.2,260,9,3,0,27.53,93.83
2026-09-15,2026-09-18,38,Lower Subansiri,Arunachal Pradesh,northeast,27.53,93.83,72,break_monsoon,0.5,3.0,7.3,195.0,638.8,845.2,13.0,4.3,19.6,261,9,3,0,27.53,93.83
2026-09-15,2026-09-16,36,Lower Dibang Valley,Arunachal Pradesh,northeast,28.18,95.83,24,orographic,0.6667,26.0,5.3,243.0,1892.5,949.5,16.1,3.1,23.6,259,9,3,0,28.18,95.83
2026-09-15,2026-09-17,36,Lower Dibang Valley,Arunachal Pradesh,northeast,28.18,95.83,48,western_disturbance,0.6667,28.1,5.3,235.0,816.3,948.3,9.3,2.0,22.8,260,9,3,0,28.18,95.83
2026-09-15,2026-09-18,36,Lower Dibang Valley,Arunachal Pradesh,northeast,28.18,95.83,72,orographic,0.6667,24.3,6.9,272.0,888.8,949.4,17.1,5.8,24.3,261,9,3,0,28.18,95.83
2026-09-15,2026-09-16,39,Namsai,Arunachal Pradesh,northeast,27.67,96.17,24,orographic,0.6667,9.6,7.4,242.0,1916.7,974.6,15.7,5.2,26.7,259,9,3,0,27.67,96.17
2026-09-15,2026-09-17,39,Namsai,Arunachal Pradesh,northeast,27.67,96.17,48,orographic,0.3333,22.8,6.1,330.0,1526.7,973.6,14.7,2.9,24.9,260,9,3,0,27.67,96.17
2026-09-15,2026-09-18,39,Namsai,Arunachal Pradesh,northeast,27.67,96.17,72,orographic,0.6667,0.7,4.9,315.0,1344.6,974.5,17.5,7.1,26.9,261,9,3,0,27.67,96.17
2026-09-15,2026-09-16,40,Papum Pare,Arunachal Pradesh,northeast,27.15,93.7,24,western_disturbance,0.6667,10.8,7.8,131.0,867.9,967.7,14.2,3.7,24.9,259,9,3,0,27.15,93.7
2026-09-15,2026-09-17,40,Papum Pare,Arunachal Pradesh,northeast,27.15,93.7,48,orographic,0.6667,12.1,9.9,171.0,592.1,966.3,14.4,4.6,24.5,260,9,3,0,27.15,93.7
2026-09-15,2026-09-18,40,Papum Pare,Arunachal Pradesh,northeast,27.15,93.7,72,orographic,0.6667,3.5,6.3,132.0,882.9,967.8,15.4,4.6,24.9,261,9,3,0,27.15,93.7
2026-09-15,2026-09-16,43,Tawang,Arunachal Pradesh,northeast,27.58,91.87,24,break_monsoon,0.5,4.8,7.1,141.0,19.2,742.6,18.7,8.0,13.1,259,9,3,0,27.58,91.87
2026-09-15,2026-09-17,43,Tawang,Arunachal Pradesh,northeast,27.58,91.87,48,orographic,0.6667,1.8,8.1,196.0,90.0,741.8,19.7,7.1,14.3,260,9,3,0,27.58,91.87
2026-09-15,2026-09-18,43,Tawang,Arunachal Pradesh,northeast,27.58,91.87,72,break_monsoon,0.5,0.5,6.9,211.0,27.5,743.1,20.7,8.2,14.3,261,9,3,0,27.58,91.87
2026-09-15,2026-09-16,41,Shi Yomi,Arunachal Pradesh,northeast,28.55,94.78,24,break_monsoon,0.5,63.9,3.4,6.0,296.3,792.0,11.0,3.0,14.5,259,9,3,0,28.55,94.78
2026-09-15,2026-09-17,41,Shi Yomi,Arunachal Pradesh,northeast,28.55,94.78,48,break_monsoon,0.5,83.0,4.4,329.0,282.5,790.6,7.8,3.1,14.1,260,9,3,0,28.55,94.78
2026-09-15,2026-09-18,41,Shi Yomi,Arunachal Pradesh,northeast,28.55,94.78,72,break_monsoon,0.5,64.2,4.7,350.0,239.2,792.1,8.0,4.8,15.0,261,9,3,0,28.55,94.78
2026-09-15,2026-09-16,46,West Kameng,Arunachal Pradesh,northeast,27.25,92.52,24,break_monsoon,0.5,1.9,3.3,124.0,300.0,769.3,12.8,5.5,16.1,259,9,3,0,27.25,92.52
2026-09-15,2026-09-17,46,West Kameng,Arunachal Pradesh,northeast,27.25,92.52,48,break_monsoon,0.5,22.8,4.2,81.0,415.0,768.1,11.9,3.9,15.9,260,9,3,0,27.25,92.52
2026-09-15,2026-09-18,46,West Kameng,Arunachal Pradesh,northeast,27.25,92.52,72,orographic,0.6667,31.9,7.1,80.0,651.3,769.7,15.4,4.4,15.9,261,9,3,0,27.25,92.52
2026-09-15,2026-09-16,47,West Siang,Arunachal Pradesh,northeast,27.6,94.48,24,orographic,0.6667,20.5,8.3,108.0,798.3,936.4,13.6,5.1,22.6,259,9,3,0,27.6,94.48
2026-09-15,2026-09-17,47,West Siang,Arunachal Pradesh,northeast,27.6,94.48,48,western_disturbance,0.6667,8.2,5.2,123.0,392.9,935.2,10.0,4.6,22.2,260,9,3,0,27.6,94.48
2026-09-15,2026-09-18,47,West Siang,Arunachal Pradesh,northeast,27.6,94.48,72,orographic,0.6667,6.3,5.1,112.0,956.3,936.5,15.8,7.1,24.1,261,9,3,0,27.6,94.48
2026-09-15,2026-09-16,45,Upper Subansiri,Arunachal Pradesh,northeast,28.37,93.97,24,western_disturbance,0.6667,15.4,3.6,122.0,31.3,932.7,13.3,3.8,23.8,259,9,3,0,28.37,93.97
2026-09-15,2026-09-17,45,Upper Subansiri,Arunachal Pradesh,northeast,28.37,93.97,48,western_disturbance,0.6667,22.6,3.0,199.0,78.3,931.2,10.6,3.2,23.9,260,9,3,0,28.37,93.97
2026-09-15,2026-09-18,45,Upper Subansiri,Arunachal Pradesh,northeast,28.37,93.97,72,western_disturbance,0.6667,11.7,2.6,189.0,30.8,933.0,9.5,3.9,24.2,261,9,3,0,28.37,93.97
2026-09-15,2026-09-16,42,Siang,Arunachal Pradesh,northeast,28.07,94.98,24,break_monsoon,0.5,45.4,6.2,129.0,679.6,911.0,13.6,5.0,21.9,259,9,3,0,28.07,94.98
2026-09-15,2026-09-17,42,Siang,Arunachal Pradesh,northeast,28.07,94.98,48,break_monsoon,0.5,59.1,5.4,126.0,558.3,909.6,11.1,2.7,21.4,260,9,3,0,28.07,94.98
2026-09-15,2026-09-18,42,Siang,Arunachal Pradesh,northeast,28.07,94.98,72,coastal,0.6667,41.9,6.0,108.0,880.4,911.0,14.5,4.9,22.4,261,9,3,0,28.07,94.98
2026-09-15,2026-09-16,44,Tirap,Arunachal Pradesh,northeast,27.08,95.53,24,orographic,0.6667,10.8,5.4,326.0,1563.3,942.6,17.0,6.1,24.6,259,9,3,0,27.08,95.53
2026-09-15,2026-09-17,44,Tirap,Arunachal Pradesh,northeast,27.08,95.53,48,coastal,0.6667,11.8,6.9,352.0,1154.6,941.4,14.7,5.1,24.1,260,9,3,0,27.08,95.53
2026-09-15,2026-09-18,44,Tirap,Arunachal Pradesh,northeast,27.08,95.53,72,orographic,0.6667,2.0,4.0,39.0,1562.1,942.5,15.2,5.8,24.6,261,9,3,0,27.08,95.53
2026-09-15,2026-09-16,48,Keyi Panyor,Arunachal Pradesh,northeast,27.32,93.98,24,break_monsoon,0.75,8.2,5.5,34.0,774.2,984.6,11.7,4.5,25.6,259,9,3,0,27.32,93.98
2026-09-15,2026-09-17,48,Keyi Panyor,Arunachal Pradesh,northeast,27.32,93.98,48,break_monsoon,0.75,31.0,7.5,191.0,475.0,983.4,11.9,6.2,25.6,260,9,3,0,27.32,93.98
2026-09-15,2026-09-18,48,Keyi Panyor,Arunachal Pradesh,northeast,27.32,93.98,72,break_monsoon,0.75,9.8,7.2,23.0,675.0,984.5,15.3,6.3,26.2,261,9,3,0,27.32,93.98
2026-09-15,2026-09-16,50,Lepa Rada,Arunachal Pradesh,northeast,28.1,94.7,24,break_monsoon,0.75,66.1,5.9,330.0,192.9,951.8,13.1,3.2,22.0,259,9,3,0,28.1,94.7
2026-09-15,2026-09-17,50,Lepa Rada,Arunachal Pradesh,northeast,28.1,94.7,48,break_monsoon,0.75,47.2,5.5,316.0,174.6,950.2,10.8,3.3,22.2,260,9,3,0,28.1,94.7
2026-09-15,2026-09-18,50,Lepa Rada,Arunachal Pradesh,northeast,28.1,94.7,72,western_disturbance,0.6667,80.6,4.6,30.0,471.3,951.5,13.5,6.2,24.2,261,9,3,0,28.1,94.7
2026-09-15,2026-09-16,52,Dibang Valley,Arunachal Pradesh,northeast,28.18,95.83,24,orographic,0.6667,26.0,5.3,243.0,1892.5,949.5,16.1,3.1,23.6,259,9,3,0,28.18,95.83
2026-09-15,2026-09-17,52,Dibang Valley,Arunachal Pradesh,northeast,28.18,95.83,48,western_disturbance,0.6667,28.1,5.3,235.0,816.3,948.3,9.3,2.0,22.8,260,9,3,0,28.18,95.83
2026-09-15,2026-09-18,52,Dibang Valley,Arunachal Pradesh,northeast,28.18,95.83,72,orographic,0.6667,24.3,6.9,272.0,888.8,949.4,17.1,5.8,24.3,261,9,3,0,28.18,95.83
2026-09-15,2026-09-16,51,Pakke Kessang,Arunachal Pradesh,northeast,27.38,93.53,24,break_monsoon,0.5,6.3,9.0,182.0,367.9,836.8,14.3,5.5,18.9,259,9,3,0,27.38,93.53
2026-09-15,2026-09-17,51,Pakke Kessang,Arunachal Pradesh,northeast,27.38,93.53,48,break_monsoon,0.5,7.0,5.4,176.0,647.1,835.4,10.5,3.5,18.1,260,9,3,0,27.38,93.53
2026-09-15,2026-09-18,51,Pakke Kessang,Arunachal Pradesh,northeast,27.38,93.53,72,break_monsoon,0.5,7.6,3.8,155.0,594.6,837.2,11.0,3.8,18.2,261,9,3,0,27.38,93.53
2026-09-15,2026-09-16,53,Baksa,Assam,northeast,26.57,90.87,24,orographic,1.0,20.7,11.1,257.0,1687.5,1002.7,15.3,5.7,26.9,259,9,3,0,26.57,90.87
2026-09-15,2026-09-17,53,Baksa,Assam,northeast,26.57,90.87,48,orographic,1.0,22.8,14.5,267.0,950.0,1001.5,15.4,5.8,26.7,260,9,3,0,26.57,90.87
2026-09-15,2026-09-18,53,Baksa,Assam,northeast,26.57,90.87,72,orographic,1.0,17.7,12.8,25.0,1014.6,1002.7,15.3,6.9,26.9,261,9,3,0,26.57,90.87
2026-09-15,2026-09-16,49,Bichom,Arunachal Pradesh,northeast,27.1,92.3,24,coastal,0.6667,8.2,10.7,227.0,277.1,762.6,14.8,4.1,13.6,259,9,3,0,27.1,92.3
2026-09-15,2026-09-17,49,Bichom,Arunachal Pradesh,northeast,27.1,92.3,48,break_monsoon,0.5,18.9,9.2,219.0,427.9,761.4,12.3,2.1,13.4,260,9,3,0,27.1,92.3
2026-09-15,2026-09-18,49,Bichom,Arunachal Pradesh,northeast,27.1,92.3,72,orographic,1.0,15.7,8.8,202.0,636.7,763.1,16.9,2.9,13.8,261,9,3,0,27.1,92.3
2026-09-15,2026-09-16,56,Bongaigaon,Assam,northeast,26.5,90.57,24,orographic,0.6667,15.8,12.1,256.0,1734.6,1001.6,13.6,5.5,27.1,259,9,3,0,26.5,90.57
2026-09-15,2026-09-17,56,Bongaigaon,Assam,northeast,26.5,90.57,48,orographic,0.6667,17.5,12.0,274.0,964.6,1000.4,14.2,5.7,26.4,260,9,3,0,26.5,90.57
2026-09-15,2026-09-18,56,Bongaigaon,Assam,northeast,26.5,90.57,72,orographic,1.0,19.2,10.2,107.0,1375.0,1001.6,15.8,7.2,26.9,261,9,3,0,26.5,90.57
2026-09-15,2026-09-16,55,Biswanath,Assam,northeast,26.73,93.15,24,orographic,1.0,22.3,9.4,286.0,1202.1,999.5,17.5,6.5,26.6,259,9,3,0,26.73,93.15
2026-09-15,2026-09-17,55,Biswanath,Assam,northeast,26.73,93.15,48,orographic,0.6667,40.4,10.4,261.0,1034.6,998.3,13.6,6.3,26.1,260,9,3,0,26.73,93.15
2026-09-15,2026-09-18,55,Biswanath,Assam,northeast,26.73,93.15,72,orographic,0.6667,13.5,5.6,82.0,1580.4,999.4,18.9,7.1,26.8,261,9,3,0,26.73,93.15
2026-09-15,2026-09-16,54,Barpeta,Assam,northeast,26.32,91.0,24,orographic,1.0,18.6,11.6,255.0,1859.6,1003.6,15.7,6.1,27.2,259,9,3,0,26.32,91.0
2026-09-15,2026-09-17,54,Barpeta,Assam,northeast,26.32,91.0,48,orographic,0.6667,11.4,11.1,282.0,1158.8,1002.4,14.6,6.4,26.6,260,9,3,0,26.32,91.0
2026-09-15,2026-09-18,54,Barpeta,Assam,northeast,26.32,91.0,72,orographic,1.0,11.6,12.0,53.0,1226.7,1003.6,15.7,7.2,27.2,261,9,3,0,26.32,91.0
2026-09-15,2026-09-16,59,Chirang,Assam,northeast,26.47,90.28,24,orographic,0.6667,19.1,15.5,224.0,1766.7,1002.8,14.8,6.5,27.4,259,9,3,0,26.47,90.28
2026-09-15,2026-09-17,59,Chirang,Assam,northeast,26.47,90.28,48,orographic,1.0,25.0,13.4,247.0,1023.8,1001.6,16.1,6.0,26.6,260,9,3,0,26.47,90.28
2026-09-15,2026-09-18,59,Chirang,Assam,northeast,26.47,90.28,72,orographic,0.6667,12.2,11.7,112.0,1124.6,1002.7,14.9,7.1,26.9,261,9,3,0,26.47,90.28
2026-09-15,2026-09-16,60,Darrang,Assam,northeast,26.47,92.08,24,orographic,1.0,6.5,14.2,276.0,1710.0,1000.6,17.0,6.2,27.5,259,9,3,0,26.47,92.08
2026-09-15,2026-09-17,60,Darrang,Assam,northeast,26.47,92.08,48,orographic,1.0,10.6,13.8,257.0,1236.3,999.4,18.6,6.6,27.2,260,9,3,0,26.47,92.08
2026-09-15,2026-09-18,60,Darrang,Assam,northeast,26.47,92.08,72,orographic,0.6667,12.2,7.4,305.0,1220.0,1000.7,17.6,7.0,27.1,261,9,3,0,26.47,92.08
2026-09-15,2026-09-16,57,Cachar,Assam,northeast,24.88,92.78,24,orographic,1.0,17.2,9.5,238.0,1619.6,1007.0,18.4,7.1,27.9,259,9,3,0,24.88,92.78
2026-09-15,2026-09-17,57,Cachar,Assam,northeast,24.88,92.78,48,orographic,1.0,31.0,9.1,238.0,1209.2,1005.9,17.3,6.7,27.4,260,9,3,0,24.88,92.78
2026-09-15,2026-09-18,57,Cachar,Assam,northeast,24.88,92.78,72,orographic,0.6667,3.9,7.9,296.0,1757.9,1006.0,19.6,7.5,28.5,261,9,3,0,24.88,92.78
2026-09-15,2026-09-16,64,Dima Hasao,Assam,northeast,25.47,93.22,24,orographic,1.0,5.2,9.3,252.0,2293.8,981.3,21.0,6.9,27.8,259,9,3,0,25.47,93.22
2026-09-15,2026-09-17,64,Dima Hasao,Assam,northeast,25.47,93.22,48,orographic,1.0,1.9,10.5,232.0,1583.8,980.0,21.1,7.3,27.5,260,9,3,0,25.47,93.22
2026-09-15,2026-09-18,64,Dima Hasao,Assam,northeast,25.47,93.22,72,orographic,1.0,4.0,9.0,46.0,1909.2,981.2,18.4,7.3,27.2,261,9,3,0,25.47,93.22
2026-09-15,2026-09-16,61,Dhemaji,Assam,northeast,27.48,94.58,24,orographic,1.0,38.0,11.7,78.0,993.8,997.4,16.3,5.9,26.1,259,9,3,0,27.48,94.58
2026-09-15,2026-09-17,61,Dhemaji,Assam,northeast,27.48,94.58,48,break_monsoon,0.75,47.6,9.0,97.0,552.9,996.2,11.4,3.0,24.9,260,9,3,0,27.48,94.58
2026-09-15,2026-09-18,61,Dhemaji,Assam,northeast,27.48,94.58,72,orographic,1.0,35.0,9.4,40.0,740.8,997.2,18.1,6.7,26.6,261,9,3,0,27.48,94.58
2026-09-15,2026-09-16,58,Charaideo,Assam,northeast,27.08,95.28,24,orographic,1.0,29.5,10.4,282.0,1633.3,994.6,17.3,6.3,26.2,259,9,3,0,27.08,95.28
2026-09-15,2026-09-17,58,Charaideo,Assam,northeast,27.08,95.28,48,orographic,0.6667,22.8,6.5,353.0,1210.8,993.4,15.9,5.8,26.0,260,9,3,0,27.08,95.28
2026-09-15,2026-09-18,58,Charaideo,Assam,northeast,27.08,95.28,72,orographic,1.0,5.2,8.4,339.0,1916.7,994.4,16.6,5.3,26.5,261,9,3,0,27.08,95.28
2026-09-15,2026-09-16,62,Dhubri,Assam,northeast,26.02,90.0,24,orographic,1.0,17.3,16.3,223.0,2007.1,1005.4,15.2,5.2,27.8,259,9,3,0,26.02,90.0
2026-09-15,2026-09-17,62,Dhubri,Assam,northeast,26.02,90.0,48,orographic,0.6667,24.3,16.0,224.0,1252.5,1004.2,13.0,5.7,27.2,260,9,3,0,26.02,90.0
2026-09-15,2026-09-18,62,Dhubri,Assam,northeast,26.02,90.0,72,orographic,1.0,19.5,9.9,71.0,1447.5,1005.2,15.5,7.3,27.6,261,9,3,0,26.02,90.0
2026-09-15,2026-09-16,63,Dibrugarh,Assam,northeast,27.47,94.9,24,orographic,1.0,26.6,10.1,279.0,1374.2,996.7,16.7,5.0,26.5,259,9,3,0,27.47,94.9
2026-09-15,2026-09-17,63,Dibrugarh,Assam,northeast,27.47,94.9,48,orographic,0.6667,50.2,9.9,12.0,841.3,995.6,13.8,4.7,25.5,260,9,3,0,27.47,94.9
2026-09-15,2026-09-18,63,Dibrugarh,Assam,northeast,27.47,94.9,72,orographic,0.6667,20.0,5.2,255.0,1124.2,996.6,17.9,6.3,26.9,261,9,3,0,27.47,94.9
2026-09-15,2026-09-16,68,Jorhat,Assam,northeast,26.75,94.22,24,orographic,1.0,31.0,12.0,328.0,1524.6,998.3,19.0,6.6,26.7,259,9,3,0,26.75,94.22
2026-09-15,2026-09-17,68,Jorhat,Assam,northeast,26.75,94.22,48,orographic,0.6667,26.0,7.2,35.0,1260.0,997.0,16.7,5.9,26.4,260,9,3,0,26.75,94.22
2026-09-15,2026-09-18,68,Jorhat,Assam,northeast,26.75,94.22,72,orographic,0.6667,16.8,5.7,48.0,1467.1,998.1,18.1,6.5,26.9,261,9,3,0,26.75,94.22
2026-09-15,2026-09-16,70,Kamrup Metropolitan,Assam,northeast,26.14,91.74,24,orographic,1.0,10.2,13.4,263.0,1715.8,1002.2,18.9,6.5,27.4,259,9,3,0,26.14,91.74
2026-09-15,2026-09-17,70,Kamrup Metropolitan,Assam,northeast,26.14,91.74,48,orographic,1.0,7.3,8.3,279.0,1285.4,1000.9,15.7,6.4,26.8,260,9,3,0,26.14,91.74
2026-09-15,2026-09-18,70,Kamrup Metropolitan,Assam,northeast,26.14,91.74,72,orographic,1.0,10.7,8.8,87.0,1109.2,1002.1,15.8,7.6,27.2,261,9,3,0,26.14,91.74
2026-09-15,2026-09-16,71,Karbi Anglong,Assam,northeast,26.28,93.38,24,orographic,1.0,7.4,10.4,227.0,1368.3,904.1,16.9,5.0,23.0,259,9,3,0,26.28,93.38
2026-09-15,2026-09-17,71,Karbi Anglong,Assam,northeast,26.28,93.38,48,orographic,1.0,6.9,12.5,221.0,1026.3,902.9,16.8,6.2,22.7,260,9,3,0,26.28,93.38
2026-09-15,2026-09-18,71,Karbi Anglong,Assam,northeast,26.28,93.38,72,orographic,0.6667,5.7,8.5,230.0,1335.0,904.1,14.3,5.9,23.1,261,9,3,0,26.28,93.38
2026-09-15,2026-09-16,66,Golaghat,Assam,northeast,26.52,93.97,24,orographic,1.0,22.6,11.5,16.0,1831.7,997.6,18.0,6.4,26.8,259,9,3,0,26.52,93.97
2026-09-15,2026-09-17,66,Golaghat,Assam,northeast,26.52,93.97,48,orographic,1.0,13.4,8.2,0.0,1269.6,996.3,16.7,5.9,26.9,260,9,3,0,26.52,93.97
2026-09-15,2026-09-18,66,Golaghat,Assam,northeast,26.52,93.97,72,orographic,0.6667,11.0,6.7,8.0,1662.9,997.4,19.0,6.4,27.2,261,9,3,0,26.52,93.97
2026-09-15,2026-09-16,67,Hailakandi,Assam,northeast,24.68,92.57,24,orographic,1.0,21.6,11.5,240.0,1540.4,1006.9,19.0,6.7,27.8,259,9,3,0,24.68,92.57
2026-09-15,2026-09-17,67,Hailakandi,Assam,northeast,24.68,92.57,48,orographic,1.0,29.2,11.4,134.0,1508.3,1005.8,18.3,6.4,26.9,260,9,3,0,24.68,92.57
2026-09-15,2026-09-18,67,Hailakandi,Assam,northeast,24.68,92.57,72,orographic,0.6667,6.8,7.2,318.0,1677.1,1006.0,19.3,7.3,27.5,261,9,3,0,24.68,92.57
2026-09-15,2026-09-16,65,Goalpara,Assam,northeast,26.17,90.62,24,orographic,1.0,10.3,16.6,249.0,2187.1,1003.6,15.8,5.7,27.4,259,9,3,0,26.17,90.62
2026-09-15,2026-09-17,65,Goalpara,Assam,northeast,26.17,90.62,48,orographic,0.6667,13.3,14.2,264.0,1416.7,1002.4,13.9,5.6,26.9,260,9,3,0,26.17,90.62
2026-09-15,2026-09-18,65,Goalpara,Assam,northeast,26.17,90.62,72,orographic,1.0,8.3,9.6,95.0,1360.0,1003.5,15.3,6.6,27.4,261,9,3,0,26.17,90.62
2026-09-15,2026-09-16,72,Karimganj,Assam,northeast,24.87,92.35,24,orographic,1.0,15.9,11.1,201.0,1702.1,1007.0,19.2,7.0,27.9,259,9,3,0,24.87,92.35
2026-09-15,2026-09-17,72,Karimganj,Assam,northeast,24.87,92.35,48,orographic,0.6667,26.1,7.9,139.0,1408.8,1005.9,17.5,6.3,27.2,260,9,3,0,24.87,92.35
2026-09-15,2026-09-18,72,Karimganj,Assam,northeast,24.87,92.35,72,orographic,1.0,10.4,8.8,51.0,1696.7,1006.1,18.1,7.5,27.9,261,9,3,0,24.87,92.35
2026-09-15,2026-09-16,69,Kamrup,Assam,northeast,26.2,91.58,24,orographic,1.0,13.3,14.9,280.0,1716.3,1002.7,17.7,6.6,27.9,259,9,3,0,26.2,91.58
2026-09-15,2026-09-17,69,Kamrup,Assam,northeast,26.2,91.58,48,orographic,1.0,9.9,13.4,293.0,1178.3,1001.5,15.2,6.5,27.2,260,9,3,0,26.2,91.58
2026-09-15,2026-09-18,69,Kamrup,Assam,northeast,26.2,91.58,72,orographic,0.6667,7.1,7.7,26.0,1278.8,1002.7,16.3,7.1,27.9,261,9,3,0,26.2,91.58
2026-09-15,2026-09-16,78,Nalbari,Assam,northeast,26.43,91.43,24,orographic,1.0,23.4,14.3,261.0,1581.3,1002.3,17.9,6.7,26.9,259,9,3,0,26.43,91.43
2026-09-15,2026-09-17,78,Nalbari,Assam,northeast,26.43,91.43,48,orographic,1.0,9.2,11.1,284.0,1229.2,1000.9,17.8,6.3,27.0,260,9,3,0,26.43,91.43
2026-09-15,2026-09-18,78,Nalbari,Assam,northeast,26.43,91.43,72,orographic,0.6667,14.3,5.9,11.0,1152.9,1002.2,17.3,6.7,27.1,261,9,3,0,26.43,91.43
2026-09-15,2026-09-16,75,Majuli,Assam,northeast,26.95,94.62,24,orographic,1.0,48.3,10.3,272.0,1576.3,998.0,17.6,6.4,26.8,259,9,3,0,26.95,94.62
2026-09-15,2026-09-17,75,Majuli,Assam,northeast,26.95,94.62,48,orographic,1.0,32.9,11.0,321.0,1166.7,996.8,16.5,6.2,26.6,260,9,3,0,26.95,94.62
2026-09-15,2026-09-18,75,Majuli,Assam,northeast,26.95,94.62,72,orographic,0.6667,12.5,6.3,23.0,1410.4,997.8,17.9,6.1,27.1,261,9,3,0,26.95,94.62
2026-09-15,2026-09-16,74,Lakhimpur,Assam,northeast,27.23,94.1,24,orographic,1.0,19.6,10.9,161.0,828.3,997.7,15.2,5.7,26.5,259,9,3,0,27.23,94.1
2026-09-15,2026-09-17,74,Lakhimpur,Assam,northeast,27.23,94.1,48,orographic,0.6667,47.3,11.2,194.0,732.1,996.5,14.2,6.1,26.1,260,9,3,0,27.23,94.1
2026-09-15,2026-09-18,74,Lakhimpur,Assam,northeast,27.23,94.1,72,orographic,1.0,11.7,8.1,42.0,1025.8,997.5,17.7,6.4,26.8,261,9,3,0,27.23,94.1
2026-09-15,2026-09-16,76,Morigaon,Assam,northeast,26.25,92.33,24,orographic,1.0,18.1,16.1,35.0,1642.9,1001.6,16.8,6.1,27.1,259,9,3,0,26.25,92.33
2026-09-15,2026-09-17,76,Morigaon,Assam,northeast,26.25,92.33,48,break_monsoon,0.5,9.9,6.4,309.0,1504.2,1000.3,15.0,5.5,27.1,260,9,3,0,26.25,92.33
2026-09-15,2026-09-18,76,Morigaon,Assam,northeast,26.25,92.33,72,orographic,1.0,14.2,9.6,23.0,1370.4,1001.6,17.0,6.9,27.4,261,9,3,0,26.25,92.33
2026-09-15,2026-09-16,73,Kokrajhar,Assam,northeast,26.4,90.27,24,orographic,0.6667,15.0,14.6,224.0,1814.6,1002.8,14.8,6.3,26.8,259,9,3,0,26.4,90.27
2026-09-15,2026-09-17,73,Kokrajhar,Assam,northeast,26.4,90.27,48,orographic,1.0,25.1,12.5,255.0,1114.2,1001.6,16.1,5.8,26.3,260,9,3,0,26.4,90.27
2026-09-15,2026-09-18,73,Kokrajhar,Assam,northeast,26.4,90.27,72,orographic,0.6667,10.2,11.8,105.0,1212.9,1002.7,14.8,6.9,26.6,261,9,3,0,26.4,90.27
2026-09-15,2026-09-16,77,Nagaon,Assam,northeast,26.35,92.68,24,orographic,1.0,13.2,9.4,334.0,1603.8,1000.9,16.7,6.2,26.8,259,9,3,0,26.35,92.68
2026-09-15,2026-09-17,77,Nagaon,Assam,northeast,26.35,92.68,48,orographic,1.0,11.8,8.3,352.0,1424.2,999.7,16.4,6.3,26.9,260,9,3,0,26.35,92.68
2026-09-15,2026-09-18,77,Nagaon,Assam,northeast,26.35,92.68,72,orographic,0.6667,6.9,7.7,13.0,1189.2,1000.8,17.0,7.0,27.2,261,9,3,0,26.35,92.68
2026-09-15,2026-09-16,80,Sonitpur,Assam,northeast,26.72,92.83,24,orographic,0.6667,20.8,11.4,184.0,1231.7,1000.2,13.9,5.7,26.6,259,9,3,0,26.72,92.83
2026-09-15,2026-09-17,80,Sonitpur,Assam,northeast,26.72,92.83,48,orographic,0.6667,28.8,11.8,215.0,1037.9,998.9,12.0,5.4,25.9,260,9,3,0,26.72,92.83
2026-09-15,2026-09-18,80,Sonitpur,Assam,northeast,26.72,92.83,72,orographic,1.0,17.1,8.5,64.0,1035.0,1000.1,17.6,7.1,26.9,261,9,3,0,26.72,92.83
2026-09-15,2026-09-16,79,Sivasagar,Assam,northeast,26.98,94.63,24,orographic,1.0,48.3,10.3,272.0,1576.3,997.7,17.6,6.4,26.8,259,9,3,0,26.98,94.63
2026-09-15,2026-09-17,79,Sivasagar,Assam,northeast,26.98,94.63,48,orographic,1.0,32.9,11.0,321.0,1166.7,996.5,16.5,6.2,26.6,260,9,3,0,26.98,94.63
2026-09-15,2026-09-18,79,Sivasagar,Assam,northeast,26.98,94.63,72,orographic,0.6667,12.5,6.3,23.0,1410.4,997.5,17.9,6.1,27.1,261,9,3,0,26.98,94.63
2026-09-15,2026-09-16,85,Tamulpur,Assam,northeast,26.65,91.1,24,orographic,1.0,20.0,11.9,208.0,1540.0,1002.1,16.0,6.2,27.2,259,9,3,0,26.65,91.1
2026-09-15,2026-09-17,85,Tamulpur,Assam,northeast,26.65,91.1,48,orographic,1.0,19.7,10.9,257.0,736.7,1000.9,16.6,6.7,26.8,260,9,3,0,26.65,91.1
2026-09-15,2026-09-18,85,Tamulpur,Assam,northeast,26.65,91.1,72,orographic,1.0,20.1,9.8,338.0,1045.0,1002.1,16.3,7.1,27.4,261,9,3,0,26.65,91.1
2026-09-15,2026-09-16,82,Tinsukia,Assam,northeast,27.5,95.37,24,orographic,1.0,26.1,10.2,289.0,1939.6,994.9,16.0,6.2,26.5,259,9,3,0,27.5,95.37
2026-09-15,2026-09-17,82,Tinsukia,Assam,northeast,27.5,95.37,48,orographic,1.0,44.4,10.6,337.0,1224.6,993.8,15.7,5.3,25.9,260,9,3,0,27.5,95.37
2026-09-15,2026-09-18,82,Tinsukia,Assam,northeast,27.5,95.37,72,orographic,1.0,4.7,10.3,314.0,1498.3,994.7,18.6,7.0,26.9,261,9,3,0,27.5,95.37
2026-09-15,2026-09-16,88,Araria,Bihar,east,26.15,87.52,24,orographic,1.0,6.6,17.0,245.0,2716.7,1002.0,16.0,6.2,27.7,259,9,3,0,26.15,87.52
2026-09-15,2026-09-17,88,Araria,Bihar,east,26.15,87.52,48,orographic,0.6667,10.0,9.6,222.0,1728.8,1000.4,14.8,6.1,26.6,260,9,3,0,26.15,87.52
2026-09-15,2026-09-18,88,Araria,Bihar,east,26.15,87.52,72,orographic,0.6667,3.5,10.8,84.0,1419.2,1001.5,13.1,6.1,27.4,261,9,3,0,26.15,87.52
2026-09-15,2026-09-16,83,Udalguri,Assam,northeast,26.75,92.1,24,orographic,0.6667,11.1,20.3,222.0,1376.7,995.4,15.2,6.6,26.8,259,9,3,0,26.75,92.1
2026-09-15,2026-09-17,83,Udalguri,Assam,northeast,26.75,92.1,48,orographic,1.0,13.3,15.2,252.0,1083.3,994.0,17.0,6.4,26.7,260,9,3,0,26.75,92.1
2026-09-15,2026-09-18,83,Udalguri,Assam,northeast,26.75,92.1,72,orographic,1.0,26.0,8.2,74.0,971.3,995.5,17.9,6.9,27.1,261,9,3,0,26.75,92.1
2026-09-15,2026-09-16,86,Hojai,Assam,northeast,26.0,92.85,24,orographic,1.0,5.1,9.6,308.0,2264.6,999.6,17.5,5.3,28.0,259,9,3,0,26.0,92.85
2026-09-15,2026-09-17,86,Hojai,Assam,northeast,26.0,92.85,48,orographic,1.0,17.1,10.0,23.0,1830.4,998.4,16.9,6.0,27.9,260,9,3,0,26.0,92.85
2026-09-15,2026-09-18,86,Hojai,Assam,northeast,26.0,92.85,72,orographic,0.6667,4.3,6.1,307.0,2063.8,999.5,16.2,6.0,28.1,261,9,3,0,26.0,92.85
2026-09-15,2026-09-16,81,South Salmara-Mankachar,Assam,northeast,25.83,90.23,24,orographic,1.0,14.6,12.2,226.0,2151.7,990.3,17.2,5.8,26.6,259,9,3,0,25.83,90.23
2026-09-15,2026-09-17,81,South Salmara-Mankachar,Assam,northeast,25.83,90.23,48,orographic,1.0,8.4,12.4,223.0,1462.9,988.9,16.8,6.2,26.2,260,9,3,0,25.83,90.23
2026-09-15,2026-09-18,81,South Salmara-Mankachar,Assam,northeast,25.83,90.23,72,orographic,0.3333,9.7,7.9,62.0,1582.1,990.0,14.6,6.1,26.6,261,9,3,0,25.83,90.23
2026-09-15,2026-09-16,84,West Karbi Anglong,Assam,northeast,26.1,93.0,24,orographic,1.0,9.4,10.5,245.0,2018.3,1000.0,18.1,5.5,27.9,259,9,3,0,26.1,93.0
2026-09-15,2026-09-17,84,West Karbi Anglong,Assam,northeast,26.1,93.0,48,orographic,0.6667,13.9,6.8,67.0,1713.3,998.7,17.9,6.6,26.9,260,9,3,0,26.1,93.0
2026-09-15,2026-09-18,84,West Karbi Anglong,Assam,northeast,26.1,93.0,72,orographic,0.6667,1.5,5.2,61.0,1976.7,999.9,17.1,5.8,27.5,261,9,3,0,26.1,93.0
2026-09-15,2026-09-16,87,Bajali,Assam,northeast,26.45,90.72,24,orographic,0.6667,16.2,11.5,255.0,1642.5,1003.2,13.5,5.5,27.1,259,9,3,0,26.45,90.72
2026-09-15,2026-09-17,87,Bajali,Assam,northeast,26.45,90.72,48,western_disturbance,1.0,28.1,15.2,275.0,979.2,1002.1,13.9,5.7,26.5,260,9,3,0,26.45,90.72
2026-09-15,2026-09-18,87,Bajali,Assam,northeast,26.45,90.72,72,orographic,1.0,18.4,12.3,78.0,1130.8,1003.2,15.5,7.6,27.1,261,9,3,0,26.45,90.72
2026-09-15,2026-09-16,92,Begusarai,Bihar,east,25.42,86.13,24,orographic,1.0,2.5,9.6,255.0,3065.8,1003.1,17.4,5.3,29.0,259,9,3,0,25.42,86.13
2026-09-15,2026-09-17,92,Begusarai,Bihar,east,25.42,86.13,48,orographic,0.6667,4.3,8.7,256.0,2093.3,1001.3,14.7,5.1,28.1,260,9,3,0,25.42,86.13
2026-09-15,2026-09-18,92,Begusarai,Bihar,east,25.42,86.13,72,orographic,0.3333,4.9,6.0,67.0,2385.0,1002.2,15.0,6.3,27.6,261,9,3,0,25.42,86.13
2026-09-15,2026-09-16,95,Buxar,Bihar,east,25.57,83.98,24,orographic,1.0,10.3,14.6,239.0,2605.8,1001.1,16.4,5.8,28.1,259,9,3,0,25.57,83.98
2026-09-15,2026-09-17,95,Buxar,Bihar,east,25.57,83.98,48,orographic,1.0,3.9,10.8,243.0,2433.3,999.0,15.4,6.2,27.9,260,9,3,0,25.57,83.98
2026-09-15,2026-09-18,95,Buxar,Bihar,east,25.57,83.98,72,orographic,0.6667,1.7,7.4,244.0,3140.8,999.8,15.1,5.6,28.1,261,9,3,0,25.57,83.98
2026-09-15,2026-09-16,93,Bhagalpur,Bihar,east,25.25,86.98,24,orographic,1.0,8.1,11.4,231.0,2942.1,1002.4,16.9,6.0,28.7,259,9,3,0,25.25,86.98
2026-09-15,2026-09-17,93,Bhagalpur,Bihar,east,25.25,86.98,48,orographic,1.0,8.0,9.0,226.0,2063.3,1000.7,15.3,6.0,27.9,260,9,3,0,25.25,86.98
2026-09-15,2026-09-18,93,Bhagalpur,Bihar,east,25.25,86.98,72,orographic,0.6667,2.6,9.1,89.0,2248.3,1001.5,14.5,6.4,28.1,261,9,3,0,25.25,86.98
2026-09-15,2026-09-16,89,Arwal,Bihar,east,25.25,84.67,24,orographic,1.0,7.4,11.0,249.0,2958.3,999.9,16.8,6.2,28.2,259,9,3,0,25.25,84.67
2026-09-15,2026-09-17,89,Arwal,Bihar,east,25.25,84.67,48,orographic,1.0,5.7,13.7,255.0,2421.7,998.0,17.9,5.8,27.6,260,9,3,0,25.25,84.67
2026-09-15,2026-09-18,89,Arwal,Bihar,east,25.25,84.67,72,orographic,0.6667,1.9,9.4,270.0,3147.5,998.8,13.9,5.0,27.9,261,9,3,0,25.25,84.67
2026-09-15,2026-09-16,90,Aurangabad,Bihar,east,24.75,84.37,24,orographic,1.0,15.5,17.9,248.0,2625.4,995.6,18.5,7.4,27.7,259,9,3,0,24.75,84.37
2026-09-15,2026-09-17,90,Aurangabad,Bihar,east,24.75,84.37,48,orographic,1.0,3.7,11.0,255.0,2372.9,993.7,18.6,5.6,27.7,260,9,3,0,24.75,84.37
2026-09-15,2026-09-18,90,Aurangabad,Bihar,east,24.75,84.37,72,orographic,1.0,1.9,12.1,257.0,3054.2,994.4,17.4,5.9,27.8,261,9,3,0,24.75,84.37
2026-09-15,2026-09-16,91,Banka,Bihar,east,24.88,86.92,24,orographic,1.0,6.1,12.0,229.0,2999.6,999.0,18.4,6.2,28.5,259,9,3,0,24.88,86.92
2026-09-15,2026-09-17,91,Banka,Bihar,east,24.88,86.92,48,orographic,1.0,6.0,11.8,245.0,2085.8,997.4,15.6,5.7,27.6,260,9,3,0,24.88,86.92
2026-09-15,2026-09-18,91,Banka,Bihar,east,24.88,86.92,72,orographic,1.0,2.7,12.0,315.0,2202.9,998.1,16.9,5.9,27.9,261,9,3,0,24.88,86.92
2026-09-15,2026-09-16,94,Bhojpur,Bihar,east,25.5,84.88,24,orographic,1.0,6.0,14.0,249.0,2939.6,1001.7,17.1,5.8,28.2,259,9,3,0,25.5,84.88
2026-09-15,2026-09-17,94,Bhojpur,Bihar,east,25.5,84.88,48,orographic,1.0,5.8,11.2,251.0,2387.1,999.7,16.7,5.9,27.6,260,9,3,0,25.5,84.88
2026-09-15,2026-09-18,94,Bhojpur,Bihar,east,25.5,84.88,72,coastal,0.6667,1.1,7.8,219.0,2909.6,1000.5,11.2,5.0,27.9,261,9,3,0,25.5,84.88
2026-09-15,2026-09-16,96,Darbhanga,Bihar,east,26.15,86.1,24,orographic,0.6667,15.5,8.6,305.0,2533.3,1002.7,13.1,3.7,27.2,259,9,3,0,26.15,86.1
2026-09-15,2026-09-17,96,Darbhanga,Bihar,east,26.15,86.1,48,orographic,0.6667,8.1,8.4,217.0,2069.2,1000.8,14.8,5.9,27.4,260,9,3,0,26.15,86.1
2026-09-15,2026-09-18,96,Darbhanga,Bihar,east,26.15,86.1,72,orographic,1.0,4.6,9.1,116.0,2180.0,1001.9,15.3,6.9,27.1,261,9,3,0,26.15,86.1
2026-09-15,2026-09-16,97,East Champaran,Bihar,east,26.63,84.72,24,orographic,1.0,9.2,9.7,269.0,2575.0,1000.2,15.9,6.0,27.4,259,9,3,0,26.63,84.72
2026-09-15,2026-09-17,97,East Champaran,Bihar,east,26.63,84.72,48,orographic,0.6667,1.6,6.6,246.0,2486.3,998.1,16.1,6.2,27.5,260,9,3,0,26.63,84.72
2026-09-15,2026-09-18,97,East Champaran,Bihar,east,26.63,84.72,72,orographic,1.0,2.1,11.5,116.0,2402.1,999.2,16.4,5.9,27.9,261,9,3,0,26.63,84.72
2026-09-15,2026-09-16,99,Gopalganj,Bihar,east,26.47,84.43,24,orographic,1.0,6.0,9.3,271.0,2853.3,1000.5,15.1,4.8,27.5,259,9,3,0,26.47,84.43
2026-09-15,2026-09-17,99,Gopalganj,Bihar,east,26.47,84.43,48,orographic,1.0,2.5,9.0,246.0,2306.7,998.4,16.9,6.2,27.6,260,9,3,0,26.47,84.43
2026-09-15,2026-09-18,99,Gopalganj,Bihar,east,26.47,84.43,72,orographic,1.0,2.5,10.3,258.0,2619.6,999.4,16.6,6.2,28.0,261,9,3,0,26.47,84.43
2026-09-15,2026-09-16,98,Gaya,Bihar,east,24.78,85.0,24,orographic,1.0,3.6,11.7,251.0,2882.9,991.2,20.5,6.9,28.4,259,9,3,0,24.78,85.0
2026-09-15,2026-09-17,98,Gaya,Bihar,east,24.78,85.0,48,orographic,1.0,3.7,9.7,253.0,2269.2,989.4,16.9,5.3,27.6,260,9,3,0,24.78,85.0
2026-09-15,2026-09-18,98,Gaya,Bihar,east,24.78,85.0,72,orographic,1.0,3.1,8.8,268.0,2683.8,990.1,16.4,5.6,28.1,261,9,3,0,24.78,85.0
2026-09-15,2026-09-16,102,Katihar,Bihar,east,25.53,87.58,24,orographic,1.0,9.0,13.3,263.0,2806.3,1004.4,18.5,6.4,28.3,259,9,3,0,25.53,87.58
2026-09-15,2026-09-17,102,Katihar,Bihar,east,25.53,87.58,48,orographic,0.6667,6.3,15.7,227.0,1892.1,1002.8,12.7,6.1,27.4,260,9,3,0,25.53,87.58
2026-09-15,2026-09-18,102,Katihar,Bihar,east,25.53,87.58,72,orographic,0.6667,5.0,7.6,103.0,1899.6,1003.7,15.9,6.3,27.4,261,9,3,0,25.53,87.58
2026-09-15,2026-09-16,104,Kishanganj,Bihar,east,26.1,87.95,24,orographic,1.0,7.8,12.5,244.0,2571.3,1002.4,16.4,6.1,28.1,259,9,3,0,26.1,87.95
2026-09-15,2026-09-17,104,Kishanganj,Bihar,east,26.1,87.95,48,orographic,1.0,10.7,10.3,217.0,1667.5,1000.9,16.0,6.3,27.1,260,9,3,0,26.1,87.95
2026-09-15,2026-09-18,104,Kishanganj,Bihar,east,26.1,87.95,72,orographic,0.6667,5.9,9.9,86.0,1418.8,1002.0,12.5,6.8,27.6,261,9,3,0,26.1,87.95
2026-09-15,2026-09-16,101,Kaimur,Bihar,east,25.05,83.57,24,orographic,1.0,14.2,10.3,256.0,2311.7,999.5,18.8,6.3,27.6,259,9,3,0,25.05,83.57
2026-09-15,2026-09-17,101,Kaimur,Bihar,east,25.05,83.57,48,orographic,1.0,3.2,12.6,260.0,2307.9,997.4,17.9,5.8,27.6,260,9,3,0,25.05,83.57
2026-09-15,2026-09-18,101,Kaimur,Bihar,east,25.05,83.57,72,orographic,1.0,1.4,12.7,271.0,2832.1,998.2,18.1,5.9,27.9,261,9,3,0,25.05,83.57
2026-09-15,2026-09-16,100,Jamui,Bihar,east,24.92,86.22,24,orographic,1.0,3.7,8.5,274.0,2807.5,998.8,18.4,6.0,28.7,259,9,3,0,24.92,86.22
2026-09-15,2026-09-17,100,Jamui,Bihar,east,24.92,86.22,48,orographic,1.0,3.7,9.8,272.0,2295.0,997.1,16.2,5.5,27.9,260,9,3,0,24.92,86.22
2026-09-15,2026-09-18,100,Jamui,Bihar,east,24.92,86.22,72,orographic,1.0,4.2,8.6,323.0,2298.3,997.9,18.1,7.2,27.6,261,9,3,0,24.92,86.22
2026-09-15,2026-09-16,103,Khagaria,Bihar,east,25.5,86.48,24,orographic,1.0,5.6,10.3,270.0,3218.8,1004.5,15.5,6.0,28.5,259,9,3,0,25.5,86.48
2026-09-15,2026-09-17,103,Khagaria,Bihar,east,25.5,86.48,48,orographic,1.0,4.1,9.7,245.0,2051.3,1002.7,15.1,5.8,28.4,260,9,3,0,25.5,86.48
2026-09-15,2026-09-18,103,Khagaria,Bihar,east,25.5,86.48,72,orographic,0.6667,1.9,7.2,36.0,2298.8,1003.7,15.1,6.5,28.2,261,9,3,0,25.5,86.48
2026-09-15,2026-09-16,107,Madhubani,Bihar,east,26.37,86.07,24,coastal,1.0,13.3,11.7,278.0,2348.8,1001.0,15.0,5.9,27.4,259,9,3,0,26.37,86.07
2026-09-15,2026-09-17,107,Madhubani,Bihar,east,26.37,86.07,48,orographic,1.0,9.2,13.0,249.0,1692.9,999.1,16.1,7.4,27.2,260,9,3,0,26.37,86.07
2026-09-15,2026-09-18,107,Madhubani,Bihar,east,26.37,86.07,72,orographic,0.6667,2.2,10.8,109.0,1970.4,1000.2,14.8,5.5,27.4,261,9,3,0,26.37,86.07
2026-09-15,2026-09-16,108,Munger,Bihar,east,25.38,86.47,24,orographic,1.0,8.7,11.5,264.0,2983.3,1002.4,16.2,6.1,28.9,259,9,3,0,25.38,86.47
2026-09-15,2026-09-17,108,Munger,Bihar,east,25.38,86.47,48,orographic,0.6667,3.0,9.8,243.0,2138.3,1000.6,14.8,6.0,28.3,260,9,3,0,25.38,86.47
2026-09-15,2026-09-18,108,Munger,Bihar,east,25.38,86.47,72,orographic,0.3333,3.6,6.0,27.0,2343.3,1001.6,14.8,6.0,28.6,261,9,3,0,25.38,86.47
2026-09-15,2026-09-16,105,Lakhisarai,Bihar,east,25.17,86.1,24,orographic,1.0,2.9,10.3,236.0,2916.7,1003.1,17.6,6.1,28.9,259,9,3,0,25.17,86.1
2026-09-15,2026-09-17,105,Lakhisarai,Bihar,east,25.17,86.1,48,orographic,1.0,6.9,8.3,243.0,2295.4,1001.4,15.1,6.2,28.1,260,9,3,0,25.17,86.1
2026-09-15,2026-09-18,105,Lakhisarai,Bihar,east,25.17,86.1,72,orographic,1.0,5.9,9.2,220.0,2339.6,1002.2,16.0,7.2,28.1,261,9,3,0,25.17,86.1
2026-09-15,2026-09-16,111,Nawada,Bihar,east,24.88,85.53,24,orographic,1.0,6.6,9.9,243.0,2878.3,998.4,20.1,5.7,29.0,259,9,3,0,24.88,85.53
2026-09-15,2026-09-17,111,Nawada,Bihar,east,24.88,85.53,48,orographic,1.0,6.6,10.3,243.0,2213.3,996.6,15.3,6.1,27.6,260,9,3,0,24.88,85.53
2026-09-15,2026-09-18,111,Nawada,Bihar,east,24.88,85.53,72,orographic,0.6667,6.1,9.1,208.0,2581.3,997.4,14.6,6.4,27.5,261,9,3,0,24.88,85.53
2026-09-15,2026-09-16,106,Madhepura,Bihar,east,25.92,86.82,24,orographic,1.0,13.2,12.8,269.0,2505.8,1003.1,17.1,6.4,27.9,259,9,3,0,25.92,86.82
2026-09-15,2026-09-17,106,Madhepura,Bihar,east,25.92,86.82,48,orographic,0.6667,11.9,7.0,236.0,1992.9,1001.3,15.5,6.5,27.1,260,9,3,0,25.92,86.82
2026-09-15,2026-09-18,106,Madhepura,Bihar,east,25.92,86.82,72,orographic,1.0,2.6,8.1,89.0,1753.8,1002.3,16.0,7.2,27.8,261,9,3,0,25.92,86.82
2026-09-15,2026-09-16,109,Muzaffarpur,Bihar,east,26.12,85.37,24,orographic,1.0,3.2,11.8,263.0,3078.8,1001.4,17.8,5.4,28.6,259,9,3,0,26.12,85.37
2026-09-15,2026-09-17,109,Muzaffarpur,Bihar,east,26.12,85.37,48,orographic,1.0,4.5,11.0,260.0,2383.3,999.5,17.2,5.7,27.6,260,9,3,0,26.12,85.37
2026-09-15,2026-09-18,109,Muzaffarpur,Bihar,east,26.12,85.37,72,orographic,0.3333,4.8,6.7,130.0,2144.6,1000.6,14.4,6.2,27.8,261,9,3,0,26.12,85.37
2026-09-15,2026-09-16,110,Nalanda,Bihar,east,25.2,85.52,24,orographic,1.0,5.6,12.1,246.0,3264.2,1001.4,19.2,5.4,29.0,259,9,3,0,25.2,85.52
2026-09-15,2026-09-17,110,Nalanda,Bihar,east,25.2,85.52,48,orographic,1.0,5.7,9.6,259.0,2301.7,999.6,17.8,5.5,28.1,260,9,3,0,25.2,85.52
2026-09-15,2026-09-18,110,Nalanda,Bihar,east,25.2,85.52,72,orographic,0.6667,2.5,6.4,235.0,2667.9,1000.5,16.1,5.9,28.1,261,9,3,0,25.2,85.52
2026-09-15,2026-09-16,112,Patna,Bihar,east,25.6,85.13,24,orographic,1.0,5.2,10.8,248.0,3137.5,1002.0,16.3,5.4,28.8,259,9,3,0,25.6,85.13
2026-09-15,2026-09-17,112,Patna,Bihar,east,25.6,85.13,48,orographic,1.0,6.5,9.2,247.0,2222.9,1000.1,15.6,6.5,28.1,260,9,3,0,25.6,85.13
2026-09-15,2026-09-18,112,Patna,Bihar,east,25.6,85.13,72,orographic,0.6667,3.2,8.5,191.0,2870.8,1001.0,12.2,5.2,27.9,261,9,3,0,25.6,85.13
2026-09-15,2026-09-16,116,Samastipur,Bihar,east,25.87,85.78,24,orographic,1.0,6.3,10.9,247.0,3138.8,1002.6,16.9,5.3,28.5,259,9,3,0,25.87,85.78
2026-09-15,2026-09-17,116,Samastipur,Bihar,east,25.87,85.78,48,orographic,1.0,7.0,8.4,251.0,2247.9,1000.8,15.5,6.4,27.5,260,9,3,0,25.87,85.78
2026-09-15,2026-09-18,116,Samastipur,Bihar,east,25.87,85.78,72,coastal,0.6667,4.7,6.3,97.0,2672.9,1001.8,14.6,6.0,27.6,261,9,3,0,25.87,85.78
2026-09-15,2026-09-16,115,Saharsa,Bihar,east,25.88,86.6,24,orographic,1.0,13.0,12.3,294.0,2451.3,1003.0,15.5,5.7,28.0,259,9,3,0,25.88,86.6
2026-09-15,2026-09-17,115,Saharsa,Bihar,east,25.88,86.6,48,orographic,0.6667,7.3,10.4,237.0,2002.9,1001.2,14.9,6.6,27.1,260,9,3,0,25.88,86.6
2026-09-15,2026-09-18,115,Saharsa,Bihar,east,25.88,86.6,72,orographic,1.0,2.1,9.8,88.0,2026.7,1002.2,15.4,7.0,27.5,261,9,3,0,25.88,86.6
2026-09-15,2026-09-16,114,Rohtas,Bihar,east,24.98,83.88,24,orographic,1.0,13.9,13.6,245.0,2249.2,998.3,18.0,6.9,27.8,259,9,3,0,24.98,83.88
2026-09-15,2026-09-17,114,Rohtas,Bihar,east,24.98,83.88,48,orographic,1.0,4.3,11.2,265.0,2410.8,996.2,18.0,5.3,27.6,260,9,3,0,24.98,83.88
2026-09-15,2026-09-18,114,Rohtas,Bihar,east,24.98,83.88,72,orographic,1.0,1.6,9.9,273.0,2896.3,997.0,18.2,5.6,27.7,261,9,3,0,24.98,83.88
2026-09-15,2026-09-16,113,Purnia,Bihar,east,25.77,87.47,24,orographic,1.0,10.3,10.6,255.0,2752.1,1003.3,18.3,6.7,28.1,259,9,3,0,25.77,87.47
2026-09-15,2026-09-17,113,Purnia,Bihar,east,25.77,87.47,48,break_monsoon,0.5,9.5,6.7,246.0,1818.3,1001.6,13.1,5.8,27.4,260,9,3,0,25.77,87.47
2026-09-15,2026-09-18,113,Purnia,Bihar,east,25.77,87.47,72,orographic,0.6667,4.5,10.6,86.0,1861.7,1002.6,14.7,6.4,27.4,261,9,3,0,25.77,87.47
2026-09-15,2026-09-16,118,Sheikhpura,Bihar,east,25.13,85.85,24,orographic,1.0,3.1,9.9,244.0,2940.8,1002.5,18.5,5.7,29.0,259,9,3,0,25.13,85.85
2026-09-15,2026-09-17,118,Sheikhpura,Bihar,east,25.13,85.85,48,orographic,1.0,3.9,10.2,257.0,2297.1,1000.7,17.6,5.7,28.0,260,9,3,0,25.13,85.85
2026-09-15,2026-09-18,118,Sheikhpura,Bihar,east,25.13,85.85,72,orographic,1.0,4.1,10.6,235.0,2612.9,1001.6,16.9,6.6,27.5,261,9,3,0,25.13,85.85
2026-09-15,2026-09-16,119,Sheohar,Bihar,east,26.52,85.3,24,coastal,1.0,4.4,10.6,269.0,2815.4,1001.2,12.9,4.9,28.1,259,9,3,0,26.52,85.3
2026-09-15,2026-09-17,119,Sheohar,Bihar,east,26.52,85.3,48,orographic,1.0,3.4,8.3,245.0,2095.4,999.2,15.6,5.8,27.5,260,9,3,0,26.52,85.3
2026-09-15,2026-09-18,119,Sheohar,Bihar,east,26.52,85.3,72,orographic,1.0,2.4,11.8,113.0,2031.3,1000.3,16.0,6.4,27.5,261,9,3,0,26.52,85.3
2026-09-15,2026-09-16,117,Saran,Bihar,east,26.08,84.77,24,orographic,1.0,4.2,11.5,253.0,2897.5,1001.8,19.1,5.5,28.6,259,9,3,0,26.08,84.77
2026-09-15,2026-09-17,117,Saran,Bihar,east,26.08,84.77,48,orographic,1.0,5.0,9.7,253.0,2360.0,999.8,16.0,6.3,27.5,260,9,3,0,26.08,84.77
2026-09-15,2026-09-18,117,Saran,Bihar,east,26.08,84.77,72,orographic,0.6667,3.6,5.0,232.0,3018.3,1000.8,15.2,5.4,28.1,261,9,3,0,26.08,84.77
2026-09-15,2026-09-16,120,Sitamarhi,Bihar,east,26.6,85.48,24,coastal,1.0,9.5,13.2,259.0,2824.6,1000.7,14.4,5.2,28.2,259,9,3,0,26.6,85.48
2026-09-15,2026-09-17,120,Sitamarhi,Bihar,east,26.6,85.48,48,orographic,1.0,3.5,11.9,241.0,2205.8,998.7,16.5,6.1,27.9,260,9,3,0,26.6,85.48
2026-09-15,2026-09-18,120,Sitamarhi,Bihar,east,26.6,85.48,72,orographic,1.0,4.8,12.7,115.0,2246.7,999.9,15.9,6.5,27.6,261,9,3,0,26.6,85.48
2026-09-15,2026-09-16,128,Balrampur,Chhattisgarh,central,23.08,82.35,24,orographic,1.0,2.3,11.5,281.0,1917.9,960.0,19.8,7.6,26.6,259,9,3,0,23.08,82.35
2026-09-15,2026-09-17,128,Balrampur,Chhattisgarh,central,23.08,82.35,48,orographic,1.0,4.3,16.1,285.0,2007.5,958.3,18.4,6.0,25.9,260,9,3,0,23.08,82.35
2026-09-15,2026-09-18,128,Balrampur,Chhattisgarh,central,23.08,82.35,72,orographic,1.0,4.0,14.4,304.0,2177.1,958.7,20.1,7.7,26.5,261,9,3,0,23.08,82.35
2026-09-15,2026-09-16,122,Supaul,Bihar,east,26.23,86.73,24,orographic,1.0,7.4,14.4,258.0,2492.5,1001.7,17.6,5.7,28.0,259,9,3,0,26.23,86.73
2026-09-15,2026-09-17,122,Supaul,Bihar,east,26.23,86.73,48,orographic,1.0,9.7,12.7,237.0,1763.8,999.9,16.9,5.9,27.4,260,9,3,0,26.23,86.73
2026-09-15,2026-09-18,122,Supaul,Bihar,east,26.23,86.73,72,orographic,1.0,4.7,11.1,104.0,1946.7,1001.1,16.0,6.2,27.3,261,9,3,0,26.23,86.73
2026-09-15,2026-09-16,123,Vaishali,Bihar,east,25.98,85.27,24,orographic,1.0,4.0,10.5,258.0,3160.8,1002.4,18.3,5.7,28.6,259,9,3,0,25.98,85.27
2026-09-15,2026-09-17,123,Vaishali,Bihar,east,25.98,85.27,48,orographic,1.0,5.2,9.4,256.0,2368.3,1000.5,16.8,5.9,27.6,260,9,3,0,25.98,85.27
2026-09-15,2026-09-18,123,Vaishali,Bihar,east,25.98,85.27,72,orographic,0.3333,6.5,5.5,109.0,2566.7,1001.5,13.3,5.4,27.7,261,9,3,0,25.98,85.27
2026-09-15,2026-09-16,124,West Champaran,Bihar,east,27.0,84.25,24,orographic,1.0,5.9,10.8,269.0,2388.8,998.8,16.2,6.3,27.5,259,9,3,0,27.0,84.25
2026-09-15,2026-09-17,124,West Champaran,Bihar,east,27.0,84.25,48,orographic,1.0,1.4,10.8,266.0,2025.0,996.6,15.7,7.3,27.5,260,9,3,0,27.0,84.25
2026-09-15,2026-09-18,124,West Champaran,Bihar,east,27.0,84.25,72,orographic,1.0,1.3,11.8,102.0,2382.1,997.7,16.2,6.0,27.7,261,9,3,0,27.0,84.25
2026-09-15,2026-09-16,127,Baloda Bazar,Chhattisgarh,central,21.62,82.17,24,orographic,1.0,2.5,11.2,253.0,2710.0,982.2,20.7,6.8,27.4,259,9,3,0,21.62,82.17
2026-09-15,2026-09-17,127,Baloda Bazar,Chhattisgarh,central,21.62,82.17,48,orographic,1.0,5.0,10.4,257.0,3172.9,980.5,19.9,6.2,28.0,260,9,3,0,21.62,82.17
2026-09-15,2026-09-18,127,Baloda Bazar,Chhattisgarh,central,21.62,82.17,72,orographic,1.0,3.9,10.4,236.0,2852.5,980.8,20.1,7.3,27.4,261,9,3,0,21.62,82.17
2026-09-15,2026-09-16,125,Nawada,Bihar,east,24.88,85.53,24,orographic,1.0,6.6,9.9,243.0,2878.3,998.4,20.1,5.7,29.0,259,9,3,0,24.88,85.53
2026-09-15,2026-09-17,125,Nawada,Bihar,east,24.88,85.53,48,orographic,1.0,6.6,10.3,243.0,2213.3,996.6,15.3,6.1,27.6,260,9,3,0,24.88,85.53
2026-09-15,2026-09-18,125,Nawada,Bihar,east,24.88,85.53,72,orographic,0.6667,6.1,9.1,208.0,2581.3,997.4,14.6,6.4,27.5,261,9,3,0,24.88,85.53
2026-09-15,2026-09-16,126,Balod,Chhattisgarh,central,21.2,80.77,24,orographic,1.0,0.3,10.6,286.0,2211.7,970.4,21.6,7.4,26.9,259,9,3,0,21.2,80.77
2026-09-15,2026-09-17,126,Balod,Chhattisgarh,central,21.2,80.77,48,orographic,1.0,1.2,11.3,284.0,2221.3,968.7,22.1,7.4,27.3,260,9,3,0,21.2,80.77
2026-09-15,2026-09-18,126,Balod,Chhattisgarh,central,21.2,80.77,72,orographic,1.0,1.9,13.8,284.0,2570.8,969.0,19.5,6.8,27.2,261,9,3,0,21.2,80.77
2026-09-15,2026-09-16,121,Siwan,Bihar,east,26.22,84.35,24,orographic,1.0,3.7,11.3,253.0,2620.8,1000.5,16.9,5.1,28.1,259,9,3,0,26.22,84.35
2026-09-15,2026-09-17,121,Siwan,Bihar,east,26.22,84.35,48,orographic,1.0,4.8,9.4,240.0,2517.5,998.3,16.2,5.8,27.9,260,9,3,0,26.22,84.35
2026-09-15,2026-09-18,121,Siwan,Bihar,east,26.22,84.35,72,orographic,0.6667,2.9,6.0,222.0,2809.6,999.3,16.5,5.7,28.1,261,9,3,0,26.22,84.35
2026-09-15,2026-09-16,134,Dhamtari,Chhattisgarh,central,20.7,81.55,24,orographic,1.0,2.4,11.6,256.0,2530.4,973.4,21.3,6.4,27.4,259,9,3,0,20.7,81.55
2026-09-15,2026-09-17,134,Dhamtari,Chhattisgarh,central,20.7,81.55,48,orographic,1.0,1.4,11.0,272.0,2464.6,971.7,22.2,6.4,27.9,260,9,3,0,20.7,81.55
2026-09-15,2026-09-18,134,Dhamtari,Chhattisgarh,central,20.7,81.55,72,orographic,1.0,3.2,12.3,264.0,2645.4,971.9,19.8,6.3,27.2,261,9,3,0,20.7,81.55
2026-09-15,2026-09-16,130,Bemetara,Chhattisgarh,central,21.48,81.5,24,orographic,1.0,3.1,13.9,263.0,2661.3,977.2,20.1,6.8,27.6,259,9,3,0,21.48,81.5
2026-09-15,2026-09-17,130,Bemetara,Chhattisgarh,central,21.48,81.5,48,orographic,1.0,3.1,9.4,247.0,2853.3,975.4,20.9,7.2,28.1,260,9,3,0,21.48,81.5
2026-09-15,2026-09-18,130,Bemetara,Chhattisgarh,central,21.48,81.5,72,orographic,1.0,4.6,17.5,263.0,3111.7,975.7,20.2,6.7,27.6,261,9,3,0,21.48,81.5
2026-09-15,2026-09-16,131,Bijapur,Chhattisgarh,central,18.97,80.53,24,orographic,0.6667,0.4,7.2,254.0,2006.3,984.3,22.5,7.7,27.0,259,9,3,0,18.97,80.53
2026-09-15,2026-09-17,131,Bijapur,Chhattisgarh,central,18.97,80.53,48,orographic,1.0,2.0,10.0,223.0,2494.2,982.7,21.5,6.6,27.4,260,9,3,0,18.97,80.53
2026-09-15,2026-09-18,131,Bijapur,Chhattisgarh,central,18.97,80.53,72,orographic,1.0,8.8,12.4,303.0,2290.4,982.9,18.5,8.2,26.5,261,9,3,0,18.97,80.53
2026-09-15,2026-09-16,136,Gariaband,Chhattisgarh,central,20.63,81.95,24,orographic,1.0,0.9,8.1,246.0,2116.3,964.0,21.0,7.6,27.0,259,9,3,0,20.63,81.95
2026-09-15,2026-09-17,136,Gariaband,Chhattisgarh,central,20.63,81.95,48,orographic,1.0,2.3,9.6,260.0,2566.7,962.4,21.9,7.6,27.2,260,9,3,0,20.63,81.95
2026-09-15,2026-09-18,136,Gariaband,Chhattisgarh,central,20.63,81.95,72,orographic,1.0,4.1,12.3,268.0,2412.9,962.5,21.0,7.4,27.0,261,9,3,0,20.63,81.95
2026-09-15,2026-09-16,135,Durg,Chhattisgarh,central,21.18,81.28,24,orographic,0.6667,1.9,7.2,245.0,2762.9,977.9,18.9,6.5,27.9,259,9,3,0,21.18,81.28
2026-09-15,2026-09-17,135,Durg,Chhattisgarh,central,21.18,81.28,48,orographic,1.0,0.5,9.0,250.0,2892.9,976.2,21.5,7.1,28.2,260,9,3,0,21.18,81.28
2026-09-15,2026-09-18,135,Durg,Chhattisgarh,central,21.18,81.28,72,orographic,1.0,3.7,13.3,251.0,2564.2,976.4,19.7,6.8,28.0,261,9,3,0,21.18,81.28
2026-09-15,2026-09-16,129,Bastar,Chhattisgarh,central,19.1,80.83,24,orographic,1.0,0.7,9.8,315.0,2237.5,977.9,22.3,8.2,27.4,259,9,3,0,19.1,80.83
2026-09-15,2026-09-17,129,Bastar,Chhattisgarh,central,19.1,80.83,48,orographic,1.0,1.8,9.1,282.0,2853.8,976.4,21.5,7.2,27.0,260,9,3,0,19.1,80.83
2026-09-15,2026-09-18,129,Bastar,Chhattisgarh,central,19.1,80.83,72,orographic,1.0,5.2,12.1,299.0,2396.3,976.6,19.1,8.9,26.9,261,9,3,0,19.1,80.83
2026-09-15,2026-09-16,133,Dantewada,Chhattisgarh,central,18.9,81.35,24,orographic,1.0,0.6,11.6,280.0,1904.6,971.0,22.1,7.8,27.1,259,9,3,0,18.9,81.35
2026-09-15,2026-09-17,133,Dantewada,Chhattisgarh,central,18.9,81.35,48,orographic,1.0,2.1,10.9,251.0,2264.6,969.5,22.2,6.8,26.6,260,9,3,0,18.9,81.35
2026-09-15,2026-09-18,133,Dantewada,Chhattisgarh,central,18.9,81.35,72,orographic,1.0,8.0,9.8,280.0,2099.6,969.5,20.8,8.2,26.6,261,9,3,0,18.9,81.35
2026-09-15,2026-09-16,132,Bilaspur,Chhattisgarh,central,22.08,82.15,24,orographic,1.0,4.2,8.8,270.0,2333.3,979.8,20.1,7.5,27.6,259,9,3,0,22.08,82.15
2026-09-15,2026-09-17,132,Bilaspur,Chhattisgarh,central,22.08,82.15,48,orographic,1.0,5.8,11.6,273.0,2481.3,978.1,18.8,6.6,27.4,260,9,3,0,22.08,82.15
2026-09-15,2026-09-18,132,Bilaspur,Chhattisgarh,central,22.08,82.15,72,orographic,1.0,2.8,15.3,272.0,2727.1,978.4,20.0,7.4,27.3,261,9,3,0,22.08,82.15
2026-09-15,2026-09-16,137,Janjgir-Champa,Chhattisgarh,central,22.02,82.33,24,orographic,1.0,10.3,14.0,260.0,2628.3,981.5,20.1,7.1,27.4,259,9,3,0,22.02,82.33
2026-09-15,2026-09-17,137,Janjgir-Champa,Chhattisgarh,central,22.02,82.33,48,orographic,1.0,6.3,9.6,264.0,2801.3,979.9,18.8,6.5,27.8,260,9,3,0,22.02,82.33
2026-09-15,2026-09-18,137,Janjgir-Champa,Chhattisgarh,central,22.02,82.33,72,orographic,1.0,3.0,14.2,266.0,2800.4,980.1,20.3,7.6,27.6,261,9,3,0,22.02,82.33
2026-09-15,2026-09-16,141,Kondagaon,Chhattisgarh,central,19.6,80.57,24,orographic,0.6667,1.3,6.8,233.0,2261.7,975.4,21.3,6.9,27.1,259,9,3,0,19.6,80.57
2026-09-15,2026-09-17,141,Kondagaon,Chhattisgarh,central,19.6,80.57,48,orographic,1.0,0.9,8.5,218.0,2566.7,973.9,21.9,7.3,27.6,260,9,3,0,19.6,80.57
2026-09-15,2026-09-18,141,Kondagaon,Chhattisgarh,central,19.6,80.57,72,orographic,1.0,6.0,9.6,316.0,2280.4,974.1,18.4,7.6,27.0,261,9,3,0,19.6,80.57
2026-09-15,2026-09-16,140,Kanker,Chhattisgarh,central,20.27,80.43,24,orographic,1.0,0.6,8.3,239.0,2424.2,975.1,21.8,7.6,27.4,259,9,3,0,20.27,80.43
2026-09-15,2026-09-17,140,Kanker,Chhattisgarh,central,20.27,80.43,48,orographic,1.0,2.1,10.3,250.0,2482.1,973.5,22.0,7.8,27.6,260,9,3,0,20.27,80.43
2026-09-15,2026-09-18,140,Kanker,Chhattisgarh,central,20.27,80.43,72,orographic,1.0,8.7,9.8,260.0,2690.8,973.8,16.4,7.1,26.9,261,9,3,0,20.27,80.43
2026-09-15,2026-09-16,139,Kabirdham,Chhattisgarh,central,22.18,80.9,24,orographic,1.0,6.0,9.0,301.0,1646.7,927.8,17.2,8.0,24.2,259,9,3,0,22.18,80.9
2026-09-15,2026-09-17,139,Kabirdham,Chhattisgarh,central,22.18,80.9,48,orographic,1.0,1.7,11.5,301.0,1793.3,926.4,21.4,7.5,24.6,260,9,3,0,22.18,80.9
2026-09-15,2026-09-18,139,Kabirdham,Chhattisgarh,central,22.18,80.9,72,orographic,1.0,7.1,12.8,326.0,2063.3,926.6,17.8,6.6,24.4,261,9,3,0,22.18,80.9
2026-09-15,2026-09-16,143,Mahasamund,Chhattisgarh,central,21.35,82.1,24,orographic,1.0,6.6,10.5,238.0,2785.0,979.5,21.2,6.9,27.4,259,9,3,0,21.35,82.1
2026-09-15,2026-09-17,143,Mahasamund,Chhattisgarh,central,21.35,82.1,48,orographic,1.0,3.9,11.0,240.0,3150.4,977.7,20.0,6.4,27.8,260,9,3,0,21.35,82.1
2026-09-15,2026-09-18,143,Mahasamund,Chhattisgarh,central,21.35,82.1,72,orographic,1.0,4.1,13.5,236.0,3074.2,978.0,19.6,7.1,27.2,261,9,3,0,21.35,82.1
2026-09-15,2026-09-16,138,Jashpur,Chhattisgarh,central,22.88,84.15,24,orographic,1.0,0.4,11.9,246.0,1568.8,927.5,22.8,8.4,25.4,259,9,3,0,22.88,84.15
2026-09-15,2026-09-17,138,Jashpur,Chhattisgarh,central,22.88,84.15,48,orographic,1.0,15.4,8.7,282.0,1555.4,925.6,16.7,7.7,25.0,260,9,3,0,22.88,84.15
2026-09-15,2026-09-18,138,Jashpur,Chhattisgarh,central,22.88,84.15,72,orographic,1.0,10.8,10.2,322.0,1850.4,926.1,15.3,7.5,24.9,261,9,3,0,22.88,84.15
2026-09-15,2026-09-16,144,Mungeli,Chhattisgarh,central,22.1,81.68,24,orographic,0.6667,4.4,6.6,269.0,2260.0,977.2,20.2,7.5,27.4,259,9,3,0,22.1,81.68
2026-09-15,2026-09-17,144,Mungeli,Chhattisgarh,central,22.1,81.68,48,orographic,1.0,1.8,9.0,277.0,2509.6,975.5,20.1,7.3,27.5,260,9,3,0,22.1,81.68
2026-09-15,2026-09-18,144,Mungeli,Chhattisgarh,central,22.1,81.68,72,orographic,1.0,6.3,14.1,285.0,3032.1,975.8,19.6,6.6,27.4,261,9,3,0,22.1,81.68
2026-09-15,2026-09-16,142,Korba,Chhattisgarh,central,22.35,82.68,24,orographic,1.0,19.8,15.1,256.0,2438.3,977.9,17.6,7.3,27.5,259,9,3,0,22.35,82.68
2026-09-15,2026-09-17,142,Korba,Chhattisgarh,central,22.35,82.68,48,orographic,0.6667,14.4,8.9,235.0,2704.6,976.3,14.9,5.3,27.5,260,9,3,0,22.35,82.68
2026-09-15,2026-09-18,142,Korba,Chhattisgarh,central,22.35,82.68,72,orographic,1.0,4.3,13.8,272.0,2697.9,976.6,18.1,7.0,27.8,261,9,3,0,22.35,82.68
2026-09-15,2026-09-16,145,Narayanpur,Chhattisgarh,central,19.68,80.98,24,orographic,1.0,1.4,10.0,269.0,1864.2,947.7,21.1,7.8,25.2,259,9,3,0,19.68,80.98
2026-09-15,2026-09-17,145,Narayanpur,Chhattisgarh,central,19.68,80.98,48,orographic,1.0,2.8,11.0,260.0,1875.8,946.2,21.9,7.8,25.5,260,9,3,0,19.68,80.98
2026-09-15,2026-09-18,145,Narayanpur,Chhattisgarh,central,19.68,80.98,72,orographic,1.0,4.9,12.3,287.0,2196.3,946.3,20.0,7.3,25.4,261,9,3,0,19.68,80.98
2026-09-15,2026-09-16,147,Raipur,Chhattisgarh,central,21.25,81.63,24,orographic,0.6667,1.4,7.0,245.0,2870.0,976.7,21.0,6.6,27.8,259,9,3,0,21.25,81.63
2026-09-15,2026-09-17,147,Raipur,Chhattisgarh,central,21.25,81.63,48,orographic,0.6667,1.0,7.6,231.0,3224.6,974.9,21.1,7.0,28.4,260,9,3,0,21.25,81.63
2026-09-15,2026-09-18,147,Raipur,Chhattisgarh,central,21.25,81.63,72,orographic,1.0,2.9,8.3,242.0,2877.1,975.1,20.7,6.8,27.9,261,9,3,0,21.25,81.63
2026-09-15,2026-09-16,148,Rajnandgaon,Chhattisgarh,central,21.1,80.75,24,orographic,1.0,0.9,9.8,283.0,2344.2,971.9,20.8,7.1,27.1,259,9,3,0,21.1,80.75
2026-09-15,2026-09-17,148,Rajnandgaon,Chhattisgarh,central,21.1,80.75,48,orographic,1.0,0.9,10.9,279.0,2392.5,970.2,21.9,7.7,27.5,260,9,3,0,21.1,80.75
2026-09-15,2026-09-18,148,Rajnandgaon,Chhattisgarh,central,21.1,80.75,72,orographic,1.0,2.1,12.3,277.0,2524.6,970.5,19.3,7.1,27.4,261,9,3,0,21.1,80.75
2026-09-15,2026-09-16,146,Raigarh,Chhattisgarh,central,21.9,83.4,24,orographic,1.0,1.0,9.7,267.0,2605.8,985.4,21.5,7.4,27.9,259,9,3,0,21.9,83.4
2026-09-15,2026-09-17,146,Raigarh,Chhattisgarh,central,21.9,83.4,48,orographic,1.0,9.3,12.6,273.0,2447.9,983.8,18.7,6.3,27.6,260,9,3,0,21.9,83.4
2026-09-15,2026-09-18,146,Raigarh,Chhattisgarh,central,21.9,83.4,72,orographic,1.0,3.6,10.1,274.0,2655.4,984.1,18.9,7.5,27.9,261,9,3,0,21.9,83.4
2026-09-15,2026-09-16,150,Surajpur,Chhattisgarh,central,23.2,82.85,24,orographic,1.0,6.1,9.2,248.0,1967.9,949.7,20.7,7.4,26.3,259,9,3,0,23.2,82.85
2026-09-15,2026-09-17,150,Surajpur,Chhattisgarh,central,23.2,82.85,48,orographic,1.0,4.0,15.2,255.0,2081.7,948.0,17.5,6.4,25.9,260,9,3,0,23.2,82.85
2026-09-15,2026-09-18,150,Surajpur,Chhattisgarh,central,23.2,82.85,72,orographic,0.6667,9.7,7.5,298.0,1954.2,948.4,18.3,6.8,25.9,261,9,3,0,23.2,82.85
2026-09-15,2026-09-16,152,Pandariya,Chhattisgarh,central,22.2,81.15,24,orographic,1.0,3.4,8.8,291.0,1632.5,961.3,18.9,8.0,26.4,259,9,3,0,22.2,81.15
2026-09-15,2026-09-17,152,Pandariya,Chhattisgarh,central,22.2,81.15,48,orographic,1.0,1.5,9.7,298.0,1980.0,959.6,20.6,8.2,26.6,260,9,3,0,22.2,81.15
2026-09-15,2026-09-18,152,Pandariya,Chhattisgarh,central,22.2,81.15,72,orographic,1.0,4.6,13.2,312.0,2263.8,959.9,18.8,7.8,26.2,261,9,3,0,22.2,81.15
2026-09-15,2026-09-16,149,Surguja,Chhattisgarh,central,22.9,83.18,24,orographic,1.0,3.1,10.7,234.0,1661.3,942.3,20.7,6.8,25.9,259,9,3,0,22.9,83.18
2026-09-15,2026-09-17,149,Surguja,Chhattisgarh,central,22.9,83.18,48,orographic,1.0,6.0,12.1,244.0,1730.4,940.6,17.9,5.9,25.4,260,9,3,0,22.9,83.18
2026-09-15,2026-09-18,149,Surguja,Chhattisgarh,central,22.9,83.18,72,orographic,1.0,4.3,9.0,281.0,2001.7,940.9,18.1,6.3,25.6,261,9,3,0,22.9,83.18
2026-09-15,2026-09-16,151,Jagdalpur,Chhattisgarh,central,19.08,82.0,24,orographic,1.0,2.5,12.6,247.0,1682.5,948.7,20.6,7.6,26.1,259,9,3,0,19.08,82.0
2026-09-15,2026-09-17,151,Jagdalpur,Chhattisgarh,central,19.08,82.0,48,orographic,1.0,0.9,13.5,267.0,1992.1,947.2,22.6,8.1,26.4,260,9,3,0,19.08,82.0
2026-09-15,2026-09-18,151,Jagdalpur,Chhattisgarh,central,19.08,82.0,72,orographic,1.0,5.1,11.6,298.0,2035.0,947.1,20.0,7.6,26.2,261,9,3,0,19.08,82.0
2026-09-15,2026-09-16,155,Bhatapara,Chhattisgarh,central,21.73,81.93,24,orographic,1.0,2.9,11.7,258.0,2567.5,980.0,20.2,6.9,27.8,259,9,3,0,21.73,81.93
2026-09-15,2026-09-17,155,Bhatapara,Chhattisgarh,central,21.73,81.93,48,orographic,1.0,2.5,12.9,266.0,2852.5,978.3,20.3,6.7,28.0,260,9,3,0,21.73,81.93
2026-09-15,2026-09-18,155,Bhatapara,Chhattisgarh,central,21.73,81.93,72,orographic,1.0,3.1,12.8,267.0,2862.1,978.5,20.2,7.3,27.5,261,9,3,0,21.73,81.93
2026-09-15,2026-09-16,153,Kawardha,Chhattisgarh,central,22.02,80.9,24,orographic,1.0,2.1,10.7,297.0,1646.7,943.1,18.9,8.0,24.8,259,9,3,0,22.02,80.9
2026-09-15,2026-09-17,153,Kawardha,Chhattisgarh,central,22.02,80.9,48,orographic,1.0,2.3,11.9,305.0,1649.6,941.5,21.3,7.0,25.0,260,9,3,0,22.02,80.9
2026-09-15,2026-09-18,153,Kawardha,Chhattisgarh,central,22.02,80.9,72,orographic,1.0,6.0,15.9,318.0,2065.0,941.8,19.8,6.6,24.7,261,9,3,0,22.02,80.9
2026-09-15,2026-09-16,156,Bilaigarh,Chhattisgarh,central,21.35,82.57,24,orographic,0.6667,0.9,7.5,260.0,2341.7,977.9,20.2,7.5,27.4,259,9,3,0,21.35,82.57
2026-09-15,2026-09-17,156,Bilaigarh,Chhattisgarh,central,21.35,82.57,48,orographic,1.0,3.8,10.3,267.0,2942.9,976.2,19.8,6.4,27.6,260,9,3,0,21.35,82.57
2026-09-15,2026-09-18,156,Bilaigarh,Chhattisgarh,central,21.35,82.57,72,orographic,1.0,8.7,8.2,272.0,2556.3,976.5,20.5,7.3,27.2,261,9,3,0,21.35,82.57
2026-09-15,2026-09-16,154,Charama,Chhattisgarh,central,20.53,80.77,24,orographic,1.0,0.8,8.3,246.0,2574.2,961.6,20.6,7.5,27.2,259,9,3,0,20.53,80.77
2026-09-15,2026-09-17,154,Charama,Chhattisgarh,central,20.53,80.77,48,orographic,1.0,0.8,11.8,256.0,1958.3,960.0,22.3,7.9,27.6,260,9,3,0,20.53,80.77
2026-09-15,2026-09-18,154,Charama,Chhattisgarh,central,20.53,80.77,72,orographic,1.0,9.2,12.8,252.0,2440.4,960.2,15.4,6.8,26.8,261,9,3,0,20.53,80.77
2026-09-15,2026-09-16,157,Gaurela-Pendra-Marwahi,Chhattisgarh,central,22.7,81.9,24,orographic,0.6667,8.6,6.0,322.0,1550.0,945.7,17.3,7.6,25.5,259,9,3,0,22.7,81.9
2026-09-15,2026-09-17,157,Gaurela-Pendra-Marwahi,Chhattisgarh,central,22.7,81.9,48,orographic,1.0,11.0,13.1,313.0,1950.8,944.1,16.4,7.7,25.5,260,9,3,0,22.7,81.9
2026-09-15,2026-09-18,157,Gaurela-Pendra-Marwahi,Chhattisgarh,central,22.7,81.9,72,orographic,1.0,7.3,9.0,325.0,2008.3,944.4,18.4,8.3,25.5,261,9,3,0,22.7,81.9
2026-09-15,2026-09-16,158,Champa,Chhattisgarh,central,22.02,82.33,24,orographic,1.0,10.3,14.0,260.0,2628.3,981.5,20.1,7.1,27.4,259,9,3,0,22.02,82.33
2026-09-15,2026-09-17,158,Champa,Chhattisgarh,central,22.02,82.33,48,orographic,1.0,6.3,9.6,264.0,2801.3,979.9,18.8,6.5,27.8,260,9,3,0,22.02,82.33
2026-09-15,2026-09-18,158,Champa,Chhattisgarh,central,22.02,82.33,72,orographic,1.0,3.0,14.2,266.0,2800.4,980.1,20.3,7.6,27.6,261,9,3,0,22.02,82.33
2026-09-15,2026-09-16,159,Central Delhi,Delhi,north,28.65,77.23,24,coastal,1.0,1.8,28.7,63.0,2237.1,982.6,17.4,9.5,29.5,259,9,3,0,28.65,77.23
2026-09-15,2026-09-17,159,Central Delhi,Delhi,north,28.65,77.23,48,orographic,0.6667,0.0,7.9,333.0,1565.0,981.0,20.0,9.6,28.4,260,9,3,0,28.65,77.23
2026-09-15,2026-09-18,159,Central Delhi,Delhi,north,28.65,77.23,72,orographic,0.6667,0.0,7.7,306.0,2177.5,981.8,16.1,7.4,30.1,261,9,3,0,28.65,77.23
2026-09-15,2026-09-16,160,East Delhi,Delhi,north,28.63,77.3,24,coastal,1.0,1.8,28.7,63.0,2237.1,984.7,17.4,9.5,29.5,259,9,3,0,28.63,77.3
2026-09-15,2026-09-17,160,East Delhi,Delhi,north,28.63,77.3,48,orographic,0.6667,0.0,7.9,333.0,1565.0,983.1,20.0,9.6,28.4,260,9,3,0,28.63,77.3
2026-09-15,2026-09-18,160,East Delhi,Delhi,north,28.63,77.3,72,orographic,0.6667,0.0,7.7,306.0,2177.5,983.9,16.1,7.4,30.1,261,9,3,0,28.63,77.3
2026-09-15,2026-09-16,167,South East Delhi,Delhi,north,28.57,77.28,24,coastal,1.0,1.6,23.9,115.0,2237.9,984.9,17.3,9.3,29.6,259,9,3,0,28.57,77.28
2026-09-15,2026-09-17,167,South East Delhi,Delhi,north,28.57,77.28,48,orographic,0.6667,0.1,7.1,327.0,1460.0,983.3,20.1,9.9,28.6,260,9,3,0,28.57,77.28
2026-09-15,2026-09-18,167,South East Delhi,Delhi,north,28.57,77.28,72,orographic,0.6667,0.0,6.8,289.0,2116.7,984.1,16.6,7.8,30.1,261,9,3,0,28.57,77.28
2026-09-15,2026-09-16,163,North East Delhi,Delhi,north,28.68,77.3,24,coastal,1.0,1.8,28.7,63.0,2237.1,984.3,17.4,9.5,29.5,259,9,3,0,28.68,77.3
2026-09-15,2026-09-17,163,North East Delhi,Delhi,north,28.68,77.3,48,orographic,0.6667,0.0,7.9,333.0,1565.0,982.6,20.0,9.6,28.4,260,9,3,0,28.68,77.3
2026-09-15,2026-09-18,163,North East Delhi,Delhi,north,28.68,77.3,72,orographic,0.6667,0.0,7.7,306.0,2177.5,983.4,16.1,7.4,30.1,261,9,3,0,28.68,77.3
2026-09-15,2026-09-16,168,South West Delhi,Delhi,north,28.52,77.1,24,coastal,1.0,1.3,22.9,175.0,2458.8,980.9,18.9,8.5,28.6,259,9,3,0,28.52,77.1
2026-09-15,2026-09-17,168,South West Delhi,Delhi,north,28.52,77.1,48,orographic,0.6667,0.0,8.0,308.0,1664.6,979.3,20.2,9.4,27.8,260,9,3,0,28.52,77.1
2026-09-15,2026-09-18,168,South West Delhi,Delhi,north,28.52,77.1,72,orographic,1.0,0.0,8.7,292.0,2175.8,980.2,17.2,7.8,28.7,261,9,3,0,28.52,77.1
2026-09-15,2026-09-16,165,Shahdara,Delhi,north,28.67,77.3,24,coastal,1.0,1.8,28.7,63.0,2237.1,984.3,17.4,9.5,29.5,259,9,3,0,28.67,77.3
2026-09-15,2026-09-17,165,Shahdara,Delhi,north,28.67,77.3,48,orographic,0.6667,0.0,7.9,333.0,1565.0,982.6,20.0,9.6,28.4,260,9,3,0,28.67,77.3
2026-09-15,2026-09-18,165,Shahdara,Delhi,north,28.67,77.3,72,orographic,0.6667,0.0,7.7,306.0,2177.5,983.4,16.1,7.4,30.1,261,9,3,0,28.67,77.3
2026-09-15,2026-09-16,162,North Delhi,Delhi,north,28.7,77.22,24,coastal,1.0,2.5,26.2,77.0,2212.9,983.7,17.7,9.7,28.9,259,9,3,0,28.7,77.22
2026-09-15,2026-09-17,162,North Delhi,Delhi,north,28.7,77.22,48,orographic,1.0,0.0,8.5,330.0,1619.2,982.1,19.9,9.4,27.8,260,9,3,0,28.7,77.22
2026-09-15,2026-09-18,162,North Delhi,Delhi,north,28.7,77.22,72,orographic,1.0,0.0,8.5,309.0,2232.1,982.9,16.0,7.2,29.7,261,9,3,0,28.7,77.22
2026-09-15,2026-09-16,161,New Delhi,Delhi,north,28.61,77.21,24,coastal,1.0,1.9,26.1,191.0,2374.6,983.8,18.0,8.8,29.5,259,9,3,0,28.61,77.21
2026-09-15,2026-09-17,161,New Delhi,Delhi,north,28.61,77.21,48,orographic,0.6667,0.0,7.3,312.0,1497.5,982.2,20.1,9.2,28.6,260,9,3,0,28.61,77.21
2026-09-15,2026-09-18,161,New Delhi,Delhi,north,28.61,77.21,72,orographic,1.0,0.0,8.5,288.0,2157.9,983.0,16.6,7.4,29.8,261,9,3,0,28.61,77.21
2026-09-15,2026-09-16,166,South Delhi,Delhi,north,28.52,77.2,24,orographic,1.0,1.6,19.1,168.0,2543.3,981.6,18.1,8.4,28.9,259,9,3,0,28.52,77.2
2026-09-15,2026-09-17,166,South Delhi,Delhi,north,28.52,77.2,48,orographic,0.6667,0.0,7.6,305.0,1562.1,980.0,20.2,9.6,28.2,260,9,3,0,28.52,77.2
2026-09-15,2026-09-18,166,South Delhi,Delhi,north,28.52,77.2,72,orographic,1.0,0.0,8.9,287.0,2143.3,980.9,17.2,7.4,29.5,261,9,3,0,28.52,77.2
2026-09-15,2026-09-16,164,North West Delhi,Delhi,north,28.72,77.13,24,coastal,1.0,2.5,21.7,83.0,2220.4,982.4,18.2,9.8,29.4,259,9,3,0,28.72,77.13
2026-09-15,2026-09-17,164,North West Delhi,Delhi,north,28.72,77.13,48,orographic,1.0,0.0,8.1,329.0,1612.5,980.8,20.0,9.4,28.1,260,9,3,0,28.72,77.13
2026-09-15,2026-09-18,164,North West Delhi,Delhi,north,28.72,77.13,72,orographic,0.6667,0.1,7.8,302.0,2254.2,981.7,16.2,6.8,30.0,261,9,3,0,28.72,77.13
2026-09-15,2026-09-16,172,Ahmedabad,Gujarat,west,23.02,72.57,24,orographic,1.0,2.4,9.9,184.0,1007.5,1003.4,19.7,6.6,27.8,259,9,3,0,23.02,72.57
2026-09-15,2026-09-17,172,Ahmedabad,Gujarat,west,23.02,72.57,48,orographic,1.0,2.3,12.2,186.0,1375.4,1001.9,19.8,6.8,28.2,260,9,3,0,23.02,72.57
2026-09-15,2026-09-18,172,Ahmedabad,Gujarat,west,23.02,72.57,72,orographic,0.6667,23.0,12.4,173.0,960.0,1001.9,8.2,3.7,26.1,261,9,3,0,23.02,72.57
2026-09-15,2026-09-16,171,South Goa,Goa,west_coast,15.2,74.0,24,orographic,1.0,1.3,15.3,244.0,1183.3,1010.7,21.5,4.8,26.7,259,9,3,0,15.2,74.0
2026-09-15,2026-09-17,171,South Goa,Goa,west_coast,15.2,74.0,48,orographic,1.0,0.5,13.7,269.0,1548.3,1009.5,23.0,5.3,27.0,260,9,3,0,15.2,74.0
2026-09-15,2026-09-18,171,South Goa,Goa,west_coast,15.2,74.0,72,orographic,1.0,2.9,15.1,265.0,1652.5,1009.8,20.0,4.2,27.0,261,9,3,0,15.2,74.0
2026-09-15,2026-09-16,175,Aravalli,Gujarat,west,23.92,73.07,24,orographic,1.0,0.3,12.4,191.0,826.3,984.2,18.3,5.6,27.0,259,9,3,0,23.92,73.07
2026-09-15,2026-09-17,175,Aravalli,Gujarat,west,23.92,73.07,48,orographic,1.0,2.4,13.8,177.0,1393.3,982.8,19.6,6.2,27.1,260,9,3,0,23.92,73.07
2026-09-15,2026-09-18,175,Aravalli,Gujarat,west,23.92,73.07,72,orographic,0.6667,9.2,12.4,160.0,1289.2,982.9,13.2,4.2,25.8,261,9,3,0,23.92,73.07
2026-09-15,2026-09-16,173,Amreli,Gujarat,west,21.62,71.18,24,orographic,1.0,3.2,17.6,210.0,652.1,995.5,20.1,7.0,27.2,259,9,3,0,21.62,71.18
2026-09-15,2026-09-17,173,Amreli,Gujarat,west,21.62,71.18,48,orographic,1.0,1.5,19.6,227.0,770.8,994.3,19.4,6.7,27.1,260,9,3,0,21.62,71.18
2026-09-15,2026-09-18,173,Amreli,Gujarat,west,21.62,71.18,72,coastal,0.6667,12.9,20.1,246.0,1148.8,994.4,12.9,4.6,26.6,261,9,3,0,21.62,71.18
2026-09-15,2026-09-16,176,Banaskantha,Gujarat,west,24.5,72.43,24,orographic,1.0,0.3,14.2,183.0,895.4,984.0,17.7,5.8,27.0,259,9,3,0,24.5,72.43
2026-09-15,2026-09-17,176,Banaskantha,Gujarat,west,24.5,72.43,48,orographic,1.0,0.6,17.1,176.0,1150.4,982.4,19.3,6.5,27.4,260,9,3,0,24.5,72.43
2026-09-15,2026-09-18,176,Banaskantha,Gujarat,west,24.5,72.43,72,orographic,0.6667,6.4,13.9,151.0,1360.8,982.8,13.6,5.2,26.7,261,9,3,0,24.5,72.43
2026-09-15,2026-09-16,170,North Goa,Goa,west_coast,15.53,73.83,24,orographic,1.0,1.6,16.3,239.0,1266.7,1004.5,22.4,3.8,27.3,259,9,3,0,15.53,73.83
2026-09-15,2026-09-17,170,North Goa,Goa,west_coast,15.53,73.83,48,orographic,1.0,1.3,14.2,267.0,1763.3,1003.3,22.9,4.3,27.2,260,9,3,0,15.53,73.83
2026-09-15,2026-09-18,170,North Goa,Goa,west_coast,15.53,73.83,72,orographic,1.0,1.6,14.8,269.0,1768.3,1003.6,19.0,3.6,27.4,261,9,3,0,15.53,73.83
2026-09-15,2026-09-16,169,West Delhi,Delhi,north,28.65,77.13,24,coastal,1.0,1.7,26.6,231.0,2299.2,983.5,18.0,9.2,29.7,259,9,3,0,28.65,77.13
2026-09-15,2026-09-17,169,West Delhi,Delhi,north,28.65,77.13,48,orographic,0.6667,0.0,7.6,322.0,1521.3,981.9,20.1,9.3,28.6,260,9,3,0,28.65,77.13
2026-09-15,2026-09-18,169,West Delhi,Delhi,north,28.65,77.13,72,orographic,1.0,0.1,8.1,294.0,2152.1,982.8,16.2,7.1,30.2,261,9,3,0,28.65,77.13
2026-09-15,2026-09-16,174,Anand,Gujarat,west,22.57,72.95,24,orographic,1.0,10.6,13.7,186.0,1052.5,1005.2,19.4,5.6,27.6,259,9,3,0,22.57,72.95
2026-09-15,2026-09-17,174,Anand,Gujarat,west,22.57,72.95,48,orographic,1.0,3.1,15.2,194.0,1546.3,1003.7,18.6,6.2,27.8,260,9,3,0,22.57,72.95
2026-09-15,2026-09-18,174,Anand,Gujarat,west,22.57,72.95,72,orographic,0.6667,18.6,15.2,187.0,1203.3,1003.8,12.1,4.3,26.8,261,9,3,0,22.57,72.95
2026-09-15,2026-09-16,179,Dahod,Gujarat,west,22.83,74.25,24,orographic,1.0,3.4,13.8,229.0,1070.8,976.7,18.3,6.6,26.4,259,9,3,0,22.83,74.25
2026-09-15,2026-09-17,179,Dahod,Gujarat,west,22.83,74.25,48,orographic,1.0,7.6,15.9,226.0,1285.8,975.3,17.9,6.9,26.9,260,9,3,0,22.83,74.25
2026-09-15,2026-09-18,179,Dahod,Gujarat,west,22.83,74.25,72,orographic,1.0,4.8,15.9,221.0,1225.8,975.4,18.5,5.0,25.9,261,9,3,0,22.83,74.25
2026-09-15,2026-09-16,184,Junagadh,Gujarat,west,21.52,70.48,24,western_disturbance,1.0,2.9,20.4,208.0,595.4,985.7,19.5,5.0,26.3,259,9,3,0,21.52,70.48
2026-09-15,2026-09-17,184,Junagadh,Gujarat,west,21.52,70.48,48,orographic,1.0,3.5,18.6,221.0,688.8,984.6,17.2,4.6,26.2,260,9,3,0,21.52,70.48
2026-09-15,2026-09-18,184,Junagadh,Gujarat,west,21.52,70.48,72,coastal,1.0,19.7,19.7,239.0,1199.2,985.0,14.6,6.0,25.7,261,9,3,0,21.52,70.48
2026-09-15,2026-09-16,180,Dang,Gujarat,west,20.75,73.68,24,coastal,1.0,8.8,11.0,209.0,810.4,956.2,14.9,5.9,25.1,259,9,3,0,20.75,73.68
2026-09-15,2026-09-17,180,Dang,Gujarat,west,20.75,73.68,48,orographic,1.0,7.8,13.1,208.0,1007.9,955.0,17.4,6.7,25.1,260,9,3,0,20.75,73.68
2026-09-15,2026-09-18,180,Dang,Gujarat,west,20.75,73.68,72,orographic,1.0,5.3,13.9,212.0,930.0,955.1,17.2,5.4,24.7,261,9,3,0,20.75,73.68
2026-09-15,2026-09-16,177,Bharuch,Gujarat,west,21.7,72.98,24,orographic,1.0,2.1,17.5,193.0,1133.8,1008.1,18.3,5.6,27.7,259,9,3,0,21.7,72.98
2026-09-15,2026-09-17,177,Bharuch,Gujarat,west,21.7,72.98,48,orographic,0.6667,2.6,20.0,201.0,1499.6,1006.7,20.0,5.2,28.1,260,9,3,0,21.7,72.98
2026-09-15,2026-09-18,177,Bharuch,Gujarat,west,21.7,72.98,72,orographic,0.6667,20.2,21.8,207.0,1232.5,1006.9,17.6,4.6,26.7,261,9,3,0,21.7,72.98
2026-09-15,2026-09-16,178,Bhavnagar,Gujarat,west,21.76,72.15,24,orographic,1.0,5.1,18.4,199.0,895.0,1006.5,20.3,6.5,28.1,259,9,3,0,21.76,72.15
2026-09-15,2026-09-17,178,Bhavnagar,Gujarat,west,21.76,72.15,48,orographic,1.0,3.6,15.9,206.0,1328.8,1005.1,19.6,6.3,28.5,260,9,3,0,21.76,72.15
2026-09-15,2026-09-18,178,Bhavnagar,Gujarat,west,21.76,72.15,72,orographic,0.6667,20.8,16.2,227.0,1302.1,1005.2,14.4,5.4,28.2,261,9,3,0,21.76,72.15
2026-09-15,2026-09-16,182,Gir Somnath,Gujarat,west,20.97,70.37,24,orographic,1.0,2.7,19.6,225.0,860.4,1006.8,20.4,3.4,27.5,259,9,3,0,20.97,70.37
2026-09-15,2026-09-17,182,Gir Somnath,Gujarat,west,20.97,70.37,48,orographic,1.0,2.9,18.2,239.0,1099.6,1005.6,19.0,3.6,27.1,260,9,3,0,20.97,70.37
2026-09-15,2026-09-18,182,Gir Somnath,Gujarat,west,20.97,70.37,72,orographic,0.6667,8.9,20.7,267.0,1380.0,1006.1,18.9,4.4,26.8,261,9,3,0,20.97,70.37
2026-09-15,2026-09-16,183,Jamnagar,Gujarat,west,22.47,70.07,24,western_disturbance,1.0,0.1,20.5,192.0,373.8,1005.8,18.9,6.4,28.6,259,9,3,0,22.47,70.07
2026-09-15,2026-09-17,183,Jamnagar,Gujarat,west,22.47,70.07,48,western_disturbance,1.0,10.7,20.1,212.0,827.5,1004.9,8.0,2.9,26.1,260,9,3,0,22.47,70.07
2026-09-15,2026-09-18,183,Jamnagar,Gujarat,west,22.47,70.07,72,orographic,0.6667,8.9,21.4,256.0,1304.2,1005.6,19.9,5.9,27.6,261,9,3,0,22.47,70.07
2026-09-15,2026-09-16,181,Gandhinagar,Gujarat,west,23.22,72.63,24,orographic,1.0,1.8,12.7,183.0,993.3,1000.5,19.6,6.9,27.8,259,9,3,0,23.22,72.63
2026-09-15,2026-09-17,181,Gandhinagar,Gujarat,west,23.22,72.63,48,orographic,1.0,2.6,15.7,185.0,1305.0,998.9,19.9,7.0,28.2,260,9,3,0,23.22,72.63
2026-09-15,2026-09-18,181,Gandhinagar,Gujarat,west,23.22,72.63,72,orographic,0.6667,25.5,11.7,157.0,1036.3,999.0,8.6,4.1,26.1,261,9,3,0,23.22,72.63
2026-09-15,2026-09-16,185,Kheda,Gujarat,west,22.75,72.68,24,orographic,1.0,2.5,14.0,190.0,1097.9,1007.2,20.3,7.0,27.9,259,9,3,0,22.75,72.68
2026-09-15,2026-09-17,185,Kheda,Gujarat,west,22.75,72.68,48,orographic,1.0,2.7,16.0,191.0,1526.7,1005.7,20.0,6.3,28.0,260,9,3,0,22.75,72.68
2026-09-15,2026-09-18,185,Kheda,Gujarat,west,22.75,72.68,72,orographic,0.6667,16.0,14.4,185.0,1054.2,1005.7,9.4,3.8,26.5,261,9,3,0,22.75,72.68
2026-09-15,2026-09-16,186,Kutch,Gujarat,west,23.35,69.68,24,western_disturbance,1.0,0.4,20.8,153.0,568.8,1001.3,17.9,5.6,28.0,259,9,3,0,23.35,69.68
2026-09-15,2026-09-17,186,Kutch,Gujarat,west,23.35,69.68,48,coastal,1.0,11.6,21.1,194.0,1662.9,999.5,7.8,2.8,27.1,260,9,3,0,23.35,69.68
2026-09-15,2026-09-18,186,Kutch,Gujarat,west,23.35,69.68,72,coastal,1.0,5.5,20.6,271.0,1683.8,1001.0,18.8,6.3,28.6,261,9,3,0,23.35,69.68
2026-09-15,2026-09-16,187,Mahisagar,Gujarat,west,23.2,73.45,24,orographic,1.0,1.1,15.2,200.0,841.7,997.0,18.2,6.7,27.4,259,9,3,0,23.2,73.45
2026-09-15,2026-09-17,187,Mahisagar,Gujarat,west,23.2,73.45,48,orographic,1.0,12.4,15.9,190.0,1563.3,995.6,17.3,6.2,27.4,260,9,3,0,23.2,73.45
2026-09-15,2026-09-18,187,Mahisagar,Gujarat,west,23.2,73.45,72,orographic,0.6667,14.6,12.5,181.0,1204.2,995.7,13.4,4.8,26.3,261,9,3,0,23.2,73.45
2026-09-15,2026-09-16,191,Patan,Gujarat,west,23.85,72.12,24,orographic,1.0,0.2,14.9,173.0,809.2,999.0,17.5,6.6,27.7,259,9,3,0,23.85,72.12
2026-09-15,2026-09-17,191,Patan,Gujarat,west,23.85,72.12,48,orographic,1.0,1.0,16.4,174.0,1240.8,997.3,19.0,7.5,28.5,260,9,3,0,23.85,72.12
2026-09-15,2026-09-18,191,Patan,Gujarat,west,23.85,72.12,72,orographic,0.6667,10.4,13.4,150.0,1110.4,997.7,8.8,2.5,25.9,261,9,3,0,23.85,72.12
2026-09-15,2026-09-16,188,Narmada,Gujarat,west,21.8,73.5,24,orographic,1.0,6.3,15.3,194.0,1052.5,994.2,17.6,6.2,27.0,259,9,3,0,21.8,73.5
2026-09-15,2026-09-17,188,Narmada,Gujarat,west,21.8,73.5,48,orographic,1.0,5.3,17.9,193.0,1420.8,992.9,17.2,6.7,27.1,260,9,3,0,21.8,73.5
2026-09-15,2026-09-18,188,Narmada,Gujarat,west,21.8,73.5,72,orographic,1.0,11.0,18.5,201.0,1207.1,992.9,16.8,5.3,26.5,261,9,3,0,21.8,73.5
2026-09-15,2026-09-16,189,Navsari,Gujarat,west,20.95,72.92,24,orographic,1.0,1.5,16.3,194.0,1199.6,1008.8,19.1,5.4,26.8,259,9,3,0,20.95,72.92
2026-09-15,2026-09-17,189,Navsari,Gujarat,west,20.95,72.92,48,orographic,1.0,2.5,19.0,202.0,1285.0,1007.5,19.8,5.0,27.2,260,9,3,0,20.95,72.92
2026-09-15,2026-09-18,189,Navsari,Gujarat,west,20.95,72.92,72,orographic,1.0,8.2,19.3,206.0,1219.2,1007.7,19.3,3.9,26.6,261,9,3,0,20.95,72.92
2026-09-15,2026-09-16,190,Panchmahal,Gujarat,west,22.52,73.6,24,orographic,1.0,5.6,12.7,197.0,1192.1,996.8,19.0,6.5,27.4,259,9,3,0,22.52,73.6
2026-09-15,2026-09-17,190,Panchmahal,Gujarat,west,22.52,73.6,48,orographic,1.0,8.8,17.1,198.0,1565.0,995.4,17.2,6.4,27.7,260,9,3,0,22.52,73.6
2026-09-15,2026-09-18,190,Panchmahal,Gujarat,west,22.52,73.6,72,orographic,0.6667,18.4,17.5,193.0,1151.7,995.4,14.1,4.9,26.2,261,9,3,0,22.52,73.6
2026-09-15,2026-09-16,192,Porbandar,Gujarat,west,21.63,69.6,24,western_disturbance,1.0,4.0,26.3,224.0,513.8,1008.5,20.4,3.1,27.1,259,9,3,0,21.63,69.6
2026-09-15,2026-09-17,192,Porbandar,Gujarat,west,21.63,69.6,48,western_disturbance,1.0,9.1,23.0,248.0,823.8,1007.7,11.2,2.3,26.6,260,9,3,0,21.63,69.6
2026-09-15,2026-09-18,192,Porbandar,Gujarat,west,21.63,69.6,72,orographic,0.6667,10.4,24.7,269.0,1516.3,1008.4,21.1,3.4,27.0,261,9,3,0,21.63,69.6
2026-09-15,2026-09-16,195,Surat,Gujarat,west,21.17,72.83,24,orographic,1.0,3.1,15.6,187.0,1271.3,1008.2,19.2,5.6,27.4,259,9,3,0,21.17,72.83
2026-09-15,2026-09-17,195,Surat,Gujarat,west,21.17,72.83,48,orographic,1.0,3.6,17.3,200.0,1492.5,1006.9,20.5,5.0,27.7,260,9,3,0,21.17,72.83
2026-09-15,2026-09-18,195,Surat,Gujarat,west,21.17,72.83,72,orographic,1.0,16.1,18.8,209.0,1265.0,1007.1,19.1,4.9,27.1,261,9,3,0,21.17,72.83
2026-09-15,2026-09-16,196,Surendranagar,Gujarat,west,22.7,71.6,24,orographic,1.0,1.8,16.4,189.0,838.3,1000.3,18.2,7.4,28.0,259,9,3,0,22.7,71.6
2026-09-15,2026-09-17,196,Surendranagar,Gujarat,west,22.7,71.6,48,western_disturbance,1.0,2.6,21.4,205.0,715.8,998.9,19.0,7.6,28.0,260,9,3,0,22.7,71.6
2026-09-15,2026-09-18,196,Surendranagar,Gujarat,west,22.7,71.6,72,western_disturbance,1.0,26.3,20.3,232.0,881.7,999.0,4.7,2.8,25.4,261,9,3,0,22.7,71.6
2026-09-15,2026-09-16,193,Rajkot,Gujarat,west,22.3,70.8,24,orographic,1.0,1.0,16.9,195.0,535.8,994.3,18.8,6.1,27.4,259,9,3,0,22.3,70.8
2026-09-15,2026-09-17,193,Rajkot,Gujarat,west,22.3,70.8,48,orographic,1.0,1.9,19.4,209.0,618.3,993.1,16.4,5.2,26.9,260,9,3,0,22.3,70.8
2026-09-15,2026-09-18,193,Rajkot,Gujarat,west,22.3,70.8,72,orographic,0.6667,16.9,18.7,242.0,1214.2,993.4,10.1,5.3,26.4,261,9,3,0,22.3,70.8
2026-09-15,2026-09-16,199,Valsad,Gujarat,west,20.6,72.93,24,orographic,1.0,2.7,17.5,191.0,1143.8,1009.0,18.3,4.8,26.7,259,9,3,0,20.6,72.93
2026-09-15,2026-09-17,199,Valsad,Gujarat,west,20.6,72.93,48,orographic,1.0,3.6,19.6,199.0,1248.3,1007.7,19.3,4.8,27.0,260,9,3,0,20.6,72.93
2026-09-15,2026-09-18,199,Valsad,Gujarat,west,20.6,72.93,72,orographic,0.6667,7.3,20.6,205.0,1135.0,1007.9,19.3,3.5,26.4,261,9,3,0,20.6,72.93
2026-09-15,2026-09-16,194,Sabarkantha,Gujarat,west,23.55,72.97,24,orographic,1.0,0.5,15.5,187.0,840.8,993.8,18.9,6.8,27.5,259,9,3,0,23.55,72.97
2026-09-15,2026-09-17,194,Sabarkantha,Gujarat,west,23.55,72.97,48,orographic,1.0,3.9,16.1,177.0,1465.8,992.3,18.9,6.4,27.4,260,9,3,0,23.55,72.97
2026-09-15,2026-09-18,194,Sabarkantha,Gujarat,west,23.55,72.97,72,orographic,0.6667,11.4,13.1,157.0,1165.0,992.4,10.8,4.6,26.1,261,9,3,0,23.55,72.97
2026-09-15,2026-09-16,197,Tapi,Gujarat,west,21.12,73.4,24,orographic,1.0,6.9,16.5,207.0,1063.3,999.7,17.2,5.8,27.1,259,9,3,0,21.12,73.4
2026-09-15,2026-09-17,197,Tapi,Gujarat,west,21.12,73.4,48,orographic,1.0,9.1,16.6,204.0,1354.2,998.4,17.3,6.7,27.1,260,9,3,0,21.12,73.4
2026-09-15,2026-09-18,197,Tapi,Gujarat,west,21.12,73.4,72,orographic,0.6667,8.0,21.0,209.0,1253.3,998.5,17.3,5.4,26.8,261,9,3,0,21.12,73.4
2026-09-15,2026-09-16,198,Vadodara,Gujarat,west,22.3,73.2,24,orographic,1.0,5.0,11.4,191.0,1212.1,1005.2,19.1,6.2,27.6,259,9,3,0,22.3,73.2
2026-09-15,2026-09-17,198,Vadodara,Gujarat,west,22.3,73.2,48,orographic,1.0,4.1,14.8,195.0,1580.0,1003.8,18.2,6.3,28.1,260,9,3,0,22.3,73.2
2026-09-15,2026-09-18,198,Vadodara,Gujarat,west,22.3,73.2,72,orographic,0.6667,18.9,17.3,192.0,1182.5,1003.9,13.7,4.6,26.7,261,9,3,0,22.3,73.2
2026-09-15,2026-09-16,200,Devbhoomi Dwarka,Gujarat,west,22.2,69.95,24,western_disturbance,1.0,0.5,24.9,200.0,309.2,1000.6,19.9,5.9,27.9,259,9,3,0,22.2,69.95
2026-09-15,2026-09-17,200,Devbhoomi Dwarka,Gujarat,west,22.2,69.95,48,western_disturbance,1.0,8.6,22.4,219.0,745.4,999.8,7.4,2.8,25.8,260,9,3,0,22.2,69.95
2026-09-15,2026-09-18,200,Devbhoomi Dwarka,Gujarat,west,22.2,69.95,72,orographic,0.6667,5.6,21.8,253.0,1207.9,1000.4,19.3,6.8,27.5,261,9,3,0,22.2,69.95
2026-09-15,2026-09-16,202,Chhota Udaipur,Gujarat,west,22.3,74.0,24,orographic,1.0,5.7,14.4,224.0,1077.9,994.8,19.0,6.8,27.1,259,9,3,0,22.3,74.0
2026-09-15,2026-09-17,202,Chhota Udaipur,Gujarat,west,22.3,74.0,48,orographic,1.0,5.5,19.6,216.0,1352.1,993.4,18.4,7.2,27.6,260,9,3,0,22.3,74.0
2026-09-15,2026-09-18,202,Chhota Udaipur,Gujarat,west,22.3,74.0,72,orographic,1.0,12.4,13.7,214.0,1134.2,993.6,16.7,5.6,26.9,261,9,3,0,22.3,74.0
2026-09-15,2026-09-16,207,Bhiwani,Haryana,north,28.78,76.13,24,coastal,1.0,0.8,21.0,264.0,1900.0,983.7,19.7,10.3,30.0,259,9,3,0,28.78,76.13
2026-09-15,2026-09-17,207,Bhiwani,Haryana,north,28.78,76.13,48,orographic,1.0,0.1,11.8,291.0,1578.3,982.3,20.1,10.7,28.6,260,9,3,0,28.78,76.13
2026-09-15,2026-09-18,207,Bhiwani,Haryana,north,28.78,76.13,72,orographic,0.6667,0.8,7.1,280.0,1871.3,983.2,19.0,8.5,29.1,261,9,3,0,28.78,76.13
2026-09-15,2026-09-16,208,Faridabad,Haryana,north,28.41,77.32,24,orographic,1.0,1.9,9.0,147.0,2496.7,984.8,17.4,8.0,28.7,259,9,3,0,28.41,77.32
2026-09-15,2026-09-17,208,Faridabad,Haryana,north,28.41,77.32,48,orographic,0.6667,0.0,6.9,315.0,1594.6,983.2,20.2,9.9,28.3,260,9,3,0,28.41,77.32
2026-09-15,2026-09-18,208,Faridabad,Haryana,north,28.41,77.32,72,orographic,0.6667,0.1,6.9,266.0,2267.1,984.1,17.8,8.2,29.6,261,9,3,0,28.41,77.32
2026-09-15,2026-09-16,206,Ambala,Haryana,north,30.15,76.78,24,orographic,1.0,5.5,15.4,226.0,2064.6,979.2,16.4,9.7,27.9,259,9,3,0,30.15,76.78
2026-09-15,2026-09-17,206,Ambala,Haryana,north,30.15,76.78,48,orographic,1.0,0.0,10.8,298.0,1505.8,977.5,16.5,8.7,27.0,260,9,3,0,30.15,76.78
2026-09-15,2026-09-18,206,Ambala,Haryana,north,30.15,76.78,72,orographic,1.0,0.0,12.9,303.0,2099.6,978.2,18.6,9.4,27.9,261,9,3,0,30.15,76.78
2026-09-15,2026-09-16,204,Gir Forest,Gujarat,west,21.1,70.8,24,orographic,1.0,4.6,16.2,211.0,709.2,986.1,19.4,6.0,25.5,259,9,3,0,21.1,70.8
2026-09-15,2026-09-17,204,Gir Forest,Gujarat,west,21.1,70.8,48,orographic,1.0,3.4,17.2,228.0,806.3,984.9,18.6,5.8,25.8,260,9,3,0,21.1,70.8
2026-09-15,2026-09-18,204,Gir Forest,Gujarat,west,21.1,70.8,72,orographic,1.0,4.0,16.9,254.0,1163.3,985.2,15.9,4.9,25.2,261,9,3,0,21.1,70.8
2026-09-15,2026-09-16,203,Botad,Gujarat,west,22.17,71.67,24,orographic,1.0,2.3,18.6,199.0,791.7,999.3,20.0,7.7,27.9,259,9,3,0,22.17,71.67
2026-09-15,2026-09-17,203,Botad,Gujarat,west,22.17,71.67,48,orographic,1.0,2.5,19.1,210.0,764.6,997.9,20.2,7.1,27.8,260,9,3,0,22.17,71.67
2026-09-15,2026-09-18,203,Botad,Gujarat,west,22.17,71.67,72,orographic,0.6667,22.4,16.4,225.0,1101.3,998.1,9.6,2.3,26.0,261,9,3,0,22.17,71.67
2026-09-15,2026-09-16,201,Morbi,Gujarat,west,22.82,70.83,24,orographic,1.0,0.7,17.6,191.0,595.4,1003.5,18.5,6.5,28.2,259,9,3,0,22.82,70.83
2026-09-15,2026-09-17,201,Morbi,Gujarat,west,22.82,70.83,48,western_disturbance,1.0,1.1,22.1,205.0,726.7,1002.1,15.9,5.4,27.6,260,9,3,0,22.82,70.83
2026-09-15,2026-09-18,201,Morbi,Gujarat,west,22.82,70.83,72,coastal,0.6667,223.4,22.0,240.0,1040.0,1002.5,5.6,3.2,26.0,261,9,3,0,22.82,70.83
2026-09-15,2026-09-16,205,Narmada,Gujarat,west,21.8,73.5,24,orographic,1.0,6.3,15.3,194.0,1052.5,994.2,17.6,6.2,27.0,259,9,3,0,21.8,73.5
2026-09-15,2026-09-17,205,Narmada,Gujarat,west,21.8,73.5,48,orographic,1.0,5.3,17.9,193.0,1420.8,992.9,17.2,6.7,27.1,260,9,3,0,21.8,73.5
2026-09-15,2026-09-18,205,Narmada,Gujarat,west,21.8,73.5,72,orographic,1.0,11.0,18.5,201.0,1207.1,992.9,16.8,5.3,26.5,261,9,3,0,21.8,73.5
2026-09-15,2026-09-16,209,Fatehabad,Haryana,north,29.52,75.45,24,orographic,1.0,1.2,14.3,128.0,2515.4,983.9,18.6,9.8,29.5,259,9,3,0,29.52,75.45
2026-09-15,2026-09-17,209,Fatehabad,Haryana,north,29.52,75.45,48,orographic,1.0,0.9,10.3,275.0,1938.3,982.5,19.0,8.5,27.8,260,9,3,0,29.52,75.45
2026-09-15,2026-09-18,209,Fatehabad,Haryana,north,29.52,75.45,72,orographic,0.6667,0.1,7.9,306.0,2191.3,983.3,19.6,7.2,28.9,261,9,3,0,29.52,75.45
2026-09-15,2026-09-16,215,Karnal,Haryana,north,29.68,76.98,24,orographic,1.0,3.4,13.7,176.0,2251.7,980.4,16.2,8.6,27.4,259,9,3,0,29.68,76.98
2026-09-15,2026-09-17,215,Karnal,Haryana,north,29.68,76.98,48,orographic,1.0,0.0,10.6,287.0,1504.2,978.8,18.0,8.0,26.6,260,9,3,0,29.68,76.98
2026-09-15,2026-09-18,215,Karnal,Haryana,north,29.68,76.98,72,orographic,1.0,0.0,10.2,301.0,2156.7,979.4,18.8,8.8,27.7,261,9,3,0,29.68,76.98
2026-09-15,2026-09-16,212,Jhajjar,Haryana,north,28.6,76.65,24,coastal,1.0,1.0,31.5,21.0,2344.2,983.6,19.8,9.4,28.8,259,9,3,0,28.6,76.65
2026-09-15,2026-09-17,212,Jhajjar,Haryana,north,28.6,76.65,48,orographic,1.0,0.0,9.3,322.0,1790.0,982.1,20.0,9.4,28.0,260,9,3,0,28.6,76.65
2026-09-15,2026-09-18,212,Jhajjar,Haryana,north,28.6,76.65,72,orographic,1.0,0.0,8.4,298.0,2089.2,983.0,18.2,8.0,28.8,261,9,3,0,28.6,76.65
2026-09-15,2026-09-16,213,Jind,Haryana,north,29.32,76.32,24,orographic,1.0,2.4,9.6,143.0,2393.3,982.6,19.0,9.4,28.3,259,9,3,0,29.32,76.32
2026-09-15,2026-09-17,213,Jind,Haryana,north,29.32,76.32,48,orographic,1.0,0.0,8.6,297.0,1937.9,981.2,19.6,9.0,27.1,260,9,3,0,29.32,76.32
2026-09-15,2026-09-18,213,Jind,Haryana,north,29.32,76.32,72,orographic,1.0,0.0,8.9,294.0,2365.4,981.9,19.3,8.1,28.4,261,9,3,0,29.32,76.32
2026-09-15,2026-09-16,210,Gurugram,Haryana,north,28.46,77.03,24,orographic,1.0,1.4,18.8,143.0,2299.2,982.4,19.6,8.9,28.6,259,9,3,0,28.46,77.03
2026-09-15,2026-09-17,210,Gurugram,Haryana,north,28.46,77.03,48,orographic,1.0,0.0,8.9,319.0,1600.4,980.8,20.2,9.7,27.9,260,9,3,0,28.46,77.03
2026-09-15,2026-09-18,210,Gurugram,Haryana,north,28.46,77.03,72,orographic,1.0,0.0,8.1,296.0,2087.5,981.7,17.7,8.2,28.8,261,9,3,0,28.46,77.03
2026-09-15,2026-09-16,214,Kaithal,Haryana,north,29.8,76.4,24,coastal,1.0,9.5,26.4,159.0,2321.3,981.7,18.1,9.0,28.0,259,9,3,0,29.8,76.4
2026-09-15,2026-09-17,214,Kaithal,Haryana,north,29.8,76.4,48,orographic,0.6667,0.0,7.6,295.0,1876.7,980.2,18.2,8.2,26.9,260,9,3,0,29.8,76.4
2026-09-15,2026-09-18,214,Kaithal,Haryana,north,29.8,76.4,72,orographic,1.0,0.1,10.5,295.0,2280.4,980.8,19.1,8.1,27.9,261,9,3,0,29.8,76.4
2026-09-15,2026-09-16,211,Hisar,Haryana,north,29.15,75.72,24,orographic,1.0,5.6,13.3,120.0,2158.8,984.2,19.2,11.1,30.2,259,9,3,0,29.15,75.72
2026-09-15,2026-09-17,211,Hisar,Haryana,north,29.15,75.72,48,orographic,1.0,0.6,15.8,268.0,1719.6,982.8,19.4,9.6,28.4,260,9,3,0,29.15,75.72
2026-09-15,2026-09-18,211,Hisar,Haryana,north,29.15,75.72,72,orographic,1.0,0.4,9.1,311.0,2087.5,983.6,19.3,7.6,29.3,261,9,3,0,29.15,75.72
2026-09-15,2026-09-16,216,Kurukshetra,Haryana,north,29.97,76.88,24,coastal,1.0,3.0,25.4,186.0,2087.5,979.6,16.2,9.2,27.7,259,9,3,0,29.97,76.88
2026-09-15,2026-09-17,216,Kurukshetra,Haryana,north,29.97,76.88,48,orographic,1.0,0.0,9.4,289.0,1507.5,977.9,16.8,8.5,26.9,260,9,3,0,29.97,76.88
2026-09-15,2026-09-18,216,Kurukshetra,Haryana,north,29.97,76.88,72,orographic,1.0,0.1,10.9,298.0,2131.7,978.5,18.7,9.0,27.7,261,9,3,0,29.97,76.88
2026-09-15,2026-09-16,218,Nuh,Haryana,north,28.1,76.98,24,coastal,1.0,0.9,25.1,173.0,2467.5,986.6,19.7,8.1,28.9,259,9,3,0,28.1,76.98
2026-09-15,2026-09-17,218,Nuh,Haryana,north,28.1,76.98,48,orographic,1.0,0.2,9.6,312.0,1790.8,985.0,20.2,9.7,28.6,260,9,3,0,28.1,76.98
2026-09-15,2026-09-18,218,Nuh,Haryana,north,28.1,76.98,72,orographic,1.0,0.1,8.4,298.0,2231.3,986.0,18.2,7.5,28.8,261,9,3,0,28.1,76.98
2026-09-15,2026-09-16,217,Mahendragarh,Haryana,north,28.28,76.15,24,coastal,1.0,0.1,24.8,281.0,1902.5,978.1,20.2,9.0,29.6,259,9,3,0,28.28,76.15
2026-09-15,2026-09-17,217,Mahendragarh,Haryana,north,28.28,76.15,48,orographic,1.0,0.1,13.5,302.0,1600.4,976.7,19.9,10.3,28.5,260,9,3,0,28.28,76.15
2026-09-15,2026-09-18,217,Mahendragarh,Haryana,north,28.28,76.15,72,orographic,1.0,0.2,15.0,268.0,1727.9,977.7,18.8,7.5,28.8,261,9,3,0,28.28,76.15
2026-09-15,2026-09-16,220,Panchkula,Haryana,north,30.7,76.85,24,coastal,1.0,3.9,16.2,324.0,1637.5,970.1,14.8,9.1,27.7,259,9,3,0,30.7,76.85
2026-09-15,2026-09-17,220,Panchkula,Haryana,north,30.7,76.85,48,coastal,1.0,0.2,13.1,308.0,1602.1,968.4,15.0,8.5,26.1,260,9,3,0,30.7,76.85
2026-09-15,2026-09-18,220,Panchkula,Haryana,north,30.7,76.85,72,orographic,1.0,0.1,11.1,310.0,2005.8,969.1,18.4,9.3,27.0,261,9,3,0,30.7,76.85
2026-09-15,2026-09-16,219,Palwal,Haryana,north,28.15,77.33,24,coastal,1.0,1.7,20.8,132.0,2597.5,986.2,18.8,7.9,27.8,259,9,3,0,28.15,77.33
2026-09-15,2026-09-17,219,Palwal,Haryana,north,28.15,77.33,48,orographic,0.6667,0.0,7.6,308.0,1854.6,984.5,20.0,9.0,27.8,260,9,3,0,28.15,77.33
2026-09-15,2026-09-18,219,Palwal,Haryana,north,28.15,77.33,72,orographic,0.6667,0.0,7.5,277.0,2375.0,985.4,17.8,7.5,28.5,261,9,3,0,28.15,77.33
2026-09-15,2026-09-16,223,Rohtak,Haryana,north,28.9,76.58,24,orographic,1.0,1.5,17.9,95.0,2454.6,982.0,19.1,9.3,28.5,259,9,3,0,28.9,76.58
2026-09-15,2026-09-17,223,Rohtak,Haryana,north,28.9,76.58,48,orographic,1.0,0.0,9.2,310.0,1855.0,980.5,20.1,9.3,27.6,260,9,3,0,28.9,76.58
2026-09-15,2026-09-18,223,Rohtak,Haryana,north,28.9,76.58,72,orographic,1.0,0.4,8.7,292.0,2195.4,981.4,18.9,7.8,28.4,261,9,3,0,28.9,76.58
2026-09-15,2026-09-16,224,Sirsa,Haryana,north,29.53,75.02,24,coastal,1.0,2.4,26.5,108.0,2366.3,985.0,18.1,10.1,30.6,259,9,3,0,29.53,75.02
2026-09-15,2026-09-17,224,Sirsa,Haryana,north,29.53,75.02,48,orographic,1.0,0.4,9.4,294.0,2107.9,983.6,19.1,8.9,28.8,260,9,3,0,29.53,75.02
2026-09-15,2026-09-18,224,Sirsa,Haryana,north,29.53,75.02,72,orographic,1.0,0.3,11.8,317.0,1935.0,984.6,19.6,8.5,29.4,261,9,3,0,29.53,75.02
2026-09-15,2026-09-16,222,Rewari,Haryana,north,28.18,76.62,24,coastal,1.0,1.2,24.4,99.0,2250.0,980.3,20.1,8.5,29.6,259,9,3,0,28.18,76.62
2026-09-15,2026-09-17,222,Rewari,Haryana,north,28.18,76.62,48,orographic,1.0,0.5,12.2,309.0,1538.3,978.9,20.1,10.1,29.2,260,9,3,0,28.18,76.62
2026-09-15,2026-09-18,222,Rewari,Haryana,north,28.18,76.62,72,orographic,1.0,0.2,11.7,292.0,1927.1,979.9,18.3,7.9,29.1,261,9,3,0,28.18,76.62
2026-09-15,2026-09-16,221,Panipat,Haryana,north,29.38,76.97,24,orographic,1.0,5.4,15.2,151.0,2426.7,981.3,17.9,8.8,27.5,259,9,3,0,29.38,76.97
2026-09-15,2026-09-17,221,Panipat,Haryana,north,29.38,76.97,48,orographic,1.0,0.0,9.4,303.0,1654.2,979.7,18.4,7.9,26.8,260,9,3,0,29.38,76.97
2026-09-15,2026-09-18,221,Panipat,Haryana,north,29.38,76.97,72,orographic,1.0,0.5,9.4,300.0,2319.6,980.3,18.8,8.3,27.8,261,9,3,0,29.38,76.97
2026-09-15,2026-09-16,225,Sonipat,Haryana,north,28.98,77.02,24,orographic,1.0,3.9,14.6,141.0,2530.8,982.6,18.5,9.5,28.0,259,9,3,0,28.98,77.02
2026-09-15,2026-09-17,225,Sonipat,Haryana,north,28.98,77.02,48,orographic,1.0,0.0,9.5,308.0,1698.8,981.1,19.4,8.9,27.1,260,9,3,0,28.98,77.02
2026-09-15,2026-09-18,225,Sonipat,Haryana,north,28.98,77.02,72,orographic,1.0,0.6,8.5,286.0,2370.4,981.9,18.1,8.0,28.0,261,9,3,0,28.98,77.02
2026-09-15,2026-09-16,226,Yamunanagar,Haryana,north,30.13,77.28,24,coastal,1.0,5.5,16.6,148.0,1932.1,976.7,13.1,8.2,27.0,259,9,3,0,30.13,77.28
2026-09-15,2026-09-17,226,Yamunanagar,Haryana,north,30.13,77.28,48,orographic,0.6667,0.0,9.8,284.0,1382.1,974.9,14.5,7.8,26.6,260,9,3,0,30.13,77.28
2026-09-15,2026-09-18,226,Yamunanagar,Haryana,north,30.13,77.28,72,orographic,1.0,0.0,11.1,293.0,2055.0,975.5,17.8,9.6,27.2,261,9,3,0,30.13,77.28
2026-09-15,2026-09-16,227,Charkhi Dadri,Haryana,north,28.58,76.33,24,coastal,1.0,0.6,25.2,345.0,2070.0,983.7,20.1,9.9,29.3,259,9,3,0,28.58,76.33
2026-09-15,2026-09-17,227,Charkhi Dadri,Haryana,north,28.58,76.33,48,orographic,1.0,0.1,11.8,298.0,1573.8,982.2,20.3,10.5,28.2,260,9,3,0,28.58,76.33
2026-09-15,2026-09-18,227,Charkhi Dadri,Haryana,north,28.58,76.33,72,orographic,1.0,0.4,9.0,281.0,2000.0,983.1,18.6,8.3,29.0,261,9,3,0,28.58,76.33
2026-09-15,2026-09-16,228,Bilaspur,Himachal Pradesh,north,31.33,76.75,24,orographic,1.0,4.9,10.7,67.0,1453.8,953.1,15.1,6.9,25.9,259,9,3,0,31.33,76.75
2026-09-15,2026-09-17,228,Bilaspur,Himachal Pradesh,north,31.33,76.75,48,orographic,0.6667,0.2,7.6,254.0,1699.2,951.3,16.6,6.9,24.9,260,9,3,0,31.33,76.75
2026-09-15,2026-09-18,228,Bilaspur,Himachal Pradesh,north,31.33,76.75,72,orographic,0.6667,0.1,8.0,72.0,1462.5,952.1,17.6,8.5,26.1,261,9,3,0,31.33,76.75
2026-09-15,2026-09-16,229,Chamba,Himachal Pradesh,north,32.55,76.13,24,orographic,1.0,2.7,9.2,164.0,817.9,915.3,16.5,10.3,23.4,259,9,3,0,32.55,76.13
2026-09-15,2026-09-17,229,Chamba,Himachal Pradesh,north,32.55,76.13,48,orographic,0.6667,3.1,5.1,117.0,1082.9,913.6,16.9,9.7,24.1,260,9,3,0,32.55,76.13
2026-09-15,2026-09-18,229,Chamba,Himachal Pradesh,north,32.55,76.13,72,orographic,1.0,0.7,8.1,143.0,940.0,914.6,20.2,12.6,23.5,261,9,3,0,32.55,76.13
2026-09-15,2026-09-16,231,Kangra,Himachal Pradesh,north,32.1,76.27,24,orographic,0.6667,4.8,9.1,351.0,1400.4,928.2,14.6,5.5,24.1,259,9,3,0,32.1,76.27
2026-09-15,2026-09-17,231,Kangra,Himachal Pradesh,north,32.1,76.27,48,orographic,0.6667,0.2,7.1,280.0,1653.8,926.5,16.7,5.9,23.9,260,9,3,0,32.1,76.27
2026-09-15,2026-09-18,231,Kangra,Himachal Pradesh,north,32.1,76.27,72,orographic,0.6667,0.0,5.2,271.0,1428.8,927.4,19.4,8.5,24.6,261,9,3,0,32.1,76.27
2026-09-15,2026-09-16,232,Kinnaur,Himachal Pradesh,north,31.65,78.25,24,orographic,0.6667,0.4,10.9,219.0,8.3,663.6,23.4,11.0,9.6,259,9,3,0,31.65,78.25
2026-09-15,2026-09-17,232,Kinnaur,Himachal Pradesh,north,31.65,78.25,48,orographic,0.6667,1.2,10.5,241.0,0.8,661.0,21.4,11.7,7.2,260,9,3,0,31.65,78.25
2026-09-15,2026-09-18,232,Kinnaur,Himachal Pradesh,north,31.65,78.25,72,break_monsoon,0.5,1.6,7.4,269.0,0.8,661.5,15.7,9.1,6.5,261,9,3,0,31.65,78.25
2026-09-15,2026-09-16,230,Hamirpur,Himachal Pradesh,north,31.68,76.53,24,coastal,1.0,6.0,17.5,341.0,1298.8,927.3,14.6,8.9,24.4,259,9,3,0,31.68,76.53
2026-09-15,2026-09-17,230,Hamirpur,Himachal Pradesh,north,31.68,76.53,48,orographic,0.6667,0.2,7.4,301.0,1685.8,925.4,16.4,9.1,22.9,260,9,3,0,31.68,76.53
2026-09-15,2026-09-18,230,Hamirpur,Himachal Pradesh,north,31.68,76.53,72,orographic,0.6667,0.3,6.8,307.0,1617.5,926.5,18.5,8.9,25.1,261,9,3,0,31.68,76.53
2026-09-15,2026-09-16,234,Lahaul and Spiti,Himachal Pradesh,north,32.75,77.58,24,orographic,0.6667,0.0,18.0,230.0,0.0,554.6,25.3,15.7,-2.0,259,9,3,0,32.75,77.58
2026-09-15,2026-09-17,234,Lahaul and Spiti,Himachal Pradesh,north,32.75,77.58,48,coastal,0.6667,0.3,23.4,215.0,2.9,553.2,21.0,10.2,-2.3,260,9,3,0,32.75,77.58
2026-09-15,2026-09-18,234,Lahaul and Spiti,Himachal Pradesh,north,32.75,77.58,72,orographic,0.6667,0.0,17.3,227.0,19.2,554.0,25.8,7.9,-1.6,261,9,3,0,32.75,77.58
2026-09-15,2026-09-16,237,Sirmaur,Himachal Pradesh,north,30.75,77.48,24,orographic,0.6667,2.7,10.7,285.0,349.2,813.3,17.8,5.6,18.4,259,9,3,0,30.75,77.48
2026-09-15,2026-09-17,237,Sirmaur,Himachal Pradesh,north,30.75,77.48,48,orographic,0.6667,0.0,10.2,271.0,406.3,811.9,20.9,5.6,18.8,260,9,3,0,30.75,77.48
2026-09-15,2026-09-18,237,Sirmaur,Himachal Pradesh,north,30.75,77.48,72,break_monsoon,0.5,0.8,7.8,273.0,354.2,812.8,20.4,6.6,18.1,261,9,3,0,30.75,77.48
2026-09-15,2026-09-16,233,Kullu,Himachal Pradesh,north,31.95,77.1,24,break_monsoon,0.5,1.6,7.3,253.0,447.9,837.4,17.3,9.9,19.8,259,9,3,0,31.95,77.1
2026-09-15,2026-09-17,233,Kullu,Himachal Pradesh,north,31.95,77.1,48,break_monsoon,0.5,0.3,5.8,254.0,490.8,835.5,19.2,11.7,18.9,260,9,3,0,31.95,77.1
2026-09-15,2026-09-18,233,Kullu,Himachal Pradesh,north,31.95,77.1,72,break_monsoon,0.5,1.0,6.0,273.0,225.8,836.2,19.8,13.7,18.5,261,9,3,0,31.95,77.1
2026-09-15,2026-09-16,238,Solan,Himachal Pradesh,north,30.9,77.1,24,orographic,1.0,4.9,10.8,355.0,632.9,862.3,16.2,10.2,19.6,259,9,3,0,30.9,77.1
2026-09-15,2026-09-17,238,Solan,Himachal Pradesh,north,30.9,77.1,48,orographic,1.0,0.0,11.4,336.0,960.0,860.6,20.2,10.7,18.8,260,9,3,0,30.9,77.1
2026-09-15,2026-09-18,238,Solan,Himachal Pradesh,north,30.9,77.1,72,orographic,1.0,0.5,9.0,342.0,803.3,861.5,20.1,11.7,19.4,261,9,3,0,30.9,77.1
2026-09-15,2026-09-16,236,Shimla,Himachal Pradesh,north,31.1,77.17,24,orographic,1.0,5.0,15.4,319.0,672.1,809.5,17.6,10.2,17.2,259,9,3,0,31.1,77.17
2026-09-15,2026-09-17,236,Shimla,Himachal Pradesh,north,31.1,77.17,48,orographic,1.0,0.2,12.4,307.0,708.8,808.1,20.9,9.1,16.9,260,9,3,0,31.1,77.17
2026-09-15,2026-09-18,236,Shimla,Himachal Pradesh,north,31.1,77.17,72,orographic,1.0,1.3,10.0,310.0,652.5,808.9,19.5,10.8,17.6,261,9,3,0,31.1,77.17
2026-09-15,2026-09-16,235,Mandi,Himachal Pradesh,north,31.7,76.93,24,orographic,0.6667,2.9,7.5,83.0,883.3,914.8,16.5,10.1,22.6,259,9,3,0,31.7,76.93
2026-09-15,2026-09-17,235,Mandi,Himachal Pradesh,north,31.7,76.93,48,orographic,0.6667,0.1,5.6,29.0,1100.0,912.8,18.4,11.9,21.8,260,9,3,0,31.7,76.93
2026-09-15,2026-09-18,235,Mandi,Himachal Pradesh,north,31.7,76.93,72,orographic,0.6667,0.1,6.0,91.0,927.5,913.8,18.4,12.9,22.9,261,9,3,0,31.7,76.93
2026-09-15,2026-09-16,240,Anantnag,Jammu & Kashmir,north,33.73,75.15,24,break_monsoon,0.5,0.0,6.2,228.0,481.7,842.5,19.4,12.7,21.0,259,9,3,0,33.73,75.15
2026-09-15,2026-09-17,240,Anantnag,Jammu & Kashmir,north,33.73,75.15,48,break_monsoon,0.5,2.9,9.6,94.0,333.3,841.6,14.8,7.0,17.7,260,9,3,0,33.73,75.15
2026-09-15,2026-09-18,240,Anantnag,Jammu & Kashmir,north,33.73,75.15,72,orographic,0.6667,0.3,12.5,193.0,449.2,842.8,17.8,10.1,17.6,261,9,3,0,33.73,75.15
2026-09-15,2026-09-16,239,Una,Himachal Pradesh,north,31.48,76.27,24,coastal,1.0,2.4,20.3,307.0,1783.3,966.3,14.9,10.0,26.5,259,9,3,0,31.48,76.27
2026-09-15,2026-09-17,239,Una,Himachal Pradesh,north,31.48,76.27,48,orographic,1.0,0.3,8.7,304.0,1944.6,964.5,16.0,9.2,25.3,260,9,3,0,31.48,76.27
2026-09-15,2026-09-18,239,Una,Himachal Pradesh,north,31.48,76.27,72,orographic,0.6667,0.2,6.8,313.0,1943.3,965.3,18.1,10.1,26.8,261,9,3,0,31.48,76.27
2026-09-15,2026-09-16,247,Kathua,Jammu & Kashmir,north,32.37,75.52,24,coastal,1.0,0.9,12.8,101.0,2090.0,972.5,14.6,5.7,26.0,259,9,3,0,32.37,75.52
2026-09-15,2026-09-17,247,Kathua,Jammu & Kashmir,north,32.37,75.52,48,orographic,1.0,3.0,12.8,302.0,2572.9,970.8,15.1,5.6,25.8,260,9,3,0,32.37,75.52
2026-09-15,2026-09-18,247,Kathua,Jammu & Kashmir,north,32.37,75.52,72,orographic,1.0,0.0,8.5,341.0,2532.9,971.5,18.2,9.5,25.4,261,9,3,0,32.37,75.52
2026-09-15,2026-09-16,245,Ganderbal,Jammu & Kashmir,north,34.23,74.97,24,break_monsoon,0.5,1.4,7.0,60.0,310.8,817.2,19.8,11.7,18.1,259,9,3,0,34.23,74.97
2026-09-15,2026-09-17,245,Ganderbal,Jammu & Kashmir,north,34.23,74.97,48,orographic,0.6667,9.0,6.1,248.0,604.6,816.4,16.4,6.6,16.2,260,9,3,0,34.23,74.97
2026-09-15,2026-09-18,245,Ganderbal,Jammu & Kashmir,north,34.23,74.97,72,orographic,0.6667,1.8,5.0,223.0,514.2,817.5,21.0,9.8,15.9,261,9,3,0,34.23,74.97
2026-09-15,2026-09-16,244,Doda,Jammu & Kashmir,north,33.13,75.57,24,orographic,1.0,1.6,8.5,283.0,644.2,890.0,18.3,11.4,23.6,259,9,3,0,33.13,75.57
2026-09-15,2026-09-17,244,Doda,Jammu & Kashmir,north,33.13,75.57,48,orographic,0.6667,1.5,8.4,81.0,266.3,888.6,15.6,11.2,20.9,260,9,3,0,33.13,75.57
2026-09-15,2026-09-18,244,Doda,Jammu & Kashmir,north,33.13,75.57,72,orographic,0.6667,0.5,8.7,44.0,82.5,889.3,20.5,14.4,22.0,261,9,3,0,33.13,75.57
2026-09-15,2026-09-16,242,Baramulla,Jammu & Kashmir,north,34.2,74.35,24,orographic,0.6667,0.4,8.3,207.0,284.2,843.7,19.0,11.5,20.4,259,9,3,0,34.2,74.35
2026-09-15,2026-09-17,242,Baramulla,Jammu & Kashmir,north,34.2,74.35,48,orographic,0.6667,2.5,9.4,193.0,113.8,842.8,15.3,8.4,16.5,260,9,3,0,34.2,74.35
2026-09-15,2026-09-18,242,Baramulla,Jammu & Kashmir,north,34.2,74.35,72,break_monsoon,0.5,0.0,7.7,201.0,70.0,843.8,18.7,11.5,17.4,261,9,3,0,34.2,74.35
2026-09-15,2026-09-16,246,Jammu,Jammu & Kashmir,north,32.73,74.87,24,coastal,1.0,3.1,10.7,13.0,2235.4,968.4,14.3,6.8,26.3,259,9,3,0,32.73,74.87
2026-09-15,2026-09-17,246,Jammu,Jammu & Kashmir,north,32.73,74.87,48,coastal,1.0,4.2,12.4,360.0,2195.4,966.7,14.8,6.7,25.9,260,9,3,0,32.73,74.87
2026-09-15,2026-09-18,246,Jammu,Jammu & Kashmir,north,32.73,74.87,72,orographic,0.6667,0.0,7.5,294.0,2182.1,967.5,18.2,8.9,25.8,261,9,3,0,32.73,74.87
2026-09-15,2026-09-16,241,Bandipora,Jammu & Kashmir,north,34.42,74.63,24,orographic,0.6667,0.8,9.6,27.0,224.6,844.2,19.3,13.4,20.3,259,9,3,0,34.42,74.63
2026-09-15,2026-09-17,241,Bandipora,Jammu & Kashmir,north,34.42,74.63,48,break_monsoon,0.5,16.8,6.8,14.0,342.5,843.8,15.2,8.2,18.2,260,9,3,0,34.42,74.63
2026-09-15,2026-09-18,241,Bandipora,Jammu & Kashmir,north,34.42,74.63,72,break_monsoon,0.5,0.4,3.9,19.0,493.8,844.6,19.6,13.2,17.3,261,9,3,0,34.42,74.63
2026-09-15,2026-09-16,248,Kishtwar,Jammu & Kashmir,north,33.32,75.77,24,break_monsoon,0.5,3.4,6.6,237.0,332.5,836.1,19.7,12.4,21.0,259,9,3,0,33.32,75.77
2026-09-15,2026-09-17,248,Kishtwar,Jammu & Kashmir,north,33.32,75.77,48,break_monsoon,0.5,16.1,6.2,331.0,312.9,834.5,13.1,10.3,17.0,260,9,3,0,33.32,75.77
2026-09-15,2026-09-18,248,Kishtwar,Jammu & Kashmir,north,33.32,75.77,72,orographic,0.6667,0.8,11.4,74.0,181.7,834.8,20.2,16.8,18.1,261,9,3,0,33.32,75.77
2026-09-15,2026-09-16,243,Budgam,Jammu & Kashmir,north,33.98,74.77,24,break_monsoon,0.5,0.4,7.0,254.0,305.0,836.4,19.1,11.3,20.4,259,9,3,0,33.98,74.77
2026-09-15,2026-09-17,243,Budgam,Jammu & Kashmir,north,33.98,74.77,48,coastal,0.6667,6.5,10.1,336.0,339.6,835.5,15.0,6.9,17.2,260,9,3,0,33.98,74.77
2026-09-15,2026-09-18,243,Budgam,Jammu & Kashmir,north,33.98,74.77,72,orographic,0.6667,1.5,8.4,237.0,169.2,836.4,19.8,12.5,16.6,261,9,3,0,33.98,74.77
2026-09-15,2026-09-16,249,Kulgam,Jammu & Kashmir,north,33.63,75.02,24,orographic,0.6667,0.3,12.4,248.0,366.3,831.6,19.2,9.9,19.9,259,9,3,0,33.63,75.02
2026-09-15,2026-09-17,249,Kulgam,Jammu & Kashmir,north,33.63,75.02,48,break_monsoon,0.5,7.5,8.9,344.0,458.3,830.5,13.7,5.2,16.5,260,9,3,0,33.63,75.02
2026-09-15,2026-09-18,249,Kulgam,Jammu & Kashmir,north,33.63,75.02,72,orographic,0.6667,2.2,8.9,247.0,496.7,831.5,18.5,9.9,16.4,261,9,3,0,33.63,75.02
2026-09-15,2026-09-16,250,Kupwara,Jammu & Kashmir,north,34.52,74.3,24,orographic,0.6667,0.9,9.1,274.0,197.9,800.9,19.7,11.0,17.2,259,9,3,0,34.52,74.3
2026-09-15,2026-09-17,250,Kupwara,Jammu & Kashmir,north,34.52,74.3,48,orographic,0.6667,3.6,11.8,309.0,210.4,799.4,15.3,7.6,14.4,260,9,3,0,34.52,74.3
2026-09-15,2026-09-18,250,Kupwara,Jammu & Kashmir,north,34.52,74.3,72,orographic,0.6667,0.5,8.5,282.0,120.0,800.3,20.7,11.4,14.0,261,9,3,0,34.52,74.3
2026-09-15,2026-09-16,255,Reasi,Jammu & Kashmir,north,33.08,74.85,24,orographic,1.0,1.2,10.2,26.0,1515.0,952.8,16.2,8.6,25.1,259,9,3,0,33.08,74.85
2026-09-15,2026-09-17,255,Reasi,Jammu & Kashmir,north,33.08,74.85,48,orographic,0.6667,4.2,8.3,44.0,1491.3,951.0,14.3,8.4,24.9,260,9,3,0,33.08,74.85
2026-09-15,2026-09-18,255,Reasi,Jammu & Kashmir,north,33.08,74.85,72,orographic,1.0,0.0,10.7,41.0,1327.9,951.9,19.3,10.2,24.7,261,9,3,0,33.08,74.85
2026-09-15,2026-09-16,256,Samba,Jammu & Kashmir,north,32.55,75.12,24,coastal,1.0,2.1,10.7,31.0,2223.3,965.4,14.5,5.5,25.8,259,9,3,0,32.55,75.12
2026-09-15,2026-09-17,256,Samba,Jammu & Kashmir,north,32.55,75.12,48,orographic,1.0,3.4,12.0,347.0,2387.5,963.7,16.0,6.7,25.9,260,9,3,0,32.55,75.12
2026-09-15,2026-09-18,256,Samba,Jammu & Kashmir,north,32.55,75.12,72,orographic,0.6667,0.0,7.3,315.0,2222.9,964.5,18.3,8.1,26.1,261,9,3,0,32.55,75.12
2026-09-15,2026-09-16,254,Ramban,Jammu & Kashmir,north,33.25,75.23,24,orographic,0.6667,0.2,5.9,246.0,626.7,884.5,18.4,10.6,22.9,259,9,3,0,33.25,75.23
2026-09-15,2026-09-17,254,Ramban,Jammu & Kashmir,north,33.25,75.23,48,break_monsoon,0.5,2.0,3.9,106.0,377.1,882.8,15.2,10.5,21.4,260,9,3,0,33.25,75.23
2026-09-15,2026-09-18,254,Ramban,Jammu & Kashmir,north,33.25,75.23,72,break_monsoon,0.5,0.4,7.7,150.0,222.5,883.4,20.2,15.3,21.6,261,9,3,0,33.25,75.23
2026-09-15,2026-09-16,253,Rajouri,Jammu & Kashmir,north,33.37,74.32,24,orographic,1.0,2.2,9.3,326.0,1598.8,906.9,18.2,9.9,23.2,259,9,3,0,33.37,74.32
2026-09-15,2026-09-17,253,Rajouri,Jammu & Kashmir,north,33.37,74.32,48,orographic,1.0,2.1,10.6,72.0,1075.4,905.3,17.5,10.2,22.4,260,9,3,0,33.37,74.32
2026-09-15,2026-09-18,253,Rajouri,Jammu & Kashmir,north,33.37,74.32,72,orographic,1.0,0.4,9.7,16.0,886.3,905.8,20.0,14.4,21.3,261,9,3,0,33.37,74.32
2026-09-15,2026-09-16,251,Poonch,Jammu & Kashmir,north,33.77,74.1,24,orographic,0.6667,1.0,7.7,329.0,832.5,900.8,18.5,13.7,22.6,259,9,3,0,33.77,74.1
2026-09-15,2026-09-17,251,Poonch,Jammu & Kashmir,north,33.77,74.1,48,break_monsoon,0.5,0.8,6.2,356.0,376.7,899.2,17.6,11.4,22.3,260,9,3,0,33.77,74.1
2026-09-15,2026-09-18,251,Poonch,Jammu & Kashmir,north,33.77,74.1,72,orographic,0.6667,0.0,8.7,1.0,180.0,899.9,19.5,15.6,21.7,261,9,3,0,33.77,74.1
2026-09-15,2026-09-16,252,Pulwama,Jammu & Kashmir,north,33.87,74.95,24,orographic,0.6667,3.1,7.7,350.0,648.3,836.7,19.5,12.2,19.3,259,9,3,0,33.87,74.95
2026-09-15,2026-09-17,252,Pulwama,Jammu & Kashmir,north,33.87,74.95,48,orographic,0.6667,9.0,13.2,274.0,447.9,835.8,15.3,7.4,16.8,260,9,3,0,33.87,74.95
2026-09-15,2026-09-18,252,Pulwama,Jammu & Kashmir,north,33.87,74.95,72,orographic,0.6667,2.9,4.7,343.0,562.1,837.0,18.2,10.1,16.8,261,9,3,0,33.87,74.95
2026-09-15,2026-09-16,258,Srinagar,Jammu & Kashmir,north,34.08,74.8,24,orographic,1.0,0.9,10.1,233.0,762.1,843.9,19.3,11.6,21.4,259,9,3,0,34.08,74.8
2026-09-15,2026-09-17,258,Srinagar,Jammu & Kashmir,north,34.08,74.8,48,orographic,1.0,15.8,11.3,294.0,505.4,842.9,15.5,7.6,18.3,260,9,3,0,34.08,74.8
2026-09-15,2026-09-18,258,Srinagar,Jammu & Kashmir,north,34.08,74.8,72,break_monsoon,0.5,2.0,6.8,210.0,387.5,844.0,20.3,11.5,17.4,261,9,3,0,34.08,74.8
2026-09-15,2026-09-16,257,Shopian,Jammu & Kashmir,north,33.72,74.83,24,orographic,0.6667,2.7,9.8,240.0,289.6,801.0,19.6,10.1,17.1,259,9,3,0,33.72,74.83
2026-09-15,2026-09-17,257,Shopian,Jammu & Kashmir,north,33.72,74.83,48,break_monsoon,0.5,23.8,7.2,334.0,272.9,799.6,13.2,4.9,13.8,260,9,3,0,33.72,74.83
2026-09-15,2026-09-18,257,Shopian,Jammu & Kashmir,north,33.72,74.83,72,orographic,0.6667,4.1,13.9,243.0,371.7,800.4,19.0,9.6,13.4,261,9,3,0,33.72,74.83
2026-09-15,2026-09-16,259,Udhampur,Jammu & Kashmir,north,32.92,75.13,24,orographic,1.0,2.1,8.1,233.0,1926.7,926.9,16.3,5.8,23.8,259,9,3,0,32.92,75.13
2026-09-15,2026-09-17,259,Udhampur,Jammu & Kashmir,north,32.92,75.13,48,orographic,0.6667,1.6,7.0,352.0,1323.8,925.0,15.1,8.0,23.7,260,9,3,0,32.92,75.13
2026-09-15,2026-09-18,259,Udhampur,Jammu & Kashmir,north,32.92,75.13,72,orographic,1.0,0.0,8.5,7.0,1507.9,925.9,20.0,10.1,23.1,261,9,3,0,32.92,75.13
2026-09-15,2026-09-16,264,Deoghar,Jharkhand,east,24.48,86.7,24,orographic,1.0,8.1,10.3,222.0,2472.1,980.4,20.1,6.8,27.6,259,9,3,0,24.48,86.7
2026-09-15,2026-09-17,264,Deoghar,Jharkhand,east,24.48,86.7,48,orographic,1.0,8.7,10.2,238.0,1900.8,978.7,16.6,7.1,27.1,260,9,3,0,24.48,86.7
2026-09-15,2026-09-18,264,Deoghar,Jharkhand,east,24.48,86.7,72,orographic,1.0,6.0,12.0,311.0,2012.1,979.4,16.8,6.4,27.6,261,9,3,0,24.48,86.7
2026-09-15,2026-09-16,261,Leh,Ladakh,north,34.17,77.58,24,break_monsoon,0.5,0.0,6.5,259.0,2.9,675.3,23.4,9.5,11.4,259,9,3,0,34.17,77.58
2026-09-15,2026-09-17,261,Leh,Ladakh,north,34.17,77.58,48,orographic,0.6667,2.1,15.6,318.0,10.0,672.7,19.1,9.5,9.6,260,9,3,0,34.17,77.58
2026-09-15,2026-09-18,261,Leh,Ladakh,north,34.17,77.58,72,break_monsoon,0.5,4.9,7.0,351.0,20.4,672.7,23.3,9.7,6.3,261,9,3,0,34.17,77.58
2026-09-15,2026-09-16,262,Bokaro,Jharkhand,east,23.67,86.15,24,orographic,1.0,2.6,8.1,251.0,2793.3,985.1,21.4,8.1,28.8,259,9,3,0,23.67,86.15
2026-09-15,2026-09-17,262,Bokaro,Jharkhand,east,23.67,86.15,48,orographic,1.0,15.4,12.1,284.0,2131.3,983.5,16.7,6.5,27.4,260,9,3,0,23.67,86.15
2026-09-15,2026-09-18,262,Bokaro,Jharkhand,east,23.67,86.15,72,orographic,1.0,8.1,14.0,297.0,2115.4,984.0,18.3,7.0,28.1,261,9,3,0,23.67,86.15
2026-09-15,2026-09-16,260,Kargil,Ladakh,north,34.55,76.13,24,break_monsoon,0.5,0.9,7.5,38.0,84.6,745.4,22.1,11.8,15.3,259,9,3,0,34.55,76.13
2026-09-15,2026-09-17,260,Kargil,Ladakh,north,34.55,76.13,48,orographic,0.6667,5.4,10.0,3.0,61.7,743.2,17.3,11.1,15.1,260,9,3,0,34.55,76.13
2026-09-15,2026-09-18,260,Kargil,Ladakh,north,34.55,76.13,72,break_monsoon,0.5,4.4,7.2,343.0,38.8,744.9,19.6,9.1,12.3,261,9,3,0,34.55,76.13
2026-09-15,2026-09-16,263,Chatra,Jharkhand,east,24.2,84.87,24,orographic,1.0,3.5,9.2,228.0,2024.6,960.6,19.6,7.3,27.6,259,9,3,0,24.2,84.87
2026-09-15,2026-09-17,263,Chatra,Jharkhand,east,24.2,84.87,48,coastal,1.0,4.2,11.4,245.0,2059.2,958.7,14.1,4.6,26.0,260,9,3,0,24.2,84.87
2026-09-15,2026-09-18,263,Chatra,Jharkhand,east,24.2,84.87,72,orographic,1.0,5.3,13.7,250.0,2451.7,959.5,16.4,6.9,26.4,261,9,3,0,24.2,84.87
2026-09-15,2026-09-16,265,Dhanbad,Jharkhand,east,23.8,86.43,24,orographic,1.0,0.5,12.8,235.0,2358.8,982.9,21.1,8.2,28.5,259,9,3,0,23.8,86.43
2026-09-15,2026-09-17,265,Dhanbad,Jharkhand,east,23.8,86.43,48,orographic,1.0,15.4,9.3,235.0,1906.3,981.2,17.1,6.6,27.6,260,9,3,0,23.8,86.43
2026-09-15,2026-09-18,265,Dhanbad,Jharkhand,east,23.8,86.43,72,orographic,1.0,10.0,10.5,309.0,2250.0,981.7,17.2,6.8,27.9,261,9,3,0,23.8,86.43
2026-09-15,2026-09-16,267,East Singhbhum,Jharkhand,east,22.8,86.2,24,orographic,1.0,2.0,8.1,246.0,2887.1,990.9,21.7,7.7,28.9,259,9,3,0,22.8,86.2
2026-09-15,2026-09-17,267,East Singhbhum,Jharkhand,east,22.8,86.2,48,orographic,1.0,5.5,11.0,250.0,2430.8,989.3,18.5,6.4,28.4,260,9,3,0,22.8,86.2
2026-09-15,2026-09-18,267,East Singhbhum,Jharkhand,east,22.8,86.2,72,orographic,1.0,20.5,15.1,334.0,1947.1,989.7,18.0,7.2,28.1,261,9,3,0,22.8,86.2
2026-09-15,2026-09-16,266,Dumka,Jharkhand,east,24.27,87.25,24,orographic,1.0,6.7,10.9,232.0,2497.1,992.3,20.3,8.3,28.6,259,9,3,0,24.27,87.25
2026-09-15,2026-09-17,266,Dumka,Jharkhand,east,24.27,87.25,48,orographic,1.0,4.2,11.7,218.0,1723.8,990.6,15.1,6.1,27.2,260,9,3,0,24.27,87.25
2026-09-15,2026-09-18,266,Dumka,Jharkhand,east,24.27,87.25,72,orographic,1.0,8.5,15.7,8.0,1956.3,991.2,16.9,6.9,27.8,261,9,3,0,24.27,87.25
2026-09-15,2026-09-16,269,Giridih,Jharkhand,east,24.18,86.3,24,orographic,1.0,9.1,14.0,244.0,2299.2,976.0,20.0,8.3,28.1,259,9,3,0,24.18,86.3
2026-09-15,2026-09-17,269,Giridih,Jharkhand,east,24.18,86.3,48,orographic,1.0,10.3,11.3,259.0,1953.8,974.3,15.9,6.7,27.2,260,9,3,0,24.18,86.3
2026-09-15,2026-09-18,269,Giridih,Jharkhand,east,24.18,86.3,72,orographic,1.0,10.1,9.4,306.0,2049.6,974.9,17.1,7.3,27.9,261,9,3,0,24.18,86.3
2026-09-15,2026-09-16,270,Godda,Jharkhand,east,24.82,87.22,24,orographic,1.0,8.9,12.8,207.0,2820.8,998.3,17.5,6.9,28.8,259,9,3,0,24.82,87.22
2026-09-15,2026-09-17,270,Godda,Jharkhand,east,24.82,87.22,48,orographic,1.0,7.4,9.0,226.0,2141.7,996.6,17.1,6.1,27.9,260,9,3,0,24.82,87.22
2026-09-15,2026-09-18,270,Godda,Jharkhand,east,24.82,87.22,72,orographic,1.0,0.8,14.9,331.0,2131.3,997.4,17.5,5.8,27.8,261,9,3,0,24.82,87.22
2026-09-15,2026-09-16,268,Garhwa,Jharkhand,east,24.18,83.8,24,orographic,1.0,3.9,12.2,275.0,2480.0,984.9,19.4,6.3,28.6,259,9,3,0,24.18,83.8
2026-09-15,2026-09-17,268,Garhwa,Jharkhand,east,24.18,83.8,48,orographic,1.0,5.9,12.4,262.0,2265.0,983.0,18.1,6.0,28.0,260,9,3,0,24.18,83.8
2026-09-15,2026-09-18,268,Garhwa,Jharkhand,east,24.18,83.8,72,orographic,1.0,6.3,10.0,263.0,2304.6,983.8,17.4,7.1,27.4,261,9,3,0,24.18,83.8
2026-09-15,2026-09-16,271,Gumla,Jharkhand,east,23.05,84.55,24,orographic,1.0,2.4,9.3,241.0,1827.9,940.3,22.1,9.1,26.4,259,9,3,0,23.05,84.55
2026-09-15,2026-09-17,271,Gumla,Jharkhand,east,23.05,84.55,48,orographic,1.0,16.2,10.1,276.0,1646.3,938.5,17.1,8.1,25.6,260,9,3,0,23.05,84.55
2026-09-15,2026-09-18,271,Gumla,Jharkhand,east,23.05,84.55,72,orographic,1.0,7.1,17.5,313.0,1992.5,939.1,18.6,7.3,25.8,261,9,3,0,23.05,84.55
2026-09-15,2026-09-16,272,Hazaribagh,Jharkhand,east,23.98,85.37,24,orographic,1.0,3.9,8.6,248.0,1734.6,942.6,19.1,6.8,26.5,259,9,3,0,23.98,85.37
2026-09-15,2026-09-17,272,Hazaribagh,Jharkhand,east,23.98,85.37,48,orographic,1.0,3.8,13.8,273.0,1840.8,940.8,15.7,5.2,25.2,260,9,3,0,23.98,85.37
2026-09-15,2026-09-18,272,Hazaribagh,Jharkhand,east,23.98,85.37,72,orographic,1.0,2.5,13.8,302.0,2065.0,941.4,17.8,6.7,25.5,261,9,3,0,23.98,85.37
2026-09-15,2026-09-16,273,Jamtara,Jharkhand,east,23.95,86.82,24,orographic,1.0,4.8,15.9,256.0,2168.8,988.5,21.6,7.8,28.7,259,9,3,0,23.95,86.82
2026-09-15,2026-09-17,273,Jamtara,Jharkhand,east,23.95,86.82,48,orographic,1.0,7.6,8.9,240.0,1945.0,986.8,18.1,5.9,28.1,260,9,3,0,23.95,86.82
2026-09-15,2026-09-18,273,Jamtara,Jharkhand,east,23.95,86.82,72,orographic,0.6667,13.6,7.8,337.0,2130.8,987.3,18.3,6.6,28.1,261,9,3,0,23.95,86.82
2026-09-15,2026-09-16,276,Latehar,Jharkhand,east,23.75,84.15,24,orographic,1.0,3.2,9.0,229.0,1534.2,963.2,21.0,9.0,27.5,259,9,3,0,23.75,84.15
2026-09-15,2026-09-17,276,Latehar,Jharkhand,east,23.75,84.15,48,orographic,1.0,3.2,10.3,250.0,2084.6,961.4,16.2,7.2,26.5,260,9,3,0,23.75,84.15
2026-09-15,2026-09-18,276,Latehar,Jharkhand,east,23.75,84.15,72,orographic,0.6667,5.9,7.7,277.0,2339.6,962.2,16.8,6.9,26.4,261,9,3,0,23.75,84.15
2026-09-15,2026-09-16,275,Koderma,Jharkhand,east,24.18,85.58,24,orographic,1.0,5.7,9.3,240.0,2102.5,967.1,18.5,7.3,27.6,259,9,3,0,24.18,85.58
2026-09-15,2026-09-17,275,Koderma,Jharkhand,east,24.18,85.58,48,orographic,1.0,3.8,12.6,274.0,1848.3,965.3,16.0,6.0,26.3,260,9,3,0,24.18,85.58
2026-09-15,2026-09-18,275,Koderma,Jharkhand,east,24.18,85.58,72,orographic,1.0,2.7,12.1,299.0,2156.3,966.0,17.6,6.1,27.1,261,9,3,0,24.18,85.58
2026-09-15,2026-09-16,274,Khunti,Jharkhand,east,23.08,85.28,24,orographic,1.0,2.4,11.4,270.0,1510.0,939.7,22.2,8.1,26.4,259,9,3,0,23.08,85.28
2026-09-15,2026-09-17,274,Khunti,Jharkhand,east,23.08,85.28,48,orographic,1.0,12.5,10.5,251.0,1941.7,937.9,17.8,6.6,25.9,260,9,3,0,23.08,85.28
2026-09-15,2026-09-18,274,Khunti,Jharkhand,east,23.08,85.28,72,orographic,1.0,13.5,10.8,306.0,1770.4,938.3,17.2,7.1,26.1,261,9,3,0,23.08,85.28
2026-09-15,2026-09-16,277,Lohardaga,Jharkhand,east,23.43,84.68,24,orographic,1.0,3.4,10.3,240.0,1904.6,937.3,18.6,7.3,25.5,259,9,3,0,23.43,84.68
2026-09-15,2026-09-17,277,Lohardaga,Jharkhand,east,23.43,84.68,48,orographic,1.0,5.1,11.7,285.0,1712.9,935.5,16.2,7.4,25.1,260,9,3,0,23.43,84.68
2026-09-15,2026-09-18,277,Lohardaga,Jharkhand,east,23.43,84.68,72,orographic,1.0,2.9,14.1,331.0,1784.2,936.1,19.2,7.5,25.1,261,9,3,0,23.43,84.68
2026-09-15,2026-09-16,279,Palamu,Jharkhand,east,23.82,84.07,24,orographic,1.0,2.0,9.4,245.0,1640.4,970.4,20.6,8.5,28.0,259,9,3,0,23.82,84.07
2026-09-15,2026-09-17,279,Palamu,Jharkhand,east,23.82,84.07,48,orographic,1.0,5.3,10.3,254.0,2127.5,968.6,16.7,7.2,27.1,260,9,3,0,23.82,84.07
2026-09-15,2026-09-18,279,Palamu,Jharkhand,east,23.82,84.07,72,orographic,1.0,5.0,10.2,288.0,2357.9,969.4,17.0,7.4,27.0,261,9,3,0,23.82,84.07
2026-09-15,2026-09-16,278,Pakur,Jharkhand,east,24.63,87.85,24,orographic,1.0,12.7,11.4,230.0,2486.3,1004.4,18.6,7.5,29.0,259,9,3,0,24.63,87.85
2026-09-15,2026-09-17,278,Pakur,Jharkhand,east,24.63,87.85,48,orographic,0.6667,22.1,9.3,208.0,1735.0,1002.9,14.1,6.7,27.6,260,9,3,0,24.63,87.85
2026-09-15,2026-09-18,278,Pakur,Jharkhand,east,24.63,87.85,72,orographic,0.6667,2.7,10.7,134.0,2106.3,1003.5,15.0,6.0,27.9,261,9,3,0,24.63,87.85
2026-09-15,2026-09-16,280,Ramgarh,Jharkhand,east,23.63,85.32,24,orographic,1.0,2.9,9.4,252.0,1870.4,967.3,21.7,9.2,27.4,259,9,3,0,23.63,85.32
2026-09-15,2026-09-17,280,Ramgarh,Jharkhand,east,23.63,85.32,48,orographic,1.0,5.3,9.7,262.0,1972.9,965.5,16.7,7.1,26.6,260,9,3,0,23.63,85.32
2026-09-15,2026-09-18,280,Ramgarh,Jharkhand,east,23.63,85.32,72,orographic,1.0,5.1,17.5,312.0,1956.7,966.2,19.3,8.1,27.4,261,9,3,0,23.63,85.32
2026-09-15,2026-09-16,288,Belagavi,Karnataka,south,15.85,74.5,24,orographic,1.0,2.5,19.0,261.0,821.7,927.2,22.3,7.7,24.4,259,9,3,0,15.85,74.5
2026-09-15,2026-09-17,288,Belagavi,Karnataka,south,15.85,74.5,48,orographic,1.0,1.9,18.8,273.0,912.5,926.3,21.3,7.3,24.2,260,9,3,0,15.85,74.5
2026-09-15,2026-09-18,288,Belagavi,Karnataka,south,15.85,74.5,72,orographic,1.0,1.7,19.4,269.0,1206.7,926.4,21.6,5.8,23.7,261,9,3,0,15.85,74.5
2026-09-15,2026-09-16,281,Ranchi,Jharkhand,east,23.35,85.32,24,orographic,1.0,4.8,10.6,255.0,1715.4,940.0,21.1,7.4,26.0,259,9,3,0,23.35,85.32
2026-09-15,2026-09-17,281,Ranchi,Jharkhand,east,23.35,85.32,48,orographic,1.0,11.0,11.4,271.0,1573.8,938.1,15.2,6.6,25.2,260,9,3,0,23.35,85.32
2026-09-15,2026-09-18,281,Ranchi,Jharkhand,east,23.35,85.32,72,orographic,1.0,5.1,14.1,325.0,1773.8,938.7,19.2,7.2,25.6,261,9,3,0,23.35,85.32
2026-09-15,2026-09-16,285,West Singhbhum,Jharkhand,east,22.35,85.42,24,orographic,1.0,0.2,9.5,234.0,2557.5,965.6,21.8,8.5,27.4,259,9,3,0,22.35,85.42
2026-09-15,2026-09-17,285,West Singhbhum,Jharkhand,east,22.35,85.42,48,orographic,1.0,11.8,13.8,268.0,2160.8,963.9,19.1,7.6,27.0,260,9,3,0,22.35,85.42
2026-09-15,2026-09-18,285,West Singhbhum,Jharkhand,east,22.35,85.42,72,orographic,1.0,17.9,10.6,300.0,1772.5,964.3,16.9,7.5,27.1,261,9,3,0,22.35,85.42
2026-09-15,2026-09-16,282,Sahibganj,Jharkhand,east,25.15,87.65,24,orographic,1.0,9.4,10.0,256.0,2698.3,996.9,18.1,6.9,28.1,259,9,3,0,25.15,87.65
2026-09-15,2026-09-17,282,Sahibganj,Jharkhand,east,25.15,87.65,48,orographic,0.6667,5.2,8.9,219.0,2156.3,995.2,13.7,4.7,26.5,260,9,3,0,25.15,87.65
2026-09-15,2026-09-18,282,Sahibganj,Jharkhand,east,25.15,87.65,72,orographic,0.6667,2.8,9.2,85.0,1975.8,996.1,14.8,6.3,26.8,261,9,3,0,25.15,87.65
2026-09-15,2026-09-16,284,Simdega,Jharkhand,east,22.78,84.5,24,orographic,1.0,2.2,10.3,235.0,1822.5,950.3,22.3,8.8,26.8,259,9,3,0,22.78,84.5
2026-09-15,2026-09-17,284,Simdega,Jharkhand,east,22.78,84.5,48,coastal,0.6667,8.9,7.7,245.0,1952.1,948.4,14.9,8.6,26.5,260,9,3,0,22.78,84.5
2026-09-15,2026-09-18,284,Simdega,Jharkhand,east,22.78,84.5,72,orographic,1.0,6.8,10.7,329.0,1991.7,948.9,16.6,7.8,26.5,261,9,3,0,22.78,84.5
2026-09-15,2026-09-16,287,Ballari,Karnataka,south,15.13,76.55,24,coastal,0.6667,0.1,21.2,252.0,479.6,922.3,25.0,11.0,25.7,259,9,3,0,15.13,76.55
2026-09-15,2026-09-17,287,Ballari,Karnataka,south,15.13,76.55,48,orographic,1.0,0.2,19.0,265.0,980.4,921.3,24.4,10.3,25.6,260,9,3,0,15.13,76.55
2026-09-15,2026-09-18,287,Ballari,Karnataka,south,15.13,76.55,72,coastal,1.0,3.0,20.0,263.0,882.9,921.5,19.8,10.1,25.6,261,9,3,0,15.13,76.55
2026-09-15,2026-09-16,283,Seraikela Kharsawan,Jharkhand,east,22.7,85.83,24,orographic,1.0,4.3,11.8,265.0,2505.4,987.4,20.4,8.5,29.2,259,9,3,0,22.7,85.83
2026-09-15,2026-09-17,283,Seraikela Kharsawan,Jharkhand,east,22.7,85.83,48,orographic,1.0,14.8,14.0,262.0,2180.4,985.7,16.7,6.8,28.2,260,9,3,0,22.7,85.83
2026-09-15,2026-09-18,283,Seraikela Kharsawan,Jharkhand,east,22.7,85.83,72,orographic,1.0,9.4,9.6,272.0,2040.0,986.1,18.8,7.2,28.2,261,9,3,0,22.7,85.83
2026-09-15,2026-09-16,286,Bagalkot,Karnataka,south,16.18,75.68,24,orographic,1.0,8.1,19.1,258.0,600.0,953.5,24.2,11.6,29.0,259,9,3,0,16.18,75.68
2026-09-15,2026-09-17,286,Bagalkot,Karnataka,south,16.18,75.68,48,orographic,0.6667,1.0,21.2,273.0,792.1,952.3,23.3,11.0,28.3,260,9,3,0,16.18,75.68
2026-09-15,2026-09-18,286,Bagalkot,Karnataka,south,16.18,75.68,72,orographic,1.0,10.7,18.9,267.0,1044.2,952.6,20.4,10.5,28.4,261,9,3,0,16.18,75.68
2026-09-15,2026-09-16,293,Chikkaballapur,Karnataka,south,13.43,77.72,24,orographic,0.6667,0.3,14.5,264.0,304.6,913.7,24.2,11.1,26.4,259,9,3,0,13.43,77.72
2026-09-15,2026-09-17,293,Chikkaballapur,Karnataka,south,13.43,77.72,48,orographic,1.0,1.8,14.9,279.0,649.6,912.7,24.7,10.7,25.8,260,9,3,0,13.43,77.72
2026-09-15,2026-09-18,293,Chikkaballapur,Karnataka,south,13.43,77.72,72,orographic,1.0,0.1,16.0,295.0,696.3,912.8,24.7,11.0,25.7,261,9,3,0,13.43,77.72
2026-09-15,2026-09-16,289,Bengaluru Rural,Karnataka,south,13.24,77.58,24,orographic,0.6667,0.5,16.9,248.0,437.9,915.5,24.2,11.2,25.7,259,9,3,0,13.24,77.58
2026-09-15,2026-09-17,289,Bengaluru Rural,Karnataka,south,13.24,77.58,48,orographic,0.6667,1.0,25.6,269.0,785.0,914.6,24.4,10.9,25.6,260,9,3,0,13.24,77.58
2026-09-15,2026-09-18,289,Bengaluru Rural,Karnataka,south,13.24,77.58,72,orographic,1.0,0.5,17.2,284.0,909.6,914.6,24.7,11.2,26.1,261,9,3,0,13.24,77.58
2026-09-15,2026-09-16,291,Bidar,Karnataka,south,17.68,77.53,24,orographic,1.0,1.2,9.8,245.0,752.9,943.1,22.5,8.1,26.1,259,9,3,0,17.68,77.53
2026-09-15,2026-09-17,291,Bidar,Karnataka,south,17.68,77.53,48,orographic,1.0,5.6,12.6,283.0,1636.3,942.1,19.1,7.5,26.1,260,9,3,0,17.68,77.53
2026-09-15,2026-09-18,291,Bidar,Karnataka,south,17.68,77.53,72,orographic,1.0,0.9,14.1,300.0,1349.6,942.2,19.7,7.8,25.8,261,9,3,0,17.68,77.53
2026-09-15,2026-09-16,290,Bengaluru Urban,Karnataka,south,12.97,77.59,24,orographic,1.0,6.2,13.4,228.0,896.3,913.7,21.4,10.9,25.9,259,9,3,0,12.97,77.59
2026-09-15,2026-09-17,290,Bengaluru Urban,Karnataka,south,12.97,77.59,48,orographic,1.0,3.9,16.1,258.0,1054.2,912.9,24.9,10.2,25.5,260,9,3,0,12.97,77.59
2026-09-15,2026-09-18,290,Bengaluru Urban,Karnataka,south,12.97,77.59,72,orographic,1.0,4.0,12.4,273.0,897.1,912.9,23.9,10.1,25.6,261,9,3,0,12.97,77.59
2026-09-15,2026-09-16,294,Chikkamagaluru,Karnataka,south,13.32,75.78,24,orographic,0.6667,2.0,13.9,278.0,299.6,903.0,24.8,11.2,23.4,259,9,3,0,13.32,75.78
2026-09-15,2026-09-17,294,Chikkamagaluru,Karnataka,south,13.32,75.78,48,orographic,1.0,2.7,16.3,290.0,624.2,902.2,23.1,9.2,23.1,260,9,3,0,13.32,75.78
2026-09-15,2026-09-18,294,Chikkamagaluru,Karnataka,south,13.32,75.78,72,orographic,1.0,4.0,17.6,284.0,769.2,902.5,21.6,7.7,23.6,261,9,3,0,13.32,75.78
2026-09-15,2026-09-16,292,Chamarajanagar,Karnataka,south,11.92,76.95,24,orographic,1.0,9.5,14.0,226.0,1269.6,934.2,21.0,10.7,26.4,259,9,3,0,11.92,76.95
2026-09-15,2026-09-17,292,Chamarajanagar,Karnataka,south,11.92,76.95,48,orographic,0.6667,0.6,20.1,275.0,779.6,933.3,23.8,11.6,26.4,260,9,3,0,11.92,76.95
2026-09-15,2026-09-18,292,Chamarajanagar,Karnataka,south,11.92,76.95,72,orographic,1.0,0.3,17.7,283.0,807.9,933.4,24.2,11.3,26.8,261,9,3,0,11.92,76.95
2026-09-15,2026-09-16,296,Dakshina Kannada,Karnataka,south,12.87,75.25,24,orographic,1.0,2.1,16.7,271.0,1096.3,1002.0,23.9,9.9,28.2,259,9,3,0,12.87,75.25
2026-09-15,2026-09-17,296,Dakshina Kannada,Karnataka,south,12.87,75.25,48,orographic,1.0,7.6,13.7,76.0,1635.8,1001.0,21.1,8.3,28.4,260,9,3,0,12.87,75.25
2026-09-15,2026-09-18,296,Dakshina Kannada,Karnataka,south,12.87,75.25,72,orographic,1.0,9.5,14.7,265.0,1703.8,1001.3,19.6,6.3,27.4,261,9,3,0,12.87,75.25
2026-09-15,2026-09-16,295,Chitradurga,Karnataka,south,14.23,76.4,24,orographic,0.6667,0.0,19.4,267.0,300.8,933.6,26.1,12.3,25.8,259,9,3,0,14.23,76.4
2026-09-15,2026-09-17,295,Chitradurga,Karnataka,south,14.23,76.4,48,coastal,1.0,2.0,22.9,269.0,860.4,932.6,21.9,11.0,26.3,260,9,3,0,14.23,76.4
2026-09-15,2026-09-18,295,Chitradurga,Karnataka,south,14.23,76.4,72,coastal,1.0,1.3,21.5,273.0,900.4,932.9,22.6,10.4,26.7,261,9,3,0,14.23,76.4
2026-09-15,2026-09-16,298,Dharwad,Karnataka,south,15.45,75.0,24,orographic,0.6667,1.1,21.3,253.0,765.0,931.4,22.0,9.6,25.1,259,9,3,0,15.45,75.0
2026-09-15,2026-09-17,298,Dharwad,Karnataka,south,15.45,75.0,48,orographic,1.0,1.6,18.5,266.0,942.5,930.5,22.4,8.3,25.5,260,9,3,0,15.45,75.0
2026-09-15,2026-09-18,298,Dharwad,Karnataka,south,15.45,75.0,72,orographic,1.0,3.1,19.9,263.0,1238.3,930.7,19.9,6.6,25.1,261,9,3,0,15.45,75.0
2026-09-15,2026-09-16,299,Gadag,Karnataka,south,15.43,75.63,24,orographic,0.6667,2.2,20.8,257.0,628.3,941.0,24.1,11.6,26.6,259,9,3,0,15.43,75.63
2026-09-15,2026-09-17,299,Gadag,Karnataka,south,15.43,75.63,48,coastal,1.0,1.2,22.7,267.0,816.3,940.0,24.2,10.5,27.0,260,9,3,0,15.43,75.63
2026-09-15,2026-09-18,299,Gadag,Karnataka,south,15.43,75.63,72,coastal,1.0,6.0,20.5,272.0,1032.5,940.2,20.2,9.4,26.5,261,9,3,0,15.43,75.63
2026-09-15,2026-09-16,300,Hassan,Karnataka,south,13.0,76.1,24,coastal,0.6667,0.2,20.4,261.0,330.8,911.3,25.1,10.8,24.1,259,9,3,0,13.0,76.1
2026-09-15,2026-09-17,300,Hassan,Karnataka,south,13.0,76.1,48,coastal,1.0,0.6,20.5,269.0,812.9,910.5,24.2,10.4,24.4,260,9,3,0,13.0,76.1
2026-09-15,2026-09-18,300,Hassan,Karnataka,south,13.0,76.1,72,coastal,1.0,1.3,20.4,273.0,895.8,910.7,23.7,9.5,24.9,261,9,3,0,13.0,76.1
2026-09-15,2026-09-16,302,Kalaburagi,Karnataka,south,17.33,76.83,24,orographic,1.0,0.6,13.7,269.0,591.3,960.8,23.5,8.9,28.8,259,9,3,0,17.33,76.83
2026-09-15,2026-09-17,302,Kalaburagi,Karnataka,south,17.33,76.83,48,orographic,1.0,4.7,18.5,287.0,1245.0,959.7,22.4,8.6,28.0,260,9,3,0,17.33,76.83
2026-09-15,2026-09-18,302,Kalaburagi,Karnataka,south,17.33,76.83,72,orographic,1.0,1.1,15.7,286.0,1275.4,959.9,21.9,8.5,27.8,261,9,3,0,17.33,76.83
2026-09-15,2026-09-16,304,Kolar,Karnataka,south,13.13,78.13,24,orographic,1.0,8.6,15.2,253.0,700.8,921.3,22.7,10.4,25.6,259,9,3,0,13.13,78.13
2026-09-15,2026-09-17,304,Kolar,Karnataka,south,13.13,78.13,48,coastal,1.0,3.9,21.3,264.0,948.3,920.4,24.4,10.2,25.8,260,9,3,0,13.13,78.13
2026-09-15,2026-09-18,304,Kolar,Karnataka,south,13.13,78.13,72,orographic,1.0,1.4,17.1,282.0,1045.8,920.2,24.9,10.4,26.2,261,9,3,0,13.13,78.13
2026-09-15,2026-09-16,301,Haveri,Karnataka,south,14.8,75.4,24,orographic,1.0,2.4,19.2,251.0,896.3,949.3,20.1,10.7,26.1,259,9,3,0,14.8,75.4
2026-09-15,2026-09-17,301,Haveri,Karnataka,south,14.8,75.4,48,coastal,1.0,3.4,20.3,265.0,1043.3,948.3,21.9,9.1,26.9,260,9,3,0,14.8,75.4
2026-09-15,2026-09-18,301,Haveri,Karnataka,south,14.8,75.4,72,coastal,1.0,4.0,20.8,266.0,1265.8,948.5,19.3,7.4,26.1,261,9,3,0,14.8,75.4
2026-09-15,2026-09-16,303,Kodagu,Karnataka,south,12.42,75.75,24,orographic,0.6667,0.0,15.7,287.0,257.9,883.7,24.9,11.9,21.6,259,9,3,0,12.42,75.75
2026-09-15,2026-09-17,303,Kodagu,Karnataka,south,12.42,75.75,48,orographic,1.0,1.1,13.7,290.0,720.4,883.0,22.9,9.4,21.4,260,9,3,0,12.42,75.75
2026-09-15,2026-09-18,303,Kodagu,Karnataka,south,12.42,75.75,72,orographic,1.0,3.7,16.5,287.0,887.9,883.1,22.1,7.3,22.0,261,9,3,0,12.42,75.75
2026-09-15,2026-09-16,297,Davangere,Karnataka,south,14.47,75.92,24,coastal,0.6667,2.5,25.3,265.0,493.3,947.6,23.5,12.5,27.4,259,9,3,0,14.47,75.92
2026-09-15,2026-09-17,297,Davangere,Karnataka,south,14.47,75.92,48,coastal,1.0,1.2,22.0,267.0,907.5,946.6,22.6,10.9,28.1,260,9,3,0,14.47,75.92
2026-09-15,2026-09-18,297,Davangere,Karnataka,south,14.47,75.92,72,orographic,1.0,4.2,18.7,271.0,1085.0,946.8,18.9,9.9,27.8,261,9,3,0,14.47,75.92
2026-09-15,2026-09-16,305,Koppal,Karnataka,south,15.35,76.28,24,orographic,0.6667,0.8,26.5,250.0,563.3,958.2,24.8,11.0,28.4,259,9,3,0,15.35,76.28
2026-09-15,2026-09-17,305,Koppal,Karnataka,south,15.35,76.28,48,orographic,1.0,1.3,19.1,262.0,992.9,957.1,23.7,11.0,28.2,260,9,3,0,15.35,76.28
2026-09-15,2026-09-18,305,Koppal,Karnataka,south,15.35,76.28,72,coastal,1.0,4.6,20.3,269.0,871.3,957.4,22.3,10.8,28.6,261,9,3,0,15.35,76.28
2026-09-15,2026-09-16,306,Mandya,Karnataka,south,12.52,76.9,24,orographic,1.0,0.7,12.9,230.0,1127.1,938.9,23.5,10.0,26.3,259,9,3,0,12.52,76.9
2026-09-15,2026-09-17,306,Mandya,Karnataka,south,12.52,76.9,48,orographic,1.0,4.3,18.6,253.0,1193.3,937.9,24.0,11.1,26.4,260,9,3,0,12.52,76.9
2026-09-15,2026-09-18,306,Mandya,Karnataka,south,12.52,76.9,72,orographic,1.0,1.1,12.6,267.0,1058.8,937.9,23.5,11.4,26.7,261,9,3,0,12.52,76.9
2026-09-15,2026-09-16,312,Uttara Kannada,Karnataka,south,14.8,74.13,24,orographic,1.0,2.9,13.9,265.0,1173.3,1007.5,21.0,4.3,26.8,259,9,3,0,14.8,74.13
2026-09-15,2026-09-17,312,Uttara Kannada,Karnataka,south,14.8,74.13,48,orographic,1.0,0.6,13.9,280.0,1633.3,1006.4,23.1,4.3,27.2,260,9,3,0,14.8,74.13
2026-09-15,2026-09-18,312,Uttara Kannada,Karnataka,south,14.8,74.13,72,orographic,1.0,1.4,13.8,275.0,1647.9,1006.6,19.5,3.1,27.2,261,9,3,0,14.8,74.13
2026-09-15,2026-09-16,307,Mysuru,Karnataka,south,12.3,76.65,24,orographic,1.0,6.5,18.0,240.0,769.6,932.2,22.1,9.8,25.7,259,9,3,0,12.3,76.65
2026-09-15,2026-09-17,307,Mysuru,Karnataka,south,12.3,76.65,48,orographic,1.0,3.9,15.2,247.0,1284.2,931.3,24.3,10.5,25.9,260,9,3,0,12.3,76.65
2026-09-15,2026-09-18,307,Mysuru,Karnataka,south,12.3,76.65,72,orographic,1.0,1.0,19.1,256.0,1120.8,931.3,22.5,10.4,26.2,261,9,3,0,12.3,76.65
2026-09-15,2026-09-16,309,Shivamogga,Karnataka,south,13.93,75.57,24,orographic,1.0,0.3,19.2,248.0,576.7,948.7,24.5,11.9,26.1,259,9,3,0,13.93,75.57
2026-09-15,2026-09-17,309,Shivamogga,Karnataka,south,13.93,75.57,48,orographic,1.0,4.5,17.5,259.0,1026.7,947.7,20.9,9.5,27.1,260,9,3,0,13.93,75.57
2026-09-15,2026-09-18,309,Shivamogga,Karnataka,south,13.93,75.57,72,orographic,1.0,2.9,15.3,256.0,1178.8,947.8,19.7,8.5,26.1,261,9,3,0,13.93,75.57
2026-09-15,2026-09-16,310,Tumakuru,Karnataka,south,13.34,77.1,24,orographic,1.0,0.6,14.1,235.0,508.8,923.8,25.4,10.7,26.2,259,9,3,0,13.34,77.1
2026-09-15,2026-09-17,310,Tumakuru,Karnataka,south,13.34,77.1,48,coastal,1.0,0.9,20.0,271.0,837.5,922.9,24.4,10.9,25.9,260,9,3,0,13.34,77.1
2026-09-15,2026-09-18,310,Tumakuru,Karnataka,south,13.34,77.1,72,coastal,1.0,0.7,23.0,284.0,995.4,923.0,23.5,11.2,26.6,261,9,3,0,13.34,77.1
2026-09-15,2026-09-16,311,Udupi,Karnataka,south,13.35,74.75,24,orographic,1.0,0.3,17.0,276.0,1309.6,1011.7,20.8,5.3,26.5,259,9,3,0,13.35,74.75
2026-09-15,2026-09-17,311,Udupi,Karnataka,south,13.35,74.75,48,orographic,1.0,1.2,16.0,262.0,1698.3,1010.6,23.6,5.2,27.2,260,9,3,0,13.35,74.75
2026-09-15,2026-09-18,311,Udupi,Karnataka,south,13.35,74.75,72,orographic,1.0,2.2,14.8,250.0,1565.8,1011.0,22.1,4.4,26.5,261,9,3,0,13.35,74.75
2026-09-15,2026-09-16,308,Raichur,Karnataka,south,16.2,77.37,24,orographic,1.0,0.3,16.9,287.0,652.5,965.0,24.0,8.2,29.3,259,9,3,0,16.2,77.37
2026-09-15,2026-09-17,308,Raichur,Karnataka,south,16.2,77.37,48,orographic,1.0,5.9,13.5,290.0,1332.9,964.0,22.7,8.6,29.0,260,9,3,0,16.2,77.37
2026-09-15,2026-09-18,308,Raichur,Karnataka,south,16.2,77.37,72,coastal,1.0,6.0,24.1,296.0,1278.3,964.2,20.5,9.0,28.0,261,9,3,0,16.2,77.37
2026-09-15,2026-09-16,313,Vijayapura,Karnataka,south,16.83,75.7,24,orographic,1.0,2.9,19.3,258.0,607.5,944.6,24.0,11.4,28.4,259,9,3,0,16.83,75.7
2026-09-15,2026-09-17,313,Vijayapura,Karnataka,south,16.83,75.7,48,orographic,1.0,3.8,12.4,274.0,872.9,943.4,23.3,10.6,27.9,260,9,3,0,16.83,75.7
2026-09-15,2026-09-18,313,Vijayapura,Karnataka,south,16.83,75.7,72,orographic,1.0,4.3,15.3,276.0,1082.5,943.7,21.0,10.2,27.7,261,9,3,0,16.83,75.7
2026-09-15,2026-09-16,314,Yadgir,Karnataka,south,16.77,77.03,24,orographic,1.0,5.8,14.5,294.0,712.9,969.8,23.6,8.4,29.3,259,9,3,0,16.77,77.03
2026-09-15,2026-09-17,314,Yadgir,Karnataka,south,16.77,77.03,48,orographic,1.0,1.6,19.5,303.0,1364.6,968.8,22.4,8.6,28.7,260,9,3,0,16.77,77.03
2026-09-15,2026-09-18,314,Yadgir,Karnataka,south,16.77,77.03,72,orographic,1.0,5.6,18.3,295.0,1271.3,969.1,22.2,8.5,28.5,261,9,3,0,16.77,77.03
2026-09-15,2026-09-16,316,Ramanagara,Karnataka,south,12.72,77.28,24,orographic,1.0,3.2,13.2,227.0,1310.0,937.4,22.2,10.5,26.6,259,9,3,0,12.72,77.28
2026-09-15,2026-09-17,316,Ramanagara,Karnataka,south,12.72,77.28,48,orographic,1.0,4.3,15.1,262.0,1320.0,936.5,23.8,11.2,26.6,260,9,3,0,12.72,77.28
2026-09-15,2026-09-18,316,Ramanagara,Karnataka,south,12.72,77.28,72,orographic,1.0,3.5,16.2,272.0,1145.4,936.5,22.9,10.8,26.7,261,9,3,0,12.72,77.28
2026-09-15,2026-09-16,317,Alappuzha,Kerala,west_coast,9.5,76.33,24,orographic,1.0,7.2,15.0,316.0,1892.9,1011.9,23.3,4.7,27.0,259,9,3,0,9.5,76.33
2026-09-15,2026-09-17,317,Alappuzha,Kerala,west_coast,9.5,76.33,48,orographic,1.0,10.4,15.5,271.0,1702.5,1011.3,21.4,3.9,26.9,260,9,3,0,9.5,76.33
2026-09-15,2026-09-18,317,Alappuzha,Kerala,west_coast,9.5,76.33,72,orographic,1.0,6.6,16.0,305.0,1582.5,1011.1,22.9,4.4,26.6,261,9,3,0,9.5,76.33
2026-09-15,2026-09-16,315,Vijayanagara,Karnataka,south,15.13,76.55,24,coastal,0.6667,0.1,21.2,252.0,479.6,922.3,25.0,11.0,25.7,259,9,3,0,15.13,76.55
2026-09-15,2026-09-17,315,Vijayanagara,Karnataka,south,15.13,76.55,48,orographic,1.0,0.2,19.0,265.0,980.4,921.3,24.4,10.3,25.6,260,9,3,0,15.13,76.55
2026-09-15,2026-09-18,315,Vijayanagara,Karnataka,south,15.13,76.55,72,coastal,1.0,3.0,20.0,263.0,882.9,921.5,19.8,10.1,25.6,261,9,3,0,15.13,76.55
2026-09-15,2026-09-16,318,Ernakulam,Kerala,west_coast,9.98,76.28,24,orographic,1.0,5.1,13.4,314.0,1599.6,1011.8,24.0,5.0,27.3,259,9,3,0,9.98,76.28
2026-09-15,2026-09-17,318,Ernakulam,Kerala,west_coast,9.98,76.28,48,orographic,1.0,8.3,14.4,252.0,1536.3,1011.2,21.6,4.3,27.0,260,9,3,0,9.98,76.28
2026-09-15,2026-09-18,318,Ernakulam,Kerala,west_coast,9.98,76.28,72,orographic,1.0,3.9,12.6,299.0,1602.9,1011.0,22.6,4.5,26.9,261,9,3,0,9.98,76.28
2026-09-15,2026-09-16,320,Kannur,Kerala,west_coast,11.87,75.37,24,orographic,0.6667,0.0,20.6,302.0,1128.3,1010.4,23.4,7.3,27.9,259,9,3,0,11.87,75.37
2026-09-15,2026-09-17,320,Kannur,Kerala,west_coast,11.87,75.37,48,orographic,1.0,0.3,14.8,280.0,1727.5,1009.6,21.6,5.4,27.3,260,9,3,0,11.87,75.37
2026-09-15,2026-09-18,320,Kannur,Kerala,west_coast,11.87,75.37,72,orographic,1.0,1.4,16.3,293.0,1449.2,1009.8,23.1,5.3,27.1,261,9,3,0,11.87,75.37
2026-09-15,2026-09-16,319,Idukki,Kerala,west_coast,9.92,77.1,24,orographic,1.0,4.0,13.0,272.0,832.1,899.3,22.1,7.8,21.7,259,9,3,0,9.92,77.1
2026-09-15,2026-09-17,319,Idukki,Kerala,west_coast,9.92,77.1,48,orographic,1.0,4.1,13.3,277.0,677.5,898.5,20.4,7.7,20.8,260,9,3,0,9.92,77.1
2026-09-15,2026-09-18,319,Idukki,Kerala,west_coast,9.92,77.1,72,orographic,1.0,2.4,16.6,276.0,1005.0,898.4,20.4,5.7,21.5,261,9,3,0,9.92,77.1
2026-09-15,2026-09-16,322,Kollam,Kerala,west_coast,8.88,76.6,24,orographic,1.0,3.8,16.8,306.0,1716.3,1011.4,23.1,5.2,26.9,259,9,3,0,8.88,76.6
2026-09-15,2026-09-17,322,Kollam,Kerala,west_coast,8.88,76.6,48,orographic,1.0,4.7,14.2,270.0,1496.7,1010.9,20.4,3.9,27.2,260,9,3,0,8.88,76.6
2026-09-15,2026-09-18,322,Kollam,Kerala,west_coast,8.88,76.6,72,orographic,1.0,4.2,18.9,300.0,1536.7,1010.6,21.9,4.9,26.8,261,9,3,0,8.88,76.6
2026-09-15,2026-09-16,323,Kottayam,Kerala,west_coast,9.59,76.52,24,orographic,1.0,9.7,14.9,317.0,1450.4,1010.4,23.3,7.7,27.9,259,9,3,0,9.59,76.52
2026-09-15,2026-09-17,323,Kottayam,Kerala,west_coast,9.59,76.52,48,orographic,1.0,12.9,13.2,255.0,1462.5,1009.9,19.9,7.1,27.6,260,9,3,0,9.59,76.52
2026-09-15,2026-09-18,323,Kottayam,Kerala,west_coast,9.59,76.52,72,orographic,1.0,4.5,14.5,306.0,1419.6,1009.7,21.2,7.0,27.4,261,9,3,0,9.59,76.52
2026-09-15,2026-09-16,321,Kasaragod,Kerala,west_coast,12.5,74.98,24,orographic,1.0,0.0,18.1,318.0,1224.6,1010.8,24.2,7.9,27.2,259,9,3,0,12.5,74.98
2026-09-15,2026-09-17,321,Kasaragod,Kerala,west_coast,12.5,74.98,48,orographic,1.0,0.4,15.2,298.0,1580.8,1009.8,21.4,5.9,27.1,260,9,3,0,12.5,74.98
2026-09-15,2026-09-18,321,Kasaragod,Kerala,west_coast,12.5,74.98,72,orographic,1.0,4.0,15.2,294.0,1321.7,1010.1,23.0,5.8,26.4,261,9,3,0,12.5,74.98
2026-09-15,2026-09-16,326,Palakkad,Kerala,west_coast,10.78,76.65,24,orographic,1.0,4.9,14.6,273.0,1157.9,1003.2,22.2,7.9,27.4,259,9,3,0,10.78,76.65
2026-09-15,2026-09-17,326,Palakkad,Kerala,west_coast,10.78,76.65,48,orographic,1.0,9.1,17.1,282.0,1482.9,1002.5,21.1,7.6,27.4,260,9,3,0,10.78,76.65
2026-09-15,2026-09-18,326,Palakkad,Kerala,west_coast,10.78,76.65,72,orographic,1.0,6.2,18.5,281.0,1414.2,1002.4,18.4,6.7,26.5,261,9,3,0,10.78,76.65
2026-09-15,2026-09-16,325,Malappuram,Kerala,west_coast,11.07,76.07,24,orographic,1.0,0.2,18.5,295.0,1112.1,1004.9,22.7,9.2,28.9,259,9,3,0,11.07,76.07
2026-09-15,2026-09-17,325,Malappuram,Kerala,west_coast,11.07,76.07,48,orographic,1.0,8.2,15.1,278.0,1644.2,1004.2,20.3,8.2,28.2,260,9,3,0,11.07,76.07
2026-09-15,2026-09-18,325,Malappuram,Kerala,west_coast,11.07,76.07,72,orographic,1.0,3.7,16.8,291.0,1382.1,1004.3,20.8,7.3,27.6,261,9,3,0,11.07,76.07
2026-09-15,2026-09-16,327,Pathanamthitta,Kerala,west_coast,9.27,76.78,24,orographic,1.0,16.2,12.4,321.0,1440.0,1007.9,21.7,8.3,27.0,259,9,3,0,9.27,76.78
2026-09-15,2026-09-17,327,Pathanamthitta,Kerala,west_coast,9.27,76.78,48,orographic,1.0,20.1,13.6,350.0,1316.7,1007.5,17.1,7.4,27.0,260,9,3,0,9.27,76.78
2026-09-15,2026-09-18,327,Pathanamthitta,Kerala,west_coast,9.27,76.78,72,orographic,1.0,4.6,12.3,326.0,1437.1,1007.2,19.9,6.8,26.7,261,9,3,0,9.27,76.78
2026-09-15,2026-09-16,324,Kozhikode,Kerala,west_coast,11.25,75.77,24,orographic,1.0,0.0,18.9,298.0,1193.3,1012.5,22.6,6.3,28.0,259,9,3,0,11.25,75.77
2026-09-15,2026-09-17,324,Kozhikode,Kerala,west_coast,11.25,75.77,48,orographic,1.0,0.9,18.0,288.0,1731.3,1011.7,21.8,6.5,27.2,260,9,3,0,11.25,75.77
2026-09-15,2026-09-18,324,Kozhikode,Kerala,west_coast,11.25,75.77,72,orographic,1.0,3.7,16.8,290.0,1586.7,1011.8,21.8,5.8,26.9,261,9,3,0,11.25,75.77
2026-09-15,2026-09-16,328,Thiruvananthapuram,Kerala,west_coast,8.52,76.94,24,orographic,1.0,4.1,17.2,309.0,1570.8,1009.8,22.9,6.3,26.6,259,9,3,0,8.52,76.94
2026-09-15,2026-09-17,328,Thiruvananthapuram,Kerala,west_coast,8.52,76.94,48,orographic,1.0,3.6,13.2,276.0,1434.2,1009.4,20.7,5.3,27.0,260,9,3,0,8.52,76.94
2026-09-15,2026-09-18,328,Thiruvananthapuram,Kerala,west_coast,8.52,76.94,72,orographic,1.0,2.3,18.3,305.0,1555.0,1009.0,21.0,5.1,26.9,261,9,3,0,8.52,76.94
2026-09-15,2026-09-16,329,Thrissur,Kerala,west_coast,10.52,76.21,24,orographic,1.0,0.0,15.7,290.0,1204.2,1010.3,23.9,7.5,29.1,259,9,3,0,10.52,76.21
2026-09-15,2026-09-17,329,Thrissur,Kerala,west_coast,10.52,76.21,48,orographic,1.0,2.5,14.9,232.0,1540.0,1009.7,20.6,6.7,28.2,260,9,3,0,10.52,76.21
2026-09-15,2026-09-18,329,Thrissur,Kerala,west_coast,10.52,76.21,72,orographic,1.0,3.0,15.6,264.0,1512.5,1009.7,21.3,6.3,27.5,261,9,3,0,10.52,76.21
2026-09-15,2026-09-16,331,Agar Malwa,Madhya Pradesh,central,23.02,76.0,24,orographic,1.0,0.5,14.4,253.0,1280.0,952.6,20.6,6.8,25.4,259,9,3,0,23.02,76.0
2026-09-15,2026-09-17,331,Agar Malwa,Madhya Pradesh,central,23.02,76.0,48,orographic,1.0,3.8,12.5,262.0,1112.9,951.3,18.9,6.5,25.9,260,9,3,0,23.02,76.0
2026-09-15,2026-09-18,331,Agar Malwa,Madhya Pradesh,central,23.02,76.0,72,orographic,1.0,2.2,15.0,260.0,1443.3,951.5,19.8,6.9,25.9,261,9,3,0,23.02,76.0
2026-09-15,2026-09-16,330,Wayanad,Kerala,west_coast,11.68,76.13,24,orographic,0.6667,3.6,10.9,242.0,490.8,931.5,21.5,9.9,25.2,259,9,3,0,11.68,76.13
2026-09-15,2026-09-17,330,Wayanad,Kerala,west_coast,11.68,76.13,48,orographic,1.0,6.2,15.1,226.0,945.4,930.6,22.3,10.2,25.0,260,9,3,0,11.68,76.13
2026-09-15,2026-09-18,330,Wayanad,Kerala,west_coast,11.68,76.13,72,orographic,1.0,1.9,12.7,260.0,985.4,930.7,18.9,8.3,25.0,261,9,3,0,11.68,76.13
2026-09-15,2026-09-16,333,Anuppur,Madhya Pradesh,central,23.1,81.68,24,orographic,1.0,3.5,18.3,283.0,1600.0,956.1,19.8,7.4,26.5,259,9,3,0,23.1,81.68
2026-09-15,2026-09-17,333,Anuppur,Madhya Pradesh,central,23.1,81.68,48,orographic,1.0,4.1,15.8,278.0,1819.6,954.4,17.0,6.7,26.0,260,9,3,0,23.1,81.68
2026-09-15,2026-09-18,333,Anuppur,Madhya Pradesh,central,23.1,81.68,72,orographic,1.0,5.9,12.2,301.0,1808.3,954.9,20.9,8.3,26.0,261,9,3,0,23.1,81.68
2026-09-15,2026-09-16,335,Balaghat,Madhya Pradesh,central,21.8,80.18,24,orographic,1.0,7.0,10.7,313.0,2125.4,976.6,18.8,6.6,26.8,259,9,3,0,21.8,80.18
2026-09-15,2026-09-17,335,Balaghat,Madhya Pradesh,central,21.8,80.18,48,orographic,0.6667,1.3,7.2,332.0,2172.9,974.8,21.8,7.3,27.5,260,9,3,0,21.8,80.18
2026-09-15,2026-09-18,335,Balaghat,Madhya Pradesh,central,21.8,80.18,72,orographic,1.0,8.3,14.8,320.0,2390.0,975.2,19.3,7.2,26.6,261,9,3,0,21.8,80.18
2026-09-15,2026-09-16,332,Alirajpur,Madhya Pradesh,central,22.32,74.68,24,orographic,1.0,9.0,13.9,257.0,1176.7,979.8,18.5,6.7,26.6,259,9,3,0,22.32,74.68
2026-09-15,2026-09-17,332,Alirajpur,Madhya Pradesh,central,22.32,74.68,48,orographic,1.0,8.1,15.4,266.0,1156.7,978.5,18.8,8.0,27.0,260,9,3,0,22.32,74.68
2026-09-15,2026-09-18,332,Alirajpur,Madhya Pradesh,central,22.32,74.68,72,orographic,1.0,4.6,15.3,254.0,1397.9,978.6,19.2,6.4,26.4,261,9,3,0,22.32,74.68
2026-09-15,2026-09-16,334,Ashoknagar,Madhya Pradesh,central,24.58,77.72,24,orographic,1.0,2.5,13.9,255.0,1891.3,954.8,20.1,6.6,26.8,259,9,3,0,24.58,77.72
2026-09-15,2026-09-17,334,Ashoknagar,Madhya Pradesh,central,24.58,77.72,48,orographic,1.0,3.6,13.8,267.0,1647.9,953.3,18.3,6.1,25.9,260,9,3,0,24.58,77.72
2026-09-15,2026-09-18,334,Ashoknagar,Madhya Pradesh,central,24.58,77.72,72,orographic,1.0,3.9,14.5,267.0,1554.6,953.9,17.9,7.4,26.1,261,9,3,0,24.58,77.72
2026-09-15,2026-09-16,336,Barwani,Madhya Pradesh,central,22.03,74.9,24,orographic,1.0,5.6,10.5,238.0,1271.7,990.3,19.1,5.8,27.0,259,9,3,0,22.03,74.9
2026-09-15,2026-09-17,336,Barwani,Madhya Pradesh,central,22.03,74.9,48,orographic,1.0,8.8,16.4,262.0,1353.3,989.0,19.4,7.0,28.1,260,9,3,0,22.03,74.9
2026-09-15,2026-09-18,336,Barwani,Madhya Pradesh,central,22.03,74.9,72,orographic,1.0,9.2,15.5,237.0,1247.9,989.2,18.4,5.9,26.9,261,9,3,0,22.03,74.9
2026-09-15,2026-09-16,337,Betul,Madhya Pradesh,central,21.92,77.93,24,orographic,1.0,0.8,11.1,262.0,1093.3,938.9,22.3,7.5,24.9,259,9,3,0,21.92,77.93
2026-09-15,2026-09-17,337,Betul,Madhya Pradesh,central,21.92,77.93,48,orographic,1.0,3.2,11.8,278.0,1576.3,937.6,18.8,7.5,24.8,260,9,3,0,21.92,77.93
2026-09-15,2026-09-18,337,Betul,Madhya Pradesh,central,21.92,77.93,72,orographic,1.0,5.0,12.7,293.0,1441.7,937.9,15.7,6.3,23.9,261,9,3,0,21.92,77.93
2026-09-15,2026-09-16,338,Bhopal,Madhya Pradesh,central,23.27,77.41,24,orographic,1.0,1.2,11.1,258.0,1207.1,955.6,20.7,6.8,26.4,259,9,3,0,23.27,77.41
2026-09-15,2026-09-17,338,Bhopal,Madhya Pradesh,central,23.27,77.41,48,orographic,1.0,4.5,11.0,272.0,1632.5,954.3,18.6,6.3,26.2,260,9,3,0,23.27,77.41
2026-09-15,2026-09-18,338,Bhopal,Madhya Pradesh,central,23.27,77.41,72,orographic,1.0,1.5,12.3,272.0,1539.6,954.7,19.0,7.2,26.2,261,9,3,0,23.27,77.41
2026-09-15,2026-09-16,342,Damoh,Madhya Pradesh,central,23.83,79.45,24,orographic,1.0,5.0,10.0,246.0,1752.1,967.7,18.6,7.1,26.9,259,9,3,0,23.83,79.45
2026-09-15,2026-09-17,342,Damoh,Madhya Pradesh,central,23.83,79.45,48,orographic,1.0,11.7,10.6,248.0,1847.9,966.1,15.8,6.0,26.5,260,9,3,0,23.83,79.45
2026-09-15,2026-09-18,342,Damoh,Madhya Pradesh,central,23.83,79.45,72,orographic,1.0,6.2,10.9,272.0,1898.8,966.6,18.5,7.8,26.8,261,9,3,0,23.83,79.45
2026-09-15,2026-09-16,343,Datia,Madhya Pradesh,central,25.67,78.45,24,orographic,1.0,14.2,12.5,255.0,1937.5,980.7,16.7,6.6,27.5,259,9,3,0,25.67,78.45
2026-09-15,2026-09-17,343,Datia,Madhya Pradesh,central,25.67,78.45,48,orographic,1.0,7.5,13.3,261.0,2137.1,978.9,18.9,7.7,28.1,260,9,3,0,25.67,78.45
2026-09-15,2026-09-18,343,Datia,Madhya Pradesh,central,25.67,78.45,72,orographic,1.0,9.0,11.9,255.0,1628.8,979.9,19.9,7.8,27.7,261,9,3,0,25.67,78.45
2026-09-15,2026-09-16,339,Burhanpur,Madhya Pradesh,central,21.33,76.23,24,orographic,1.0,0.0,10.4,242.0,1367.5,981.9,22.6,7.7,26.9,259,9,3,0,21.33,76.23
2026-09-15,2026-09-17,339,Burhanpur,Madhya Pradesh,central,21.33,76.23,48,orographic,1.0,2.8,10.6,238.0,1540.4,980.6,20.5,7.9,27.4,260,9,3,0,21.33,76.23
2026-09-15,2026-09-18,339,Burhanpur,Madhya Pradesh,central,21.33,76.23,72,orographic,1.0,1.9,13.6,233.0,1857.9,980.9,18.7,5.9,27.1,261,9,3,0,21.33,76.23
2026-09-15,2026-09-16,340,Chhatarpur,Madhya Pradesh,central,24.92,79.58,24,orographic,1.0,7.7,13.2,248.0,2042.9,975.6,18.3,6.3,27.0,259,9,3,0,24.92,79.58
2026-09-15,2026-09-17,340,Chhatarpur,Madhya Pradesh,central,24.92,79.58,48,orographic,1.0,4.4,14.9,252.0,2193.8,973.9,18.8,6.1,27.6,260,9,3,0,24.92,79.58
2026-09-15,2026-09-18,340,Chhatarpur,Madhya Pradesh,central,24.92,79.58,72,orographic,1.0,3.8,11.2,272.0,2052.5,974.7,18.7,6.6,27.2,261,9,3,0,24.92,79.58
2026-09-15,2026-09-16,344,Dewas,Madhya Pradesh,central,22.97,76.07,24,orographic,1.0,0.5,12.4,258.0,1305.4,950.2,21.3,6.9,25.6,259,9,3,0,22.97,76.07
2026-09-15,2026-09-17,344,Dewas,Madhya Pradesh,central,22.97,76.07,48,orographic,1.0,2.8,16.4,267.0,1056.7,949.0,19.4,6.6,25.8,260,9,3,0,22.97,76.07
2026-09-15,2026-09-18,344,Dewas,Madhya Pradesh,central,22.97,76.07,72,orographic,1.0,4.3,13.7,265.0,1391.3,949.2,20.1,7.2,26.0,261,9,3,0,22.97,76.07
2026-09-15,2026-09-16,341,Chhindwara,Madhya Pradesh,central,22.07,78.93,24,orographic,1.0,0.4,9.8,280.0,1020.0,935.2,22.5,9.0,25.6,259,9,3,0,22.07,78.93
2026-09-15,2026-09-17,341,Chhindwara,Madhya Pradesh,central,22.07,78.93,48,orographic,1.0,1.2,11.5,288.0,1445.0,933.8,21.5,8.4,25.4,260,9,3,0,22.07,78.93
2026-09-15,2026-09-18,341,Chhindwara,Madhya Pradesh,central,22.07,78.93,72,orographic,1.0,11.0,11.2,293.0,1658.3,934.1,18.6,7.4,25.0,261,9,3,0,22.07,78.93
2026-09-15,2026-09-16,346,Dindori,Madhya Pradesh,central,22.95,80.88,24,orographic,1.0,8.7,11.0,266.0,1523.3,935.6,20.0,7.9,25.4,259,9,3,0,22.95,80.88
2026-09-15,2026-09-17,346,Dindori,Madhya Pradesh,central,22.95,80.88,48,orographic,1.0,5.6,14.3,282.0,1700.4,934.0,15.8,5.6,24.7,260,9,3,0,22.95,80.88
2026-09-15,2026-09-18,346,Dindori,Madhya Pradesh,central,22.95,80.88,72,orographic,1.0,6.3,11.4,302.0,1790.4,934.4,18.3,7.6,24.9,261,9,3,0,22.95,80.88
2026-09-15,2026-09-16,345,Dhar,Madhya Pradesh,central,22.58,75.3,24,orographic,1.0,1.7,11.8,247.0,1207.1,951.9,18.3,6.5,25.1,259,9,3,0,22.58,75.3
2026-09-15,2026-09-17,345,Dhar,Madhya Pradesh,central,22.58,75.3,48,orographic,1.0,3.9,13.7,260.0,958.8,950.7,18.7,7.3,25.5,260,9,3,0,22.58,75.3
2026-09-15,2026-09-18,345,Dhar,Madhya Pradesh,central,22.58,75.3,72,orographic,1.0,3.2,13.6,250.0,1350.8,950.8,18.4,5.8,25.2,261,9,3,0,22.58,75.3
2026-09-15,2026-09-16,349,Harda,Madhya Pradesh,central,22.33,77.08,24,orographic,1.0,0.3,11.5,245.0,1674.2,978.3,22.3,6.8,27.0,259,9,3,0,22.33,77.08
2026-09-15,2026-09-17,349,Harda,Madhya Pradesh,central,22.33,77.08,48,orographic,1.0,3.6,9.8,249.0,1839.2,977.0,21.2,6.1,27.2,260,9,3,0,22.33,77.08
2026-09-15,2026-09-18,349,Harda,Madhya Pradesh,central,22.33,77.08,72,orographic,1.0,1.5,10.3,256.0,1940.4,977.4,18.4,6.4,26.7,261,9,3,0,22.33,77.08
2026-09-15,2026-09-16,350,Hoshangabad,Madhya Pradesh,central,22.75,77.73,24,orographic,1.0,0.3,13.1,249.0,1560.4,975.7,21.5,7.1,27.1,259,9,3,0,22.75,77.73
2026-09-15,2026-09-17,350,Hoshangabad,Madhya Pradesh,central,22.75,77.73,48,orographic,1.0,4.0,11.1,258.0,1784.2,974.4,19.5,6.6,27.1,260,9,3,0,22.75,77.73
2026-09-15,2026-09-18,350,Hoshangabad,Madhya Pradesh,central,22.75,77.73,72,orographic,1.0,2.3,8.7,252.0,1956.7,974.8,18.0,6.3,26.8,261,9,3,0,22.75,77.73
2026-09-15,2026-09-16,347,Guna,Madhya Pradesh,central,24.63,77.3,24,orographic,1.0,1.7,13.3,245.0,1841.3,955.8,19.6,6.6,26.7,259,9,3,0,24.63,77.3
2026-09-15,2026-09-17,347,Guna,Madhya Pradesh,central,24.63,77.3,48,orographic,1.0,10.9,12.5,259.0,1635.0,954.4,17.9,6.5,26.2,260,9,3,0,24.63,77.3
2026-09-15,2026-09-18,347,Guna,Madhya Pradesh,central,24.63,77.3,72,orographic,1.0,6.5,14.6,259.0,1571.3,954.9,17.2,7.2,26.1,261,9,3,0,24.63,77.3
2026-09-15,2026-09-16,348,Gwalior,Madhya Pradesh,central,26.22,78.18,24,orographic,1.0,8.9,11.9,252.0,2196.3,984.6,18.4,7.0,27.1,259,9,3,0,26.22,78.18
2026-09-15,2026-09-17,348,Gwalior,Madhya Pradesh,central,26.22,78.18,48,orographic,1.0,4.8,12.3,265.0,2395.0,982.9,19.9,7.0,28.1,260,9,3,0,26.22,78.18
2026-09-15,2026-09-18,348,Gwalior,Madhya Pradesh,central,26.22,78.18,72,coastal,1.0,15.7,20.7,263.0,1911.7,983.9,17.4,7.5,27.4,261,9,3,0,26.22,78.18
2026-09-15,2026-09-16,351,Indore,Madhya Pradesh,central,22.72,75.86,24,orographic,1.0,0.7,11.8,254.0,1237.1,949.8,21.1,6.7,25.5,259,9,3,0,22.72,75.86
2026-09-15,2026-09-17,351,Indore,Madhya Pradesh,central,22.72,75.86,48,orographic,1.0,4.2,10.7,270.0,941.3,948.5,18.2,7.3,25.8,260,9,3,0,22.72,75.86
2026-09-15,2026-09-18,351,Indore,Madhya Pradesh,central,22.72,75.86,72,orographic,1.0,3.3,11.4,265.0,1198.8,948.7,19.7,6.3,25.5,261,9,3,0,22.72,75.86
2026-09-15,2026-09-16,352,Jabalpur,Madhya Pradesh,central,23.18,79.95,24,orographic,1.0,5.7,9.5,263.0,1895.8,962.9,21.1,7.5,27.1,259,9,3,0,23.18,79.95
2026-09-15,2026-09-17,352,Jabalpur,Madhya Pradesh,central,23.18,79.95,48,orographic,1.0,2.8,11.8,264.0,2213.3,961.4,17.1,4.8,26.3,260,9,3,0,23.18,79.95
2026-09-15,2026-09-18,352,Jabalpur,Madhya Pradesh,central,23.18,79.95,72,orographic,1.0,6.6,12.3,279.0,1922.1,961.8,16.3,7.3,26.4,261,9,3,0,23.18,79.95
2026-09-15,2026-09-16,353,Jhabua,Madhya Pradesh,central,22.77,74.6,24,orographic,1.0,2.6,11.5,234.0,1087.1,974.2,16.1,6.5,26.4,259,9,3,0,22.77,74.6
2026-09-15,2026-09-17,353,Jhabua,Madhya Pradesh,central,22.77,74.6,48,orographic,1.0,7.9,18.0,229.0,1139.6,972.9,18.8,7.2,26.8,260,9,3,0,22.77,74.6
2026-09-15,2026-09-18,353,Jhabua,Madhya Pradesh,central,22.77,74.6,72,orographic,1.0,8.8,13.8,220.0,1177.9,973.0,19.0,5.4,26.1,261,9,3,0,22.77,74.6
2026-09-15,2026-09-16,354,Katni,Madhya Pradesh,central,23.82,80.4,24,orographic,1.0,4.7,10.8,240.0,1869.6,966.9,19.0,6.7,26.9,259,9,3,0,23.82,80.4
2026-09-15,2026-09-17,354,Katni,Madhya Pradesh,central,23.82,80.4,48,orographic,1.0,5.3,13.7,247.0,1850.0,965.3,15.8,5.6,26.3,260,9,3,0,23.82,80.4
2026-09-15,2026-09-18,354,Katni,Madhya Pradesh,central,23.82,80.4,72,orographic,1.0,10.7,10.1,254.0,1990.4,965.8,18.8,7.6,26.6,261,9,3,0,23.82,80.4
2026-09-15,2026-09-16,355,Khandwa,Madhya Pradesh,central,21.83,76.35,24,orographic,1.0,0.6,11.7,270.0,1157.5,975.8,21.7,7.8,26.9,259,9,3,0,21.83,76.35
2026-09-15,2026-09-17,355,Khandwa,Madhya Pradesh,central,21.83,76.35,48,orographic,1.0,4.1,13.7,274.0,1204.2,974.5,20.6,7.6,27.4,260,9,3,0,21.83,76.35
2026-09-15,2026-09-18,355,Khandwa,Madhya Pradesh,central,21.83,76.35,72,orographic,1.0,1.1,13.0,277.0,1645.4,974.8,20.3,6.9,26.9,261,9,3,0,21.83,76.35
2026-09-15,2026-09-16,358,Mandsaur,Madhya Pradesh,central,24.07,75.08,24,orographic,1.0,1.1,12.4,235.0,1177.1,961.8,16.5,6.3,26.2,259,9,3,0,24.07,75.08
2026-09-15,2026-09-17,358,Mandsaur,Madhya Pradesh,central,24.07,75.08,48,orographic,1.0,3.4,15.6,242.0,1437.1,960.4,17.8,6.3,26.5,260,9,3,0,24.07,75.08
2026-09-15,2026-09-18,358,Mandsaur,Madhya Pradesh,central,24.07,75.08,72,orographic,1.0,7.7,14.6,235.0,1190.4,960.8,16.3,6.7,26.2,261,9,3,0,24.07,75.08
2026-09-15,2026-09-16,359,Morena,Madhya Pradesh,central,26.5,77.98,24,orographic,1.0,8.5,13.0,241.0,2234.2,988.6,18.1,7.6,28.2,259,9,3,0,26.5,77.98
2026-09-15,2026-09-17,359,Morena,Madhya Pradesh,central,26.5,77.98,48,orographic,1.0,4.9,12.6,250.0,2388.8,986.9,18.7,7.7,28.9,260,9,3,0,26.5,77.98
2026-09-15,2026-09-18,359,Morena,Madhya Pradesh,central,26.5,77.98,72,orographic,1.0,5.6,13.4,248.0,2014.2,988.0,16.8,7.2,28.1,261,9,3,0,26.5,77.98
2026-09-15,2026-09-16,356,Khargone,Madhya Pradesh,central,21.82,75.62,24,orographic,1.0,1.3,15.3,266.0,1115.0,981.7,21.5,8.2,26.9,259,9,3,0,21.82,75.62
2026-09-15,2026-09-17,356,Khargone,Madhya Pradesh,central,21.82,75.62,48,orographic,1.0,3.0,11.4,273.0,1118.3,980.5,20.0,7.8,27.6,260,9,3,0,21.82,75.62
2026-09-15,2026-09-18,356,Khargone,Madhya Pradesh,central,21.82,75.62,72,orographic,1.0,2.0,14.3,261.0,1397.9,980.7,19.8,6.8,27.2,261,9,3,0,21.82,75.62
2026-09-15,2026-09-16,357,Mandla,Madhya Pradesh,central,22.6,80.37,24,orographic,0.6667,9.9,7.9,237.0,1644.2,960.7,20.0,7.4,26.5,259,9,3,0,22.6,80.37
2026-09-15,2026-09-17,357,Mandla,Madhya Pradesh,central,22.6,80.37,48,orographic,1.0,2.0,13.4,296.0,2128.3,959.1,20.2,7.0,26.1,260,9,3,0,22.6,80.37
2026-09-15,2026-09-18,357,Mandla,Madhya Pradesh,central,22.6,80.37,72,orographic,1.0,7.8,18.6,318.0,2056.7,959.5,17.5,6.9,26.1,261,9,3,0,22.6,80.37
2026-09-15,2026-09-16,360,Narsinghpur,Madhya Pradesh,central,22.92,79.2,24,orographic,1.0,4.4,14.6,267.0,1819.2,969.7,21.3,7.7,27.1,259,9,3,0,22.92,79.2
2026-09-15,2026-09-17,360,Narsinghpur,Madhya Pradesh,central,22.92,79.2,48,orographic,1.0,5.7,14.6,270.0,2035.4,968.3,19.5,6.5,26.9,260,9,3,0,22.92,79.2
2026-09-15,2026-09-18,360,Narsinghpur,Madhya Pradesh,central,22.92,79.2,72,orographic,1.0,10.4,16.8,276.0,1842.5,968.7,17.6,6.8,26.7,261,9,3,0,22.92,79.2
2026-09-15,2026-09-16,364,Rajgarh,Madhya Pradesh,central,24.02,76.72,24,orographic,1.0,1.3,13.0,251.0,1456.3,971.5,20.2,6.6,26.9,259,9,3,0,24.02,76.72
2026-09-15,2026-09-17,364,Rajgarh,Madhya Pradesh,central,24.02,76.72,48,orographic,1.0,3.2,13.0,262.0,1620.8,970.1,16.5,6.5,26.4,260,9,3,0,24.02,76.72
2026-09-15,2026-09-18,364,Rajgarh,Madhya Pradesh,central,24.02,76.72,72,orographic,1.0,6.3,11.8,259.0,1474.2,970.5,16.7,7.4,26.6,261,9,3,0,24.02,76.72
2026-09-15,2026-09-16,365,Ratlam,Madhya Pradesh,central,23.32,75.03,24,orographic,1.0,3.3,13.1,237.0,1009.2,957.5,16.3,6.6,25.7,259,9,3,0,23.32,75.03
2026-09-15,2026-09-17,365,Ratlam,Madhya Pradesh,central,23.32,75.03,48,orographic,1.0,7.4,18.5,242.0,1240.0,956.2,19.0,7.4,26.1,260,9,3,0,23.32,75.03
2026-09-15,2026-09-18,365,Ratlam,Madhya Pradesh,central,23.32,75.03,72,orographic,1.0,6.7,13.3,237.0,1285.4,956.4,18.3,6.6,25.9,261,9,3,0,23.32,75.03
2026-09-15,2026-09-16,361,Neemuch,Madhya Pradesh,central,24.47,74.87,24,coastal,1.0,1.4,12.8,233.0,1259.2,956.4,14.7,6.4,26.1,259,9,3,0,24.47,74.87
2026-09-15,2026-09-17,361,Neemuch,Madhya Pradesh,central,24.47,74.87,48,orographic,1.0,6.2,15.5,241.0,1375.0,955.0,17.0,6.7,26.4,260,9,3,0,24.47,74.87
2026-09-15,2026-09-18,361,Neemuch,Madhya Pradesh,central,24.47,74.87,72,orographic,1.0,5.2,14.8,242.0,1230.4,955.4,15.3,5.9,25.6,261,9,3,0,24.47,74.87
2026-09-15,2026-09-16,366,Rewa,Madhya Pradesh,central,24.53,81.3,24,orographic,1.0,8.5,10.5,245.0,2014.2,974.9,18.5,5.7,27.0,259,9,3,0,24.53,81.3
2026-09-15,2026-09-17,366,Rewa,Madhya Pradesh,central,24.53,81.3,48,orographic,1.0,5.4,12.9,259.0,2166.3,973.1,18.9,6.4,27.0,260,9,3,0,24.53,81.3
2026-09-15,2026-09-18,366,Rewa,Madhya Pradesh,central,24.53,81.3,72,orographic,1.0,7.8,8.6,270.0,2330.0,973.8,17.3,6.6,27.2,261,9,3,0,24.53,81.3
2026-09-15,2026-09-16,362,Panna,Madhya Pradesh,central,24.72,80.18,24,orographic,1.0,3.7,15.4,252.0,1948.3,965.7,19.4,6.4,26.5,259,9,3,0,24.72,80.18
2026-09-15,2026-09-17,362,Panna,Madhya Pradesh,central,24.72,80.18,48,orographic,1.0,3.6,14.4,249.0,2063.8,964.0,16.1,6.4,26.6,260,9,3,0,24.72,80.18
2026-09-15,2026-09-18,362,Panna,Madhya Pradesh,central,24.72,80.18,72,orographic,1.0,3.3,10.4,277.0,2134.2,964.7,19.3,7.0,26.9,261,9,3,0,24.72,80.18
2026-09-15,2026-09-16,363,Raisen,Madhya Pradesh,central,23.32,77.78,24,orographic,1.0,0.8,11.2,252.0,1394.2,961.6,21.0,7.4,26.6,259,9,3,0,23.32,77.78
2026-09-15,2026-09-17,363,Raisen,Madhya Pradesh,central,23.32,77.78,48,orographic,1.0,5.6,10.5,272.0,1754.2,960.2,17.8,6.3,26.2,260,9,3,0,23.32,77.78
2026-09-15,2026-09-18,363,Raisen,Madhya Pradesh,central,23.32,77.78,72,orographic,1.0,3.5,11.5,264.0,1474.6,960.6,18.9,7.6,26.1,261,9,3,0,23.32,77.78
2026-09-15,2026-09-16,368,Satna,Madhya Pradesh,central,24.58,80.83,24,orographic,1.0,7.6,12.2,248.0,2027.1,973.4,17.3,6.5,26.9,259,9,3,0,24.58,80.83
2026-09-15,2026-09-17,368,Satna,Madhya Pradesh,central,24.58,80.83,48,orographic,1.0,6.9,11.8,257.0,2195.4,971.7,18.1,6.7,26.9,260,9,3,0,24.58,80.83
2026-09-15,2026-09-18,368,Satna,Madhya Pradesh,central,24.58,80.83,72,orographic,1.0,8.9,9.1,272.0,2377.5,972.4,18.4,7.0,27.2,261,9,3,0,24.58,80.83
2026-09-15,2026-09-16,367,Sagar,Madhya Pradesh,central,23.83,78.75,24,orographic,1.0,7.0,13.2,251.0,1595.0,951.7,20.8,6.8,26.3,259,9,3,0,23.83,78.75
2026-09-15,2026-09-17,367,Sagar,Madhya Pradesh,central,23.83,78.75,48,orographic,1.0,6.8,13.2,258.0,1945.4,950.2,17.7,5.5,25.8,260,9,3,0,23.83,78.75
2026-09-15,2026-09-18,367,Sagar,Madhya Pradesh,central,23.83,78.75,72,orographic,1.0,9.3,11.3,273.0,1734.6,950.8,19.0,7.4,25.8,261,9,3,0,23.83,78.75
2026-09-15,2026-09-16,374,Sidhi,Madhya Pradesh,central,23.9,81.7,24,orographic,1.0,7.0,13.7,248.0,1816.7,962.1,16.6,6.4,26.5,259,9,3,0,23.9,81.7
2026-09-15,2026-09-17,374,Sidhi,Madhya Pradesh,central,23.9,81.7,48,orographic,1.0,1.9,14.2,259.0,1872.5,960.4,19.0,7.8,26.5,260,9,3,0,23.9,81.7
2026-09-15,2026-09-18,374,Sidhi,Madhya Pradesh,central,23.9,81.7,72,orographic,1.0,7.4,8.9,277.0,2073.3,960.9,17.6,7.8,26.5,261,9,3,0,23.9,81.7
2026-09-15,2026-09-16,369,Sehore,Madhya Pradesh,central,23.2,77.08,24,orographic,1.0,0.8,12.4,253.0,1194.6,955.1,21.6,7.2,26.3,259,9,3,0,23.2,77.08
2026-09-15,2026-09-17,369,Sehore,Madhya Pradesh,central,23.2,77.08,48,orographic,1.0,2.3,10.8,271.0,1564.2,953.7,17.1,6.4,26.0,260,9,3,0,23.2,77.08
2026-09-15,2026-09-18,369,Sehore,Madhya Pradesh,central,23.2,77.08,72,orographic,1.0,3.1,14.5,275.0,1395.4,954.1,17.6,7.1,25.9,261,9,3,0,23.2,77.08
2026-09-15,2026-09-16,370,Seoni,Madhya Pradesh,central,22.08,79.55,24,orographic,1.0,0.7,11.3,285.0,1500.0,940.8,19.9,8.0,25.9,259,9,3,0,22.08,79.55
2026-09-15,2026-09-17,370,Seoni,Madhya Pradesh,central,22.08,79.55,48,orographic,1.0,3.2,10.3,292.0,1543.8,939.2,21.7,8.7,25.9,260,9,3,0,22.08,79.55
2026-09-15,2026-09-18,370,Seoni,Madhya Pradesh,central,22.08,79.55,72,orographic,1.0,15.9,11.0,297.0,1672.1,939.6,16.0,6.2,25.2,261,9,3,0,22.08,79.55
2026-09-15,2026-09-16,376,Ujjain,Madhya Pradesh,central,23.18,75.78,24,orographic,1.0,0.7,13.0,251.0,1210.8,955.5,18.9,6.7,25.6,259,9,3,0,23.18,75.78
2026-09-15,2026-09-17,376,Ujjain,Madhya Pradesh,central,23.18,75.78,48,orographic,1.0,5.1,12.3,255.0,1142.1,954.2,17.7,6.9,25.6,260,9,3,0,23.18,75.78
2026-09-15,2026-09-18,376,Ujjain,Madhya Pradesh,central,23.18,75.78,72,orographic,1.0,4.5,10.8,254.0,1397.5,954.4,19.0,6.6,25.9,261,9,3,0,23.18,75.78
2026-09-15,2026-09-16,375,Tikamgarh,Madhya Pradesh,central,24.75,78.83,24,orographic,1.0,7.4,12.2,255.0,1838.8,970.1,16.1,6.1,26.9,259,9,3,0,24.75,78.83
2026-09-15,2026-09-17,375,Tikamgarh,Madhya Pradesh,central,24.75,78.83,48,orographic,1.0,5.6,11.5,255.0,2209.2,968.4,18.8,6.2,27.5,260,9,3,0,24.75,78.83
2026-09-15,2026-09-18,375,Tikamgarh,Madhya Pradesh,central,24.75,78.83,72,orographic,1.0,5.0,14.6,271.0,1772.1,969.2,19.0,7.2,27.0,261,9,3,0,24.75,78.83
2026-09-15,2026-09-16,373,Shivpuri,Madhya Pradesh,central,25.42,77.65,24,orographic,1.0,7.9,15.3,255.0,2077.5,957.2,17.9,6.7,26.5,259,9,3,0,25.42,77.65
2026-09-15,2026-09-17,373,Shivpuri,Madhya Pradesh,central,25.42,77.65,48,orographic,1.0,9.5,18.5,260.0,1925.4,955.7,18.0,7.3,26.5,260,9,3,0,25.42,77.65
2026-09-15,2026-09-18,373,Shivpuri,Madhya Pradesh,central,25.42,77.65,72,orographic,1.0,2.5,12.5,263.0,1457.9,956.4,17.5,7.2,26.1,261,9,3,0,25.42,77.65
2026-09-15,2026-09-16,371,Shahdol,Madhya Pradesh,central,23.3,81.35,24,orographic,1.0,4.6,15.1,270.0,1672.9,959.8,19.1,7.9,26.4,259,9,3,0,23.3,81.35
2026-09-15,2026-09-17,371,Shahdol,Madhya Pradesh,central,23.3,81.35,48,orographic,1.0,3.6,13.8,279.0,1822.9,958.1,17.5,6.0,25.5,260,9,3,0,23.3,81.35
2026-09-15,2026-09-18,371,Shahdol,Madhya Pradesh,central,23.3,81.35,72,orographic,1.0,7.6,11.8,298.0,1893.8,958.6,20.0,8.2,26.1,261,9,3,0,23.3,81.35
2026-09-15,2026-09-16,372,Shajapur,Madhya Pradesh,central,23.43,76.27,24,orographic,1.0,1.6,12.3,253.0,1350.4,961.2,20.1,6.3,26.2,259,9,3,0,23.43,76.27
2026-09-15,2026-09-17,372,Shajapur,Madhya Pradesh,central,23.43,76.27,48,orographic,1.0,3.3,12.3,262.0,1310.8,959.8,18.3,6.8,26.5,260,9,3,0,23.43,76.27
2026-09-15,2026-09-18,372,Shajapur,Madhya Pradesh,central,23.43,76.27,72,orographic,1.0,6.5,10.3,265.0,1291.3,960.2,16.0,6.8,26.2,261,9,3,0,23.43,76.27
2026-09-15,2026-09-16,379,Niwari,Madhya Pradesh,central,25.02,79.12,24,orographic,1.0,14.4,11.5,248.0,1946.7,982.1,18.2,6.9,27.6,259,9,3,0,25.02,79.12
2026-09-15,2026-09-17,379,Niwari,Madhya Pradesh,central,25.02,79.12,48,orographic,1.0,7.6,11.6,247.0,2205.4,980.3,18.9,6.3,28.0,260,9,3,0,25.02,79.12
2026-09-15,2026-09-18,379,Niwari,Madhya Pradesh,central,25.02,79.12,72,orographic,1.0,4.8,16.4,268.0,1703.3,981.2,18.1,7.0,27.5,261,9,3,0,25.02,79.12
2026-09-15,2026-09-16,378,Vidisha,Madhya Pradesh,central,23.52,77.82,24,orographic,1.0,1.0,12.8,258.0,1466.3,961.5,21.1,7.4,27.1,259,9,3,0,23.52,77.82
2026-09-15,2026-09-17,378,Vidisha,Madhya Pradesh,central,23.52,77.82,48,orographic,1.0,11.0,11.8,267.0,1680.4,960.2,17.3,6.1,26.6,260,9,3,0,23.52,77.82
2026-09-15,2026-09-18,378,Vidisha,Madhya Pradesh,central,23.52,77.82,72,orographic,1.0,12.7,11.0,274.0,1545.4,960.7,19.4,7.5,26.6,261,9,3,0,23.52,77.82
2026-09-15,2026-09-16,377,Umaria,Madhya Pradesh,central,23.52,80.83,24,orographic,1.0,6.4,10.6,250.0,1648.3,959.4,18.8,6.7,26.2,259,9,3,0,23.52,80.83
2026-09-15,2026-09-17,377,Umaria,Madhya Pradesh,central,23.52,80.83,48,orographic,1.0,7.3,12.9,260.0,1992.9,957.7,17.3,5.1,25.4,260,9,3,0,23.52,80.83
2026-09-15,2026-09-18,377,Umaria,Madhya Pradesh,central,23.52,80.83,72,orographic,1.0,6.3,12.1,262.0,1965.0,958.2,18.6,7.3,26.2,261,9,3,0,23.52,80.83
2026-09-15,2026-09-16,381,Pandhurna,Madhya Pradesh,central,21.97,78.52,24,orographic,1.0,1.1,12.0,298.0,1029.6,937.9,22.0,8.5,25.4,259,9,3,0,21.97,78.52
2026-09-15,2026-09-17,381,Pandhurna,Madhya Pradesh,central,21.97,78.52,48,orographic,1.0,1.9,13.9,296.0,1523.3,936.6,20.9,8.0,25.3,260,9,3,0,21.97,78.52
2026-09-15,2026-09-18,381,Pandhurna,Madhya Pradesh,central,21.97,78.52,72,orographic,1.0,0.7,14.4,304.0,1529.2,936.9,20.6,7.6,25.3,261,9,3,0,21.97,78.52
2026-09-15,2026-09-16,382,Singrauli,Madhya Pradesh,central,23.92,82.25,24,orographic,1.0,7.9,10.4,250.0,1828.3,963.3,18.4,6.5,26.2,259,9,3,0,23.92,82.25
2026-09-15,2026-09-17,382,Singrauli,Madhya Pradesh,central,23.92,82.25,48,orographic,1.0,2.5,15.3,263.0,1968.8,961.5,20.1,7.9,26.6,260,9,3,0,23.92,82.25
2026-09-15,2026-09-18,382,Singrauli,Madhya Pradesh,central,23.92,82.25,72,orographic,1.0,6.1,11.5,282.0,2012.9,962.1,19.2,7.8,26.3,261,9,3,0,23.92,82.25
2026-09-15,2026-09-16,380,Maihar,Madhya Pradesh,central,24.27,80.75,24,orographic,1.0,7.1,11.5,239.0,1831.3,971.6,18.2,6.3,27.5,259,9,3,0,24.27,80.75
2026-09-15,2026-09-17,380,Maihar,Madhya Pradesh,central,24.27,80.75,48,orographic,1.0,8.4,10.0,252.0,2037.1,969.9,16.7,5.9,26.9,260,9,3,0,24.27,80.75
2026-09-15,2026-09-18,380,Maihar,Madhya Pradesh,central,24.27,80.75,72,orographic,1.0,6.0,9.0,266.0,2291.3,970.5,17.4,6.7,27.0,261,9,3,0,24.27,80.75
2026-09-15,2026-09-16,383,Ahmednagar,Maharashtra,west_coast,19.09,74.73,24,orographic,1.0,4.1,12.1,243.0,639.2,940.7,21.1,9.3,25.2,259,9,3,0,19.09,74.73
2026-09-15,2026-09-17,383,Ahmednagar,Maharashtra,west_coast,19.09,74.73,48,orographic,1.0,5.5,13.1,260.0,964.2,939.7,19.9,8.4,25.6,260,9,3,0,19.09,74.73
2026-09-15,2026-09-18,383,Ahmednagar,Maharashtra,west_coast,19.09,74.73,72,orographic,1.0,4.6,14.9,256.0,1013.3,939.8,18.9,7.5,25.2,261,9,3,0,19.09,74.73
2026-09-15,2026-09-16,384,Akola,Maharashtra,west_coast,20.7,77.0,24,orographic,1.0,1.0,15.8,272.0,1785.0,978.4,22.3,7.4,27.4,259,9,3,0,20.7,77.0
2026-09-15,2026-09-17,384,Akola,Maharashtra,west_coast,20.7,77.0,48,orographic,1.0,3.1,12.8,278.0,1899.2,977.2,21.6,7.0,27.6,260,9,3,0,20.7,77.0
2026-09-15,2026-09-18,384,Akola,Maharashtra,west_coast,20.7,77.0,72,orographic,1.0,2.0,12.6,285.0,1990.8,977.5,21.1,6.8,27.1,261,9,3,0,20.7,77.0
2026-09-15,2026-09-16,385,Amravati,Maharashtra,west_coast,20.93,77.75,24,orographic,1.0,0.4,10.4,273.0,1732.9,972.5,21.9,7.3,27.0,259,9,3,0,20.93,77.75
2026-09-15,2026-09-17,385,Amravati,Maharashtra,west_coast,20.93,77.75,48,orographic,1.0,0.6,10.5,273.0,2247.9,971.1,22.1,7.2,27.1,260,9,3,0,20.93,77.75
2026-09-15,2026-09-18,385,Amravati,Maharashtra,west_coast,20.93,77.75,72,orographic,1.0,9.7,9.9,278.0,1835.4,971.5,19.2,6.9,26.6,261,9,3,0,20.93,77.75
2026-09-15,2026-09-16,386,Chhatrapati Sambhajinagar,Maharashtra,west_coast,19.88,75.32,24,orographic,1.0,1.5,15.8,266.0,733.8,949.9,22.5,8.8,25.3,259,9,3,0,19.88,75.32
2026-09-15,2026-09-17,386,Chhatrapati Sambhajinagar,Maharashtra,west_coast,19.88,75.32,48,orographic,1.0,2.8,12.5,275.0,1122.1,948.7,20.0,7.9,25.9,260,9,3,0,19.88,75.32
2026-09-15,2026-09-18,386,Chhatrapati Sambhajinagar,Maharashtra,west_coast,19.88,75.32,72,orographic,1.0,5.6,17.1,276.0,1080.0,948.9,20.3,7.5,25.6,261,9,3,0,19.88,75.32
2026-09-15,2026-09-16,388,Bhandara,Maharashtra,west_coast,21.17,79.65,24,orographic,0.6667,1.2,6.6,247.0,2507.1,981.2,21.2,6.6,27.7,259,9,3,0,21.17,79.65
2026-09-15,2026-09-17,388,Bhandara,Maharashtra,west_coast,21.17,79.65,48,orographic,1.0,0.4,9.2,281.0,2145.8,979.5,22.1,7.8,28.0,260,9,3,0,21.17,79.65
2026-09-15,2026-09-18,388,Bhandara,Maharashtra,west_coast,21.17,79.65,72,orographic,1.0,4.8,10.5,294.0,2716.3,979.9,18.4,5.6,27.6,261,9,3,0,21.17,79.65
2026-09-15,2026-09-16,389,Buldhana,Maharashtra,west_coast,20.53,76.18,24,orographic,1.0,1.8,12.6,274.0,767.5,939.1,21.9,7.9,25.1,259,9,3,0,20.53,76.18
2026-09-15,2026-09-17,389,Buldhana,Maharashtra,west_coast,20.53,76.18,48,orographic,1.0,3.8,11.6,281.0,1251.3,937.9,20.5,7.1,25.1,260,9,3,0,20.53,76.18
2026-09-15,2026-09-18,389,Buldhana,Maharashtra,west_coast,20.53,76.18,72,orographic,1.0,1.8,12.3,281.0,1295.4,938.1,20.6,6.3,24.9,261,9,3,0,20.53,76.18
2026-09-15,2026-09-16,390,Chandrapur,Maharashtra,west_coast,19.95,79.3,24,orographic,1.0,0.7,8.5,255.0,1891.3,989.1,22.2,8.3,28.1,259,9,3,0,19.95,79.3
2026-09-15,2026-09-17,390,Chandrapur,Maharashtra,west_coast,19.95,79.3,48,orographic,1.0,0.4,12.0,271.0,2400.8,987.6,22.4,7.3,28.5,260,9,3,0,19.95,79.3
2026-09-15,2026-09-18,390,Chandrapur,Maharashtra,west_coast,19.95,79.3,72,orographic,1.0,5.2,13.1,285.0,2150.0,988.0,19.0,7.2,27.7,261,9,3,0,19.95,79.3
2026-09-15,2026-09-16,387,Beed,Maharashtra,west_coast,18.98,75.75,24,orographic,1.0,2.1,15.8,254.0,651.3,954.3,22.9,9.6,26.5,259,9,3,0,18.98,75.75
2026-09-15,2026-09-17,387,Beed,Maharashtra,west_coast,18.98,75.75,48,orographic,1.0,3.6,16.7,270.0,1001.3,953.2,21.2,8.5,26.6,260,9,3,0,18.98,75.75
2026-09-15,2026-09-18,387,Beed,Maharashtra,west_coast,18.98,75.75,72,orographic,1.0,4.9,17.4,264.0,972.5,953.4,20.3,8.4,26.3,261,9,3,0,18.98,75.75
2026-09-15,2026-09-16,391,Dhule,Maharashtra,west_coast,20.9,74.78,24,orographic,1.0,4.6,13.8,255.0,939.2,981.4,20.2,8.0,26.6,259,9,3,0,20.9,74.78
2026-09-15,2026-09-17,391,Dhule,Maharashtra,west_coast,20.9,74.78,48,orographic,1.0,2.9,15.1,246.0,1260.8,980.2,19.8,8.0,27.2,260,9,3,0,20.9,74.78
2026-09-15,2026-09-18,391,Dhule,Maharashtra,west_coast,20.9,74.78,72,orographic,1.0,3.8,10.9,249.0,1185.4,980.4,18.9,6.9,26.9,261,9,3,0,20.9,74.78
2026-09-15,2026-09-16,392,Gadchiroli,Maharashtra,west_coast,19.5,80.0,24,orographic,0.6667,0.3,6.9,229.0,2040.0,992.9,22.3,8.8,28.3,259,9,3,0,19.5,80.0
2026-09-15,2026-09-17,392,Gadchiroli,Maharashtra,west_coast,19.5,80.0,48,orographic,1.0,1.1,8.2,257.0,2675.4,991.3,21.9,8.4,28.7,260,9,3,0,19.5,80.0
2026-09-15,2026-09-18,392,Gadchiroli,Maharashtra,west_coast,19.5,80.0,72,orographic,1.0,5.4,9.9,324.0,2357.1,991.7,18.6,8.4,28.1,261,9,3,0,19.5,80.0
2026-09-15,2026-09-16,393,Gondia,Maharashtra,west_coast,21.47,80.2,24,orographic,1.0,1.3,9.5,299.0,2520.0,976.1,19.7,6.1,27.4,259,9,3,0,21.47,80.2
2026-09-15,2026-09-17,393,Gondia,Maharashtra,west_coast,21.47,80.2,48,orographic,1.0,0.2,9.7,270.0,2250.0,974.4,21.8,7.5,27.6,260,9,3,0,21.47,80.2
2026-09-15,2026-09-18,393,Gondia,Maharashtra,west_coast,21.47,80.2,72,orographic,1.0,5.7,14.7,296.0,2555.0,974.8,20.7,7.2,26.9,261,9,3,0,21.47,80.2
2026-09-15,2026-09-16,395,Jalgaon,Maharashtra,west_coast,21.0,75.97,24,orographic,1.0,0.0,14.3,264.0,1360.4,981.1,22.9,7.6,27.2,259,9,3,0,21.0,75.97
2026-09-15,2026-09-17,395,Jalgaon,Maharashtra,west_coast,21.0,75.97,48,orographic,1.0,1.6,13.8,272.0,1502.9,979.8,20.8,7.4,27.6,260,9,3,0,21.0,75.97
2026-09-15,2026-09-18,395,Jalgaon,Maharashtra,west_coast,21.0,75.97,72,coastal,1.0,4.5,20.5,267.0,1525.4,980.1,21.3,6.7,27.4,261,9,3,0,21.0,75.97
2026-09-15,2026-09-16,394,Hingoli,Maharashtra,west_coast,19.72,77.78,24,orographic,0.6667,0.7,6.9,250.0,1037.1,974.4,22.3,8.9,27.1,259,9,3,0,19.72,77.78
2026-09-15,2026-09-17,394,Hingoli,Maharashtra,west_coast,19.72,77.78,48,orographic,1.0,5.7,13.2,274.0,2276.7,973.3,17.9,6.7,27.0,260,9,3,0,19.72,77.78
2026-09-15,2026-09-18,394,Hingoli,Maharashtra,west_coast,19.72,77.78,72,orographic,1.0,8.6,17.8,281.0,1923.3,973.6,17.4,6.3,26.5,261,9,3,0,19.72,77.78
2026-09-15,2026-09-16,398,Latur,Maharashtra,west_coast,18.4,76.57,24,orographic,0.6667,2.2,14.2,272.0,483.3,941.8,22.3,9.2,26.6,259,9,3,0,18.4,76.57
2026-09-15,2026-09-17,398,Latur,Maharashtra,west_coast,18.4,76.57,48,orographic,1.0,5.5,19.3,287.0,1223.8,940.8,22.6,8.0,26.7,260,9,3,0,18.4,76.57
2026-09-15,2026-09-18,398,Latur,Maharashtra,west_coast,18.4,76.57,72,orographic,1.0,3.4,13.9,283.0,1101.3,940.9,22.0,8.0,26.3,261,9,3,0,18.4,76.57
2026-09-15,2026-09-16,397,Kolhapur,Maharashtra,west_coast,16.7,74.22,24,orographic,1.0,2.7,19.3,256.0,839.6,950.3,19.0,7.4,24.9,259,9,3,0,16.7,74.22
2026-09-15,2026-09-17,397,Kolhapur,Maharashtra,west_coast,16.7,74.22,48,orographic,1.0,1.2,19.7,265.0,995.8,949.3,21.6,7.8,25.2,260,9,3,0,16.7,74.22
2026-09-15,2026-09-18,397,Kolhapur,Maharashtra,west_coast,16.7,74.22,72,coastal,1.0,0.6,20.6,263.0,1253.3,949.6,21.8,5.7,25.2,261,9,3,0,16.7,74.22
2026-09-15,2026-09-16,396,Jalna,Maharashtra,west_coast,19.83,75.88,24,orographic,1.0,2.1,13.0,275.0,771.7,955.2,22.7,8.8,26.1,259,9,3,0,19.83,75.88
2026-09-15,2026-09-17,396,Jalna,Maharashtra,west_coast,19.83,75.88,48,orographic,1.0,2.3,16.0,277.0,1262.5,954.0,21.1,8.0,26.5,260,9,3,0,19.83,75.88
2026-09-15,2026-09-18,396,Jalna,Maharashtra,west_coast,19.83,75.88,72,orographic,1.0,5.0,14.1,282.0,1187.9,954.2,20.2,7.7,26.4,261,9,3,0,19.83,75.88
2026-09-15,2026-09-16,399,Mumbai City,Maharashtra,west_coast,19.08,72.88,24,orographic,1.0,9.6,13.8,199.0,1037.1,1010.2,19.3,4.4,27.1,259,9,3,0,19.08,72.88
2026-09-15,2026-09-17,399,Mumbai City,Maharashtra,west_coast,19.08,72.88,48,orographic,1.0,9.7,14.8,214.0,1263.8,1009.1,19.0,3.8,27.1,260,9,3,0,19.08,72.88
2026-09-15,2026-09-18,399,Mumbai City,Maharashtra,west_coast,19.08,72.88,72,orographic,1.0,8.2,12.6,218.0,1222.9,1009.4,19.4,3.4,27.0,261,9,3,0,19.08,72.88
2026-09-15,2026-09-16,400,Mumbai Suburban,Maharashtra,west_coast,19.05,72.85,24,orographic,1.0,9.6,13.8,199.0,1037.1,1010.4,19.3,4.4,27.1,259,9,3,0,19.05,72.85
2026-09-15,2026-09-17,400,Mumbai Suburban,Maharashtra,west_coast,19.05,72.85,48,orographic,1.0,9.7,14.8,214.0,1263.8,1009.3,19.0,3.8,27.1,260,9,3,0,19.05,72.85
2026-09-15,2026-09-18,400,Mumbai Suburban,Maharashtra,west_coast,19.05,72.85,72,orographic,1.0,8.2,12.6,218.0,1222.9,1009.6,19.4,3.4,27.0,261,9,3,0,19.05,72.85
2026-09-15,2026-09-16,404,Nashik,Maharashtra,west_coast,19.99,73.78,24,orographic,1.0,8.1,14.4,230.0,794.6,946.3,15.9,5.6,24.4,259,9,3,0,19.99,73.78
2026-09-15,2026-09-17,404,Nashik,Maharashtra,west_coast,19.99,73.78,48,orographic,1.0,3.5,15.7,233.0,982.5,945.2,18.9,5.9,24.8,260,9,3,0,19.99,73.78
2026-09-15,2026-09-18,404,Nashik,Maharashtra,west_coast,19.99,73.78,72,orographic,1.0,3.7,18.7,234.0,1008.3,945.4,20.5,5.5,24.9,261,9,3,0,19.99,73.78
2026-09-15,2026-09-16,402,Nanded,Maharashtra,west_coast,19.15,77.3,24,orographic,1.0,0.5,8.5,247.0,1381.3,971.2,23.2,7.9,27.1,259,9,3,0,19.15,77.3
2026-09-15,2026-09-17,402,Nanded,Maharashtra,west_coast,19.15,77.3,48,orographic,1.0,7.6,14.5,282.0,2312.1,970.1,21.9,6.9,27.4,260,9,3,0,19.15,77.3
2026-09-15,2026-09-18,402,Nanded,Maharashtra,west_coast,19.15,77.3,72,orographic,1.0,3.0,10.7,293.0,2096.3,970.3,21.0,6.4,26.8,261,9,3,0,19.15,77.3
2026-09-15,2026-09-16,408,Pune,Maharashtra,west_coast,18.52,73.86,24,orographic,1.0,5.4,16.0,248.0,659.6,949.8,19.1,7.5,25.6,259,9,3,0,18.52,73.86
2026-09-15,2026-09-17,408,Pune,Maharashtra,west_coast,18.52,73.86,48,orographic,1.0,2.0,16.8,255.0,882.9,948.8,20.3,7.3,26.0,260,9,3,0,18.52,73.86
2026-09-15,2026-09-18,408,Pune,Maharashtra,west_coast,18.52,73.86,72,orographic,1.0,2.3,19.3,255.0,956.3,949.0,21.4,6.6,26.1,261,9,3,0,18.52,73.86
2026-09-15,2026-09-16,407,Parbhani,Maharashtra,west_coast,19.27,76.77,24,orographic,1.0,1.2,12.3,270.0,998.3,963.7,22.7,7.9,27.6,259,9,3,0,19.27,76.77
2026-09-15,2026-09-17,407,Parbhani,Maharashtra,west_coast,19.27,76.77,48,orographic,1.0,6.8,19.0,285.0,1720.8,962.6,21.4,7.7,27.6,260,9,3,0,19.27,76.77
2026-09-15,2026-09-18,407,Parbhani,Maharashtra,west_coast,19.27,76.77,72,orographic,1.0,1.8,14.5,287.0,1757.5,962.8,21.1,6.5,27.1,261,9,3,0,19.27,76.77
2026-09-15,2026-09-16,403,Nandurbar,Maharashtra,west_coast,21.37,74.25,24,orographic,1.0,11.6,15.5,253.0,850.0,986.6,16.9,6.0,25.8,259,9,3,0,21.37,74.25
2026-09-15,2026-09-17,403,Nandurbar,Maharashtra,west_coast,21.37,74.25,48,orographic,1.0,3.3,18.5,253.0,1189.2,985.3,18.2,7.2,26.6,260,9,3,0,21.37,74.25
2026-09-15,2026-09-18,403,Nandurbar,Maharashtra,west_coast,21.37,74.25,72,orographic,1.0,2.5,15.7,253.0,1065.8,985.4,18.2,6.2,26.2,261,9,3,0,21.37,74.25
2026-09-15,2026-09-16,401,Nagpur,Maharashtra,west_coast,21.15,79.1,24,orographic,1.0,1.0,9.1,259.0,2128.3,975.3,21.6,7.2,27.5,259,9,3,0,21.15,79.1
2026-09-15,2026-09-17,401,Nagpur,Maharashtra,west_coast,21.15,79.1,48,orographic,1.0,0.6,8.6,282.0,1978.3,973.7,21.7,7.6,28.0,260,9,3,0,21.15,79.1
2026-09-15,2026-09-18,401,Nagpur,Maharashtra,west_coast,21.15,79.1,72,orographic,1.0,2.2,8.4,284.0,2496.7,974.0,20.9,6.6,28.0,261,9,3,0,21.15,79.1
2026-09-15,2026-09-16,405,Dharashiv,Maharashtra,west_coast,18.18,76.03,24,orographic,1.0,0.7,17.1,268.0,568.3,941.3,23.5,9.0,26.4,259,9,3,0,18.18,76.03
2026-09-15,2026-09-17,405,Dharashiv,Maharashtra,west_coast,18.18,76.03,48,coastal,1.0,3.4,21.0,281.0,1110.0,940.3,21.4,8.6,26.4,260,9,3,0,18.18,76.03
2026-09-15,2026-09-18,405,Dharashiv,Maharashtra,west_coast,18.18,76.03,72,orographic,1.0,3.1,18.0,283.0,1203.8,940.4,20.2,8.4,26.0,261,9,3,0,18.18,76.03
2026-09-15,2026-09-16,406,Palghar,Maharashtra,west_coast,19.7,72.8,24,orographic,1.0,5.8,14.5,179.0,1073.3,1007.5,18.6,5.2,26.5,259,9,3,0,19.7,72.8
2026-09-15,2026-09-17,406,Palghar,Maharashtra,west_coast,19.7,72.8,48,orographic,1.0,4.3,16.1,187.0,1379.6,1006.3,18.3,4.9,26.8,260,9,3,0,19.7,72.8
2026-09-15,2026-09-18,406,Palghar,Maharashtra,west_coast,19.7,72.8,72,orographic,1.0,5.5,16.0,194.0,1172.1,1006.6,19.5,4.2,26.4,261,9,3,0,19.7,72.8
2026-09-15,2026-09-16,412,Satara,Maharashtra,west_coast,17.68,73.98,24,orographic,1.0,2.1,15.9,264.0,725.4,931.8,20.5,7.2,23.8,259,9,3,0,17.68,73.98
2026-09-15,2026-09-17,412,Satara,Maharashtra,west_coast,17.68,73.98,48,orographic,1.0,0.5,18.2,273.0,884.6,930.8,21.2,7.2,24.3,260,9,3,0,17.68,73.98
2026-09-15,2026-09-18,412,Satara,Maharashtra,west_coast,17.68,73.98,72,orographic,1.0,1.5,19.3,267.0,1168.3,931.0,21.6,5.7,24.5,261,9,3,0,17.68,73.98
2026-09-15,2026-09-16,411,Sangli,Maharashtra,west_coast,16.85,74.57,24,orographic,1.0,3.1,18.2,260.0,754.2,951.5,22.1,11.1,27.8,259,9,3,0,16.85,74.57
2026-09-15,2026-09-17,411,Sangli,Maharashtra,west_coast,16.85,74.57,48,orographic,1.0,1.9,19.3,271.0,745.4,950.4,20.9,9.2,27.1,260,9,3,0,16.85,74.57
2026-09-15,2026-09-18,411,Sangli,Maharashtra,west_coast,16.85,74.57,72,coastal,1.0,3.0,20.0,270.0,1115.4,950.6,20.4,8.5,27.2,261,9,3,0,16.85,74.57
2026-09-15,2026-09-16,413,Sindhudurg,Maharashtra,west_coast,16.0,73.67,24,orographic,1.0,6.0,12.6,220.0,1364.6,1006.2,21.9,4.8,26.8,259,9,3,0,16.0,73.67
2026-09-15,2026-09-17,413,Sindhudurg,Maharashtra,west_coast,16.0,73.67,48,orographic,1.0,1.6,13.9,266.0,1561.7,1005.1,22.7,6.3,26.9,260,9,3,0,16.0,73.67
2026-09-15,2026-09-18,413,Sindhudurg,Maharashtra,west_coast,16.0,73.67,72,orographic,1.0,5.1,12.2,256.0,1689.2,1005.4,20.3,5.6,27.1,261,9,3,0,16.0,73.67
2026-09-15,2026-09-16,409,Raigad,Maharashtra,west_coast,18.5,73.1,24,orographic,1.0,9.1,12.0,179.0,970.8,1006.8,17.8,5.5,26.1,259,9,3,0,18.5,73.1
2026-09-15,2026-09-17,409,Raigad,Maharashtra,west_coast,18.5,73.1,48,orographic,1.0,6.7,13.3,190.0,1213.8,1005.7,18.6,5.3,26.0,260,9,3,0,18.5,73.1
2026-09-15,2026-09-18,409,Raigad,Maharashtra,west_coast,18.5,73.1,72,orographic,1.0,6.5,12.8,196.0,1180.8,1006.0,17.6,4.0,25.7,261,9,3,0,18.5,73.1
2026-09-15,2026-09-16,410,Ratnagiri,Maharashtra,west_coast,16.98,73.3,24,orographic,1.0,3.5,15.0,213.0,1217.5,1012.2,22.4,4.2,26.9,259,9,3,0,16.98,73.3
2026-09-15,2026-09-17,410,Ratnagiri,Maharashtra,west_coast,16.98,73.3,48,orographic,1.0,2.0,14.9,244.0,1285.0,1011.1,21.8,4.5,26.9,260,9,3,0,16.98,73.3
2026-09-15,2026-09-18,410,Ratnagiri,Maharashtra,west_coast,16.98,73.3,72,orographic,1.0,3.0,12.5,248.0,1477.9,1011.4,21.4,3.7,27.1,261,9,3,0,16.98,73.3
2026-09-15,2026-09-16,414,Solapur,Maharashtra,west_coast,17.67,75.9,24,orographic,1.0,0.3,14.8,272.0,586.7,959.1,23.7,9.9,29.6,259,9,3,0,17.67,75.9
2026-09-15,2026-09-17,414,Solapur,Maharashtra,west_coast,17.67,75.9,48,orographic,1.0,16.1,17.4,284.0,1326.7,958.0,21.8,9.1,28.4,260,9,3,0,17.67,75.9
2026-09-15,2026-09-18,414,Solapur,Maharashtra,west_coast,17.67,75.9,72,orographic,1.0,3.1,14.5,283.0,1426.3,958.2,20.9,9.1,27.7,261,9,3,0,17.67,75.9
2026-09-15,2026-09-16,416,Wardha,Maharashtra,west_coast,20.73,78.6,24,orographic,1.0,0.4,9.7,271.0,2023.8,978.5,22.0,7.3,27.9,259,9,3,0,20.73,78.6
2026-09-15,2026-09-17,416,Wardha,Maharashtra,west_coast,20.73,78.6,48,orographic,1.0,1.1,11.6,280.0,2747.5,977.0,21.8,6.5,27.9,260,9,3,0,20.73,78.6
2026-09-15,2026-09-18,416,Wardha,Maharashtra,west_coast,20.73,78.6,72,orographic,1.0,5.8,13.9,282.0,2281.7,977.4,18.4,6.6,27.1,261,9,3,0,20.73,78.6
2026-09-15,2026-09-16,415,Thane,Maharashtra,west_coast,19.2,72.97,24,orographic,1.0,6.9,11.5,198.0,1124.6,1009.5,18.2,5.7,27.1,259,9,3,0,19.2,72.97
2026-09-15,2026-09-17,415,Thane,Maharashtra,west_coast,19.2,72.97,48,orographic,1.0,5.3,13.4,205.0,1196.3,1008.3,18.4,4.8,26.9,260,9,3,0,19.2,72.97
2026-09-15,2026-09-18,415,Thane,Maharashtra,west_coast,19.2,72.97,72,orographic,1.0,6.0,12.6,213.0,1267.9,1008.6,18.8,5.0,26.9,261,9,3,0,19.2,72.97
2026-09-15,2026-09-16,418,Yavatmal,Maharashtra,west_coast,20.38,78.35,24,orographic,1.0,0.8,8.3,268.0,1821.3,973.3,22.2,7.3,27.0,259,9,3,0,20.38,78.35
2026-09-15,2026-09-17,418,Yavatmal,Maharashtra,west_coast,20.38,78.35,48,orographic,1.0,0.6,17.4,278.0,2353.3,972.0,20.1,7.0,27.0,260,9,3,0,20.38,78.35
2026-09-15,2026-09-18,418,Yavatmal,Maharashtra,west_coast,20.38,78.35,72,orographic,1.0,4.9,14.8,280.0,2190.8,972.4,19.4,7.0,26.4,261,9,3,0,20.38,78.35
2026-09-15,2026-09-16,419,Bishnupur,Manipur,northeast,24.63,93.75,24,orographic,1.0,4.3,9.7,287.0,1300.0,920.1,19.5,5.9,24.8,259,9,3,0,24.63,93.75
2026-09-15,2026-09-17,419,Bishnupur,Manipur,northeast,24.63,93.75,48,orographic,0.6667,5.7,7.8,289.0,1053.3,918.9,15.5,4.6,23.7,260,9,3,0,24.63,93.75
2026-09-15,2026-09-18,419,Bishnupur,Manipur,northeast,24.63,93.75,72,orographic,0.6667,2.5,6.7,298.0,1387.9,919.5,18.7,6.9,24.6,261,9,3,0,24.63,93.75
2026-09-15,2026-09-16,420,Chandel,Manipur,northeast,24.33,94.68,24,orographic,1.0,9.9,9.2,156.0,2885.8,970.6,19.0,6.0,27.2,259,9,3,0,24.33,94.68
2026-09-15,2026-09-17,420,Chandel,Manipur,northeast,24.33,94.68,48,orographic,0.6667,8.3,6.5,50.0,2500.0,969.8,15.9,5.8,26.2,260,9,3,0,24.33,94.68
2026-09-15,2026-09-18,420,Chandel,Manipur,northeast,24.33,94.68,72,orographic,0.6667,1.9,5.3,18.0,1950.0,970.4,18.6,6.8,26.5,261,9,3,0,24.33,94.68
2026-09-15,2026-09-16,417,Washim,Maharashtra,west_coast,20.1,77.15,24,orographic,1.0,2.0,10.0,293.0,972.5,950.3,22.3,7.7,25.9,259,9,3,0,20.1,77.15
2026-09-15,2026-09-17,417,Washim,Maharashtra,west_coast,20.1,77.15,48,orographic,1.0,4.4,11.1,293.0,1768.8,949.2,19.7,7.3,26.5,260,9,3,0,20.1,77.15
2026-09-15,2026-09-18,417,Washim,Maharashtra,west_coast,20.1,77.15,72,orographic,1.0,2.4,12.5,295.0,1742.9,949.4,20.2,6.4,26.2,261,9,3,0,20.1,77.15
2026-09-15,2026-09-16,421,Churachandpur,Manipur,northeast,24.33,93.68,24,orographic,0.6667,2.6,7.4,256.0,1303.8,915.0,20.7,8.3,24.6,259,9,3,0,24.33,93.68
2026-09-15,2026-09-17,421,Churachandpur,Manipur,northeast,24.33,93.68,48,orographic,1.0,1.5,9.3,272.0,981.3,913.9,19.2,7.1,24.4,260,9,3,0,24.33,93.68
2026-09-15,2026-09-18,421,Churachandpur,Manipur,northeast,24.33,93.68,72,orographic,0.6667,3.1,7.2,273.0,1405.8,914.4,17.2,8.1,24.1,261,9,3,0,24.33,93.68
2026-09-15,2026-09-16,422,Imphal East,Manipur,northeast,24.78,93.95,24,orographic,1.0,2.3,11.2,246.0,1856.3,924.6,21.6,6.4,25.5,259,9,3,0,24.78,93.95
2026-09-15,2026-09-17,422,Imphal East,Manipur,northeast,24.78,93.95,48,orographic,1.0,2.5,8.8,242.0,1226.7,923.5,20.8,6.0,24.9,260,9,3,0,24.78,93.95
2026-09-15,2026-09-18,422,Imphal East,Manipur,northeast,24.78,93.95,72,orographic,0.6667,2.2,7.5,3.0,1372.1,924.2,20.6,8.5,25.6,261,9,3,0,24.78,93.95
2026-09-15,2026-09-16,423,Imphal West,Manipur,northeast,24.78,93.9,24,orographic,1.0,2.9,10.4,273.0,1527.1,925.5,20.9,6.1,24.6,259,9,3,0,24.78,93.9
2026-09-15,2026-09-17,423,Imphal West,Manipur,northeast,24.78,93.9,48,orographic,1.0,2.6,10.0,276.0,943.3,924.3,19.1,5.9,23.9,260,9,3,0,24.78,93.9
2026-09-15,2026-09-18,423,Imphal West,Manipur,northeast,24.78,93.9,72,orographic,0.6667,4.7,6.1,333.0,1330.4,925.0,20.7,8.5,24.6,261,9,3,0,24.78,93.9
2026-09-15,2026-09-16,424,Jiribam,Manipur,northeast,24.82,93.12,24,orographic,1.0,20.0,8.2,266.0,1660.8,1005.7,17.9,6.7,28.0,259,9,3,0,24.82,93.12
2026-09-15,2026-09-17,424,Jiribam,Manipur,northeast,24.82,93.12,48,orographic,0.6667,13.8,4.7,356.0,1162.5,1004.6,15.5,6.2,27.3,260,9,3,0,24.82,93.12
2026-09-15,2026-09-18,424,Jiribam,Manipur,northeast,24.82,93.12,72,orographic,0.6667,1.7,7.8,215.0,1829.2,1004.7,20.4,7.1,28.2,261,9,3,0,24.82,93.12
2026-09-15,2026-09-16,427,Noney,Manipur,northeast,24.55,93.68,24,orographic,1.0,2.8,10.4,285.0,1186.7,915.2,19.8,5.8,23.8,259,9,3,0,24.55,93.68
2026-09-15,2026-09-17,427,Noney,Manipur,northeast,24.55,93.68,48,orographic,1.0,4.5,8.3,283.0,805.4,914.0,15.7,5.1,23.2,260,9,3,0,24.55,93.68
2026-09-15,2026-09-18,427,Noney,Manipur,northeast,24.55,93.68,72,orographic,0.6667,1.7,7.2,301.0,1203.8,914.6,17.0,6.9,23.9,261,9,3,0,24.55,93.68
2026-09-15,2026-09-16,425,Kakching,Manipur,northeast,24.55,94.3,24,orographic,1.0,1.7,8.1,271.0,1799.6,902.1,19.4,6.3,23.6,259,9,3,0,24.55,94.3
2026-09-15,2026-09-17,425,Kakching,Manipur,northeast,24.55,94.3,48,orographic,1.0,5.0,8.7,280.0,1327.5,900.9,18.1,5.7,22.9,260,9,3,0,24.55,94.3
2026-09-15,2026-09-18,425,Kakching,Manipur,northeast,24.55,94.3,72,orographic,0.6667,6.5,7.3,280.0,1386.3,901.6,18.0,5.9,22.4,261,9,3,0,24.55,94.3
2026-09-15,2026-09-16,428,Pherzawl,Manipur,northeast,24.32,93.52,24,orographic,1.0,3.1,8.5,273.0,1196.7,905.4,19.8,6.1,23.1,259,9,3,0,24.32,93.52
2026-09-15,2026-09-17,428,Pherzawl,Manipur,northeast,24.32,93.52,48,orographic,0.6667,2.8,8.0,266.0,849.6,904.2,18.4,5.9,22.6,260,9,3,0,24.32,93.52
2026-09-15,2026-09-18,428,Pherzawl,Manipur,northeast,24.32,93.52,72,orographic,0.6667,3.1,4.9,289.0,1326.7,904.7,17.4,8.2,23.4,261,9,3,0,24.32,93.52
2026-09-15,2026-09-16,426,Kamjong,Manipur,northeast,24.82,94.4,24,orographic,1.0,6.9,8.1,275.0,1670.4,931.9,19.8,7.7,25.6,259,9,3,0,24.82,94.4
2026-09-15,2026-09-17,426,Kamjong,Manipur,northeast,24.82,94.4,48,orographic,1.0,11.1,8.1,230.0,1403.8,930.8,17.0,5.9,24.4,260,9,3,0,24.82,94.4
2026-09-15,2026-09-18,426,Kamjong,Manipur,northeast,24.82,94.4,72,orographic,0.6667,4.5,6.9,336.0,1350.4,931.6,19.1,6.9,24.1,261,9,3,0,24.82,94.4
2026-09-15,2026-09-16,429,Senapati,Manipur,northeast,25.27,94.02,24,orographic,1.0,7.5,10.9,117.0,1235.8,890.9,19.4,8.1,23.6,259,9,3,0,25.27,94.02
2026-09-15,2026-09-17,429,Senapati,Manipur,northeast,25.27,94.02,48,coastal,0.6667,9.9,5.8,146.0,1055.0,889.5,13.0,7.3,22.4,260,9,3,0,25.27,94.02
2026-09-15,2026-09-18,429,Senapati,Manipur,northeast,25.27,94.02,72,orographic,0.6667,3.0,6.5,357.0,1082.5,890.5,18.9,8.5,23.1,261,9,3,0,25.27,94.02
2026-09-15,2026-09-16,431,Tengnoupal,Manipur,northeast,24.45,94.45,24,orographic,1.0,2.5,11.4,224.0,2263.3,987.1,19.1,6.8,27.8,259,9,3,0,24.45,94.45
2026-09-15,2026-09-17,431,Tengnoupal,Manipur,northeast,24.45,94.45,48,orographic,0.6667,6.4,5.9,140.0,1846.7,986.4,15.7,4.4,25.9,260,9,3,0,24.45,94.45
2026-09-15,2026-09-18,431,Tengnoupal,Manipur,northeast,24.45,94.45,72,orographic,0.6667,0.5,7.7,25.0,1737.5,987.1,17.1,6.9,26.4,261,9,3,0,24.45,94.45
2026-09-15,2026-09-16,432,Thoubal,Manipur,northeast,24.63,94.02,24,orographic,1.0,3.9,9.4,239.0,1818.8,925.6,20.2,5.4,24.4,259,9,3,0,24.63,94.02
2026-09-15,2026-09-17,432,Thoubal,Manipur,northeast,24.63,94.02,48,orographic,0.6667,3.7,6.9,226.0,1212.1,924.4,18.4,5.9,23.6,260,9,3,0,24.63,94.02
2026-09-15,2026-09-18,432,Thoubal,Manipur,northeast,24.63,94.02,72,orographic,0.6667,2.1,7.6,76.0,1511.7,925.1,20.1,7.5,24.6,261,9,3,0,24.63,94.02
2026-09-15,2026-09-16,430,Tamenglong,Manipur,northeast,24.97,93.5,24,orographic,1.0,11.3,8.3,238.0,1187.9,871.1,19.2,6.6,20.8,259,9,3,0,24.97,93.5
2026-09-15,2026-09-17,430,Tamenglong,Manipur,northeast,24.97,93.5,48,break_monsoon,0.5,11.3,6.8,210.0,645.4,869.8,14.9,5.3,19.9,260,9,3,0,24.97,93.5
2026-09-15,2026-09-18,430,Tamenglong,Manipur,northeast,24.97,93.5,72,orographic,0.6667,4.2,7.0,301.0,1274.6,870.4,20.2,7.6,20.6,261,9,3,0,24.97,93.5
2026-09-15,2026-09-16,434,Chingai,Manipur,northeast,25.35,94.5,24,orographic,1.0,7.1,11.2,255.0,689.6,801.1,22.3,7.9,17.4,259,9,3,0,25.35,94.5
2026-09-15,2026-09-17,434,Chingai,Manipur,northeast,25.35,94.5,48,orographic,1.0,7.3,9.3,270.0,555.0,800.0,19.8,7.7,16.9,260,9,3,0,25.35,94.5
2026-09-15,2026-09-18,434,Chingai,Manipur,northeast,25.35,94.5,72,orographic,0.6667,4.7,6.2,286.0,513.8,801.3,21.9,10.4,19.1,261,9,3,0,25.35,94.5
2026-09-15,2026-09-16,433,Ukhrul,Manipur,northeast,25.12,94.35,24,orographic,1.0,5.7,11.8,238.0,1011.7,849.2,22.4,7.7,20.1,259,9,3,0,25.12,94.35
2026-09-15,2026-09-17,433,Ukhrul,Manipur,northeast,25.12,94.35,48,orographic,1.0,2.7,8.6,250.0,742.1,848.1,17.8,6.5,20.4,260,9,3,0,25.12,94.35
2026-09-15,2026-09-18,433,Ukhrul,Manipur,northeast,25.12,94.35,72,orographic,1.0,3.1,9.1,140.0,717.5,848.8,20.8,8.3,20.1,261,9,3,0,25.12,94.35
2026-09-15,2026-09-16,435,East Garo Hills,Meghalaya,northeast,25.55,90.6,24,orographic,1.0,5.3,8.8,169.0,1822.5,974.8,16.8,5.9,26.8,259,9,3,0,25.55,90.6
2026-09-15,2026-09-17,435,East Garo Hills,Meghalaya,northeast,25.55,90.6,48,orographic,1.0,2.4,11.0,169.0,1192.9,973.5,16.6,5.7,26.0,260,9,3,0,25.55,90.6
2026-09-15,2026-09-18,435,East Garo Hills,Meghalaya,northeast,25.55,90.6,72,orographic,0.6667,3.5,7.7,165.0,1553.8,974.4,16.3,7.0,26.5,261,9,3,0,25.55,90.6
2026-09-15,2026-09-16,436,East Jaintia Hills,Meghalaya,northeast,25.37,92.3,24,orographic,1.0,3.8,16.6,217.0,878.8,879.5,18.4,5.2,21.8,259,9,3,0,25.37,92.3
2026-09-15,2026-09-17,436,East Jaintia Hills,Meghalaya,northeast,25.37,92.3,48,orographic,0.6667,2.9,13.5,209.0,544.6,878.1,14.2,3.9,20.9,260,9,3,0,25.37,92.3
2026-09-15,2026-09-18,436,East Jaintia Hills,Meghalaya,northeast,25.37,92.3,72,orographic,1.0,12.0,9.9,209.0,1136.7,879.1,17.5,4.2,21.4,261,9,3,0,25.37,92.3
2026-09-15,2026-09-16,437,East Khasi Hills,Meghalaya,northeast,25.47,91.88,24,orographic,0.6667,2.9,11.5,224.0,482.5,824.8,18.9,6.2,18.7,259,9,3,0,25.47,91.88
2026-09-15,2026-09-17,437,East Khasi Hills,Meghalaya,northeast,25.47,91.88,48,orographic,0.6667,10.5,12.4,219.0,409.6,823.5,18.0,3.5,18.2,260,9,3,0,25.47,91.88
2026-09-15,2026-09-18,437,East Khasi Hills,Meghalaya,northeast,25.47,91.88,72,orographic,0.6667,3.6,8.9,207.0,707.5,824.7,11.2,4.4,18.9,261,9,3,0,25.47,91.88
2026-09-15,2026-09-16,439,Ri-Bhoi,Meghalaya,northeast,25.88,91.85,24,orographic,1.0,10.0,9.5,225.0,1458.3,955.8,18.2,6.6,25.1,259,9,3,0,25.88,91.85
2026-09-15,2026-09-17,439,Ri-Bhoi,Meghalaya,northeast,25.88,91.85,48,coastal,0.6667,5.5,7.7,293.0,1321.7,954.5,14.9,5.6,24.6,260,9,3,0,25.88,91.85
2026-09-15,2026-09-18,439,Ri-Bhoi,Meghalaya,northeast,25.88,91.85,72,orographic,1.0,11.5,8.6,51.0,1247.1,955.7,15.2,5.2,24.4,261,9,3,0,25.88,91.85
2026-09-15,2026-09-16,440,South Garo Hills,Meghalaya,northeast,25.18,90.55,24,orographic,1.0,20.9,10.4,130.0,1899.6,1005.6,17.6,7.0,27.6,259,9,3,0,25.18,90.55
2026-09-15,2026-09-17,440,South Garo Hills,Meghalaya,northeast,25.18,90.55,48,orographic,0.6667,16.8,11.6,114.0,1447.9,1004.5,11.9,6.4,26.5,260,9,3,0,25.18,90.55
2026-09-15,2026-09-18,440,South Garo Hills,Meghalaya,northeast,25.18,90.55,72,orographic,1.0,7.4,10.7,112.0,1650.0,1004.9,17.1,7.4,27.6,261,9,3,0,25.18,90.55
2026-09-15,2026-09-16,438,North Garo Hills,Meghalaya,northeast,25.88,90.58,24,orographic,1.0,15.3,11.5,213.0,2102.1,984.9,17.4,6.5,26.6,259,9,3,0,25.88,90.58
2026-09-15,2026-09-17,438,North Garo Hills,Meghalaya,northeast,25.88,90.58,48,orographic,0.6667,9.3,11.3,203.0,1414.2,983.6,14.7,6.3,26.1,260,9,3,0,25.88,90.58
2026-09-15,2026-09-18,438,North Garo Hills,Meghalaya,northeast,25.88,90.58,72,orographic,1.0,10.6,9.9,96.0,1463.8,984.6,17.1,6.7,26.5,261,9,3,0,25.88,90.58
2026-09-15,2026-09-16,447,Aizawl,Mizoram,northeast,23.73,92.72,24,orographic,0.6667,12.5,6.7,193.0,1518.3,904.2,19.6,7.8,22.6,259,9,3,0,23.73,92.72
2026-09-15,2026-09-17,447,Aizawl,Mizoram,northeast,23.73,92.72,48,orographic,0.6667,3.5,5.6,201.0,1451.3,903.0,21.0,6.7,22.6,260,9,3,0,23.73,92.72
2026-09-15,2026-09-18,447,Aizawl,Mizoram,northeast,23.73,92.72,72,orographic,0.6667,1.5,8.0,321.0,1498.3,903.3,21.1,8.0,23.1,261,9,3,0,23.73,92.72
2026-09-15,2026-09-16,444,West Jaintia Hills,Meghalaya,northeast,25.43,91.72,24,orographic,0.6667,5.1,12.6,235.0,420.4,834.4,18.6,5.8,18.3,259,9,3,0,25.43,91.72
2026-09-15,2026-09-17,444,West Jaintia Hills,Meghalaya,northeast,25.43,91.72,48,orographic,0.6667,4.1,11.0,224.0,484.2,833.2,16.4,3.3,18.4,260,9,3,0,25.43,91.72
2026-09-15,2026-09-18,444,West Jaintia Hills,Meghalaya,northeast,25.43,91.72,72,orographic,0.6667,10.1,8.2,214.0,657.1,834.1,12.8,3.3,18.5,261,9,3,0,25.43,91.72
2026-09-15,2026-09-16,445,West Khasi Hills,Meghalaya,northeast,25.55,91.28,24,orographic,1.0,4.1,16.7,208.0,568.8,859.2,20.3,6.1,20.4,259,9,3,0,25.55,91.28
2026-09-15,2026-09-17,445,West Khasi Hills,Meghalaya,northeast,25.55,91.28,48,orographic,1.0,3.0,15.3,209.0,517.1,857.9,18.2,4.5,20.1,260,9,3,0,25.55,91.28
2026-09-15,2026-09-18,445,West Khasi Hills,Meghalaya,northeast,25.55,91.28,72,orographic,1.0,8.1,11.7,204.0,725.0,858.7,16.8,5.1,19.9,261,9,3,0,25.55,91.28
2026-09-15,2026-09-16,441,South West Garo Hills,Meghalaya,northeast,25.28,90.42,24,orographic,1.0,11.5,9.0,100.0,1939.2,999.1,16.8,6.0,27.2,259,9,3,0,25.28,90.42
2026-09-15,2026-09-17,441,South West Garo Hills,Meghalaya,northeast,25.28,90.42,48,orographic,0.6667,11.8,9.0,97.0,1519.6,997.9,12.7,5.8,25.8,260,9,3,0,25.28,90.42
2026-09-15,2026-09-18,441,South West Garo Hills,Meghalaya,northeast,25.28,90.42,72,orographic,1.0,5.3,12.0,103.0,1908.3,998.5,18.3,7.1,26.9,261,9,3,0,25.28,90.42
2026-09-15,2026-09-16,443,West Garo Hills,Meghalaya,northeast,25.5,90.22,24,orographic,1.0,5.8,10.3,147.0,1667.5,968.3,17.4,5.8,25.5,259,9,3,0,25.5,90.22
2026-09-15,2026-09-17,443,West Garo Hills,Meghalaya,northeast,25.5,90.22,48,orographic,1.0,4.2,11.1,144.0,1195.0,966.9,15.1,5.0,24.9,260,9,3,0,25.5,90.22
2026-09-15,2026-09-18,443,West Garo Hills,Meghalaya,northeast,25.5,90.22,72,orographic,1.0,3.5,10.5,153.0,1612.5,967.7,15.3,5.6,25.5,261,9,3,0,25.5,90.22
2026-09-15,2026-09-16,448,Champhai,Mizoram,northeast,23.47,93.32,24,orographic,1.0,2.9,10.1,245.0,1132.5,868.0,19.5,7.8,21.3,259,9,3,0,23.47,93.32
2026-09-15,2026-09-17,448,Champhai,Mizoram,northeast,23.47,93.32,48,orographic,1.0,3.6,9.4,251.0,737.5,867.0,21.2,6.7,21.4,260,9,3,0,23.47,93.32
2026-09-15,2026-09-18,448,Champhai,Mizoram,northeast,23.47,93.32,72,orographic,0.6667,2.2,7.5,317.0,737.5,867.4,20.6,8.1,22.2,261,9,3,0,23.47,93.32
2026-09-15,2026-09-16,442,South West Khasi Hills,Meghalaya,northeast,25.2,91.35,24,orographic,0.6667,10.9,6.2,104.0,1437.1,1002.0,18.4,5.9,27.2,259,9,3,0,25.2,91.35
2026-09-15,2026-09-17,442,South West Khasi Hills,Meghalaya,northeast,25.2,91.35,48,orographic,0.6667,15.2,6.8,103.0,992.1,1000.8,16.1,5.9,26.2,260,9,3,0,25.2,91.35
2026-09-15,2026-09-18,442,South West Khasi Hills,Meghalaya,northeast,25.2,91.35,72,orographic,0.6667,6.1,6.8,109.0,1217.5,1001.2,19.9,7.1,27.4,261,9,3,0,25.2,91.35
2026-09-15,2026-09-16,446,Eastern West Khasi Hills,Meghalaya,northeast,25.4,91.65,24,orographic,0.6667,5.6,13.5,234.0,478.8,835.7,19.2,5.6,18.3,259,9,3,0,25.4,91.65
2026-09-15,2026-09-17,446,Eastern West Khasi Hills,Meghalaya,northeast,25.4,91.65,48,orographic,0.6667,4.0,10.9,225.0,456.3,834.6,17.0,3.7,18.5,260,9,3,0,25.4,91.65
2026-09-15,2026-09-18,446,Eastern West Khasi Hills,Meghalaya,northeast,25.4,91.65,72,orographic,0.6667,9.5,8.1,216.0,854.6,835.5,14.9,3.4,18.6,261,9,3,0,25.4,91.65
2026-09-15,2026-09-16,451,Kolasib,Mizoram,northeast,24.22,92.68,24,orographic,1.0,11.2,8.5,220.0,1815.8,939.3,20.3,7.0,24.5,259,9,3,0,24.22,92.68
2026-09-15,2026-09-17,451,Kolasib,Mizoram,northeast,24.22,92.68,48,orographic,0.6667,15.2,7.1,261.0,1637.5,938.1,19.6,7.0,23.6,260,9,3,0,24.22,92.68
2026-09-15,2026-09-18,451,Kolasib,Mizoram,northeast,24.22,92.68,72,orographic,0.6667,3.2,7.3,11.0,1657.9,938.4,20.0,7.5,24.4,261,9,3,0,24.22,92.68
2026-09-15,2026-09-16,450,Khawzawl,Mizoram,northeast,23.52,93.12,24,orographic,0.6667,5.9,7.2,210.0,1193.8,914.5,19.5,7.7,24.1,259,9,3,0,23.52,93.12
2026-09-15,2026-09-17,450,Khawzawl,Mizoram,northeast,23.52,93.12,48,orographic,0.6667,7.9,7.3,228.0,985.0,913.3,20.6,6.7,24.2,260,9,3,0,23.52,93.12
2026-09-15,2026-09-18,450,Khawzawl,Mizoram,northeast,23.52,93.12,72,orographic,0.6667,1.5,7.7,320.0,1098.8,913.6,20.4,7.6,24.7,261,9,3,0,23.52,93.12
2026-09-15,2026-09-16,454,Mamit,Mizoram,northeast,23.92,92.48,24,orographic,1.0,8.3,8.5,223.0,1822.5,959.0,18.6,6.9,25.6,259,9,3,0,23.92,92.48
2026-09-15,2026-09-17,454,Mamit,Mizoram,northeast,23.92,92.48,48,orographic,0.6667,9.1,7.0,230.0,1362.9,957.7,20.2,7.7,25.4,260,9,3,0,23.92,92.48
2026-09-15,2026-09-18,454,Mamit,Mizoram,northeast,23.92,92.48,72,orographic,0.6667,2.8,7.0,13.0,1554.6,958.0,20.9,7.7,26.0,261,9,3,0,23.92,92.48
2026-09-15,2026-09-16,452,Lawngtlai,Mizoram,northeast,22.32,92.95,24,orographic,0.6667,12.7,6.9,252.0,1655.4,948.5,17.6,5.6,24.8,259,9,3,0,22.32,92.95
2026-09-15,2026-09-17,452,Lawngtlai,Mizoram,northeast,22.32,92.95,48,orographic,1.0,7.1,9.6,274.0,1158.8,947.2,22.3,6.8,25.7,260,9,3,0,22.32,92.95
2026-09-15,2026-09-18,452,Lawngtlai,Mizoram,northeast,22.32,92.95,72,orographic,0.6667,1.7,7.7,314.0,1577.5,947.0,20.0,8.2,25.3,261,9,3,0,22.32,92.95
2026-09-15,2026-09-16,453,Lunglei,Mizoram,northeast,22.88,92.73,24,orographic,1.0,14.2,8.5,206.0,1494.6,932.2,18.2,6.2,23.6,259,9,3,0,22.88,92.73
2026-09-15,2026-09-17,453,Lunglei,Mizoram,northeast,22.88,92.73,48,orographic,1.0,8.8,8.1,221.0,1214.6,930.8,21.8,6.5,23.9,260,9,3,0,22.88,92.73
2026-09-15,2026-09-18,453,Lunglei,Mizoram,northeast,22.88,92.73,72,orographic,1.0,0.8,10.0,337.0,1333.8,930.8,22.0,7.5,23.9,261,9,3,0,22.88,92.73
2026-09-15,2026-09-16,449,Hnahthial,Mizoram,northeast,23.17,92.92,24,orographic,1.0,10.5,9.8,224.0,1510.4,963.6,20.4,7.6,26.9,259,9,3,0,23.17,92.92
2026-09-15,2026-09-17,449,Hnahthial,Mizoram,northeast,23.17,92.92,48,orographic,1.0,8.0,9.1,252.0,1257.9,962.2,21.8,7.5,26.8,260,9,3,0,23.17,92.92
2026-09-15,2026-09-18,449,Hnahthial,Mizoram,northeast,23.17,92.92,72,orographic,1.0,0.6,8.1,282.0,1334.2,962.2,21.5,8.8,26.8,261,9,3,0,23.17,92.92
2026-09-15,2026-09-16,455,Saiha,Mizoram,northeast,22.5,92.98,24,orographic,0.6667,8.0,4.7,244.0,1527.1,923.1,16.5,6.1,23.6,259,9,3,0,22.5,92.98
2026-09-15,2026-09-17,455,Saiha,Mizoram,northeast,22.5,92.98,48,orographic,0.6667,7.0,7.5,254.0,932.1,921.9,21.7,7.2,24.2,260,9,3,0,22.5,92.98
2026-09-15,2026-09-18,455,Saiha,Mizoram,northeast,22.5,92.98,72,orographic,0.6667,3.6,5.6,23.0,1371.7,921.7,20.6,8.6,24.0,261,9,3,0,22.5,92.98
2026-09-15,2026-09-16,456,Saitual,Mizoram,northeast,23.3,92.85,24,orographic,1.0,7.7,8.5,206.0,1351.7,891.1,19.9,7.2,21.9,259,9,3,0,23.3,92.85
2026-09-15,2026-09-17,456,Saitual,Mizoram,northeast,23.3,92.85,48,orographic,1.0,6.5,8.5,218.0,1141.3,889.9,21.6,6.5,21.8,260,9,3,0,23.3,92.85
2026-09-15,2026-09-18,456,Saitual,Mizoram,northeast,23.3,92.85,72,orographic,1.0,1.9,8.9,307.0,1272.9,890.0,21.8,8.8,22.0,261,9,3,0,23.3,92.85
2026-09-15,2026-09-16,457,Serchhip,Mizoram,northeast,23.42,92.85,24,orographic,1.0,8.8,8.5,206.0,1317.1,927.0,19.7,7.1,24.2,259,9,3,0,23.42,92.85
2026-09-15,2026-09-17,457,Serchhip,Mizoram,northeast,23.42,92.85,48,orographic,0.6667,2.5,8.0,228.0,1200.0,925.8,21.3,5.8,24.2,260,9,3,0,23.42,92.85
2026-09-15,2026-09-18,457,Serchhip,Mizoram,northeast,23.42,92.85,72,orographic,1.0,3.1,9.5,328.0,1123.8,925.9,21.2,8.0,24.6,261,9,3,0,23.42,92.85
2026-09-15,2026-09-16,461,Longleng,Nagaland,northeast,26.52,94.92,24,orographic,0.6667,4.1,5.5,286.0,1139.6,912.1,19.9,7.0,23.9,259,9,3,0,26.52,94.92
2026-09-15,2026-09-17,461,Longleng,Nagaland,northeast,26.52,94.92,48,orographic,0.6667,8.3,5.9,239.0,1032.9,910.8,18.0,5.2,22.4,260,9,3,0,26.52,94.92
2026-09-15,2026-09-18,461,Longleng,Nagaland,northeast,26.52,94.92,72,orographic,0.6667,8.4,7.5,352.0,1410.4,912.0,16.8,6.2,22.8,261,9,3,0,26.52,94.92
2026-09-15,2026-09-16,462,Mokokchung,Nagaland,northeast,26.32,94.52,24,orographic,0.6667,5.7,7.5,220.0,1147.9,877.4,19.3,7.0,20.6,259,9,3,0,26.32,94.52
2026-09-15,2026-09-17,462,Mokokchung,Nagaland,northeast,26.32,94.52,48,orographic,1.0,9.2,8.5,219.0,932.1,876.3,18.7,6.3,21.1,260,9,3,0,26.32,94.52
2026-09-15,2026-09-18,462,Mokokchung,Nagaland,northeast,26.32,94.52,72,orographic,0.6667,5.4,6.9,21.0,1030.8,877.4,19.7,6.5,21.1,261,9,3,0,26.32,94.52
2026-09-15,2026-09-16,459,Kiphire,Nagaland,northeast,25.88,94.78,24,orographic,0.6667,3.5,5.7,142.0,885.8,897.1,21.6,9.5,23.4,259,9,3,0,25.88,94.78
2026-09-15,2026-09-17,459,Kiphire,Nagaland,northeast,25.88,94.78,48,orographic,0.6667,13.1,5.5,158.0,651.7,895.9,19.2,7.1,22.4,260,9,3,0,25.88,94.78
2026-09-15,2026-09-18,459,Kiphire,Nagaland,northeast,25.88,94.78,72,orographic,0.6667,5.6,5.5,116.0,917.5,897.1,21.3,9.9,24.1,261,9,3,0,25.88,94.78
2026-09-15,2026-09-16,463,Mon,Nagaland,northeast,26.75,94.82,24,orographic,1.0,14.2,8.5,307.0,1642.5,973.3,18.5,5.9,25.6,259,9,3,0,26.75,94.82
2026-09-15,2026-09-17,463,Mon,Nagaland,northeast,26.75,94.82,48,orographic,1.0,22.2,8.8,336.0,1303.3,972.0,18.0,6.4,25.3,260,9,3,0,26.75,94.82
2026-09-15,2026-09-18,463,Mon,Nagaland,northeast,26.75,94.82,72,orographic,0.6667,12.4,7.6,358.0,1722.1,973.1,18.5,6.1,25.8,261,9,3,0,26.75,94.82
2026-09-15,2026-09-16,458,Dimapur,Nagaland,northeast,25.9,93.73,24,orographic,1.0,14.4,8.4,255.0,2147.9,992.0,19.8,7.0,28.0,259,9,3,0,25.9,93.73
2026-09-15,2026-09-17,458,Dimapur,Nagaland,northeast,25.9,93.73,48,orographic,1.0,15.7,9.6,320.0,1748.3,990.7,19.8,7.7,27.5,260,9,3,0,25.9,93.73
2026-09-15,2026-09-18,458,Dimapur,Nagaland,northeast,25.9,93.73,72,orographic,1.0,0.9,8.6,32.0,1880.0,991.9,18.7,7.4,26.8,261,9,3,0,25.9,93.73
2026-09-15,2026-09-16,460,Kohima,Nagaland,northeast,25.67,94.1,24,orographic,0.6667,15.8,7.6,342.0,997.1,866.5,19.2,7.3,20.2,259,9,3,0,25.67,94.1
2026-09-15,2026-09-17,460,Kohima,Nagaland,northeast,25.67,94.1,48,coastal,0.6667,31.5,7.4,55.0,939.2,865.3,14.6,4.8,19.4,260,9,3,0,25.67,94.1
2026-09-15,2026-09-18,460,Kohima,Nagaland,northeast,25.67,94.1,72,orographic,0.6667,16.6,7.9,110.0,1187.1,866.5,17.1,7.2,20.5,261,9,3,0,25.67,94.1
2026-09-15,2026-09-16,464,Peren,Nagaland,northeast,25.5,93.82,24,orographic,0.6667,4.1,7.3,165.0,790.4,913.4,18.8,8.3,23.9,259,9,3,0,25.5,93.82
2026-09-15,2026-09-17,464,Peren,Nagaland,northeast,25.5,93.82,48,orographic,0.6667,8.3,7.0,160.0,604.6,912.2,15.8,5.7,23.0,260,9,3,0,25.5,93.82
2026-09-15,2026-09-18,464,Peren,Nagaland,northeast,25.5,93.82,72,orographic,0.6667,2.9,6.5,144.0,902.9,913.0,16.8,8.0,22.8,261,9,3,0,25.5,93.82
2026-09-15,2026-09-16,469,Noklak,Nagaland,northeast,26.42,94.78,24,orographic,0.6667,6.1,4.5,321.0,1233.8,920.2,19.9,7.9,23.6,259,9,3,0,26.42,94.78
2026-09-15,2026-09-17,469,Noklak,Nagaland,northeast,26.42,94.78,48,orographic,0.6667,11.6,4.5,161.0,1162.9,918.9,17.1,5.8,22.5,260,9,3,0,26.42,94.78
2026-09-15,2026-09-18,469,Noklak,Nagaland,northeast,26.42,94.78,72,orographic,0.6667,4.3,6.0,26.0,1404.6,920.1,17.3,6.2,22.7,261,9,3,0,26.42,94.78
2026-09-15,2026-09-16,466,Tuensang,Nagaland,northeast,26.22,94.82,24,orographic,0.6667,4.4,4.8,289.0,650.4,857.2,20.6,7.6,20.4,259,9,3,0,26.22,94.82
2026-09-15,2026-09-17,466,Tuensang,Nagaland,northeast,26.22,94.82,48,orographic,0.6667,6.2,4.3,249.0,685.4,856.0,20.3,8.3,20.6,260,9,3,0,26.22,94.82
2026-09-15,2026-09-18,466,Tuensang,Nagaland,northeast,26.22,94.82,72,orographic,0.6667,3.9,6.1,346.0,730.0,857.2,21.5,7.6,20.8,261,9,3,0,26.22,94.82
2026-09-15,2026-09-16,470,Angul,Odisha,east,20.83,85.1,24,orographic,0.6667,2.2,8.0,306.0,2696.7,993.7,21.9,8.1,28.9,259,9,3,0,20.83,85.1
2026-09-15,2026-09-17,470,Angul,Odisha,east,20.83,85.1,48,orographic,1.0,6.4,12.9,297.0,2712.5,992.1,19.8,6.8,29.0,260,9,3,0,20.83,85.1
2026-09-15,2026-09-18,470,Angul,Odisha,east,20.83,85.1,72,orographic,1.0,4.3,12.8,304.0,2203.3,992.2,18.8,7.2,28.4,261,9,3,0,20.83,85.1
2026-09-15,2026-09-16,471,Balangir,Odisha,east,20.7,83.48,24,orographic,1.0,1.5,11.7,243.0,2731.3,988.4,20.8,7.1,28.4,259,9,3,0,20.7,83.48
2026-09-15,2026-09-17,471,Balangir,Odisha,east,20.7,83.48,48,orographic,1.0,5.7,10.1,234.0,2797.1,986.9,19.4,7.2,27.9,260,9,3,0,20.7,83.48
2026-09-15,2026-09-18,471,Balangir,Odisha,east,20.7,83.48,72,orographic,1.0,7.0,16.5,275.0,2468.8,987.0,19.9,7.6,27.7,261,9,3,0,20.7,83.48
2026-09-15,2026-09-16,465,Phek,Nagaland,northeast,25.72,94.48,24,orographic,0.6667,10.5,5.8,288.0,1001.7,917.9,21.4,8.2,24.3,259,9,3,0,25.72,94.48
2026-09-15,2026-09-17,465,Phek,Nagaland,northeast,25.72,94.48,48,orographic,0.6667,15.9,5.5,254.0,924.2,916.8,17.4,6.4,23.8,260,9,3,0,25.72,94.48
2026-09-15,2026-09-18,465,Phek,Nagaland,northeast,25.72,94.48,72,orographic,0.6667,2.8,7.3,346.0,996.7,917.8,18.7,7.9,24.6,261,9,3,0,25.72,94.48
2026-09-15,2026-09-16,467,Wokha,Nagaland,northeast,26.1,94.25,24,orographic,0.6667,4.8,6.2,234.0,1497.5,875.5,19.8,6.2,21.2,259,9,3,0,26.1,94.25
2026-09-15,2026-09-17,467,Wokha,Nagaland,northeast,26.1,94.25,48,orographic,0.6667,8.2,5.4,232.0,1149.2,874.3,20.3,5.8,21.2,260,9,3,0,26.1,94.25
2026-09-15,2026-09-18,467,Wokha,Nagaland,northeast,26.1,94.25,72,orographic,1.0,3.1,8.5,316.0,1200.4,875.3,19.7,6.2,21.2,261,9,3,0,26.1,94.25
2026-09-15,2026-09-16,468,Zunheboto,Nagaland,northeast,26.02,94.52,24,orographic,0.6667,3.3,7.5,267.0,640.4,847.2,19.1,5.7,19.4,259,9,3,0,26.02,94.52
2026-09-15,2026-09-17,468,Zunheboto,Nagaland,northeast,26.02,94.52,48,orographic,0.6667,7.3,7.1,274.0,640.4,845.9,18.1,5.8,19.0,260,9,3,0,26.02,94.52
2026-09-15,2026-09-18,468,Zunheboto,Nagaland,northeast,26.02,94.52,72,orographic,0.6667,2.3,7.6,323.0,687.1,847.0,18.4,6.2,19.9,261,9,3,0,26.02,94.52
2026-09-15,2026-09-16,472,Balasore,Odisha,east,21.48,86.93,24,orographic,1.0,1.1,14.4,198.0,2677.5,1006.8,21.6,6.7,28.9,259,9,3,0,21.48,86.93
2026-09-15,2026-09-17,472,Balasore,Odisha,east,21.48,86.93,48,orographic,1.0,8.2,11.6,220.0,2908.8,1005.0,18.5,5.8,29.2,260,9,3,0,21.48,86.93
2026-09-15,2026-09-18,472,Balasore,Odisha,east,21.48,86.93,72,orographic,1.0,11.0,10.3,44.0,2358.3,1005.3,19.4,5.9,28.1,261,9,3,0,21.48,86.93
2026-09-15,2026-09-16,473,Bargarh,Odisha,east,21.33,83.62,24,orographic,1.0,2.2,13.4,266.0,2880.4,989.9,20.1,6.2,28.5,259,9,3,0,21.33,83.62
2026-09-15,2026-09-17,473,Bargarh,Odisha,east,21.33,83.62,48,orographic,1.0,14.2,9.1,260.0,2982.1,988.3,18.1,6.1,28.2,260,9,3,0,21.33,83.62
2026-09-15,2026-09-18,473,Bargarh,Odisha,east,21.33,83.62,72,orographic,1.0,5.3,8.1,276.0,2446.3,988.4,19.2,6.9,27.9,261,9,3,0,21.33,83.62
2026-09-15,2026-09-16,477,Deogarh,Odisha,east,21.55,84.73,24,orographic,1.0,1.3,12.3,255.0,2777.1,966.8,21.8,8.5,27.6,259,9,3,0,21.55,84.73
2026-09-15,2026-09-17,477,Deogarh,Odisha,east,21.55,84.73,48,orographic,1.0,4.7,10.7,271.0,2823.3,965.2,18.3,7.0,27.4,260,9,3,0,21.55,84.73
2026-09-15,2026-09-18,477,Deogarh,Odisha,east,21.55,84.73,72,orographic,1.0,9.2,8.3,308.0,2565.4,965.3,15.8,6.2,27.3,261,9,3,0,21.55,84.73
2026-09-15,2026-09-16,474,Bhadrak,Odisha,east,21.05,86.72,24,orographic,1.0,1.6,13.9,222.0,2415.4,1008.7,20.6,7.6,28.7,259,9,3,0,21.05,86.72
2026-09-15,2026-09-17,474,Bhadrak,Odisha,east,21.05,86.72,48,orographic,1.0,5.9,9.8,231.0,2946.3,1006.8,18.8,6.7,29.1,260,9,3,0,21.05,86.72
2026-09-15,2026-09-18,474,Bhadrak,Odisha,east,21.05,86.72,72,orographic,1.0,9.4,11.8,307.0,2321.7,1007.0,19.3,5.9,28.4,261,9,3,0,21.05,86.72
2026-09-15,2026-09-16,475,Boudh,Odisha,east,20.35,84.32,24,orographic,1.0,2.4,8.9,279.0,2112.9,933.9,21.5,7.2,25.8,259,9,3,0,20.35,84.32
2026-09-15,2026-09-17,475,Boudh,Odisha,east,20.35,84.32,48,orographic,1.0,8.2,13.7,282.0,1877.5,932.3,19.9,5.9,25.4,260,9,3,0,20.35,84.32
2026-09-15,2026-09-18,475,Boudh,Odisha,east,20.35,84.32,72,orographic,1.0,5.2,12.8,298.0,2166.7,932.2,19.7,6.3,25.1,261,9,3,0,20.35,84.32
2026-09-15,2026-09-16,478,Dhenkanal,Odisha,east,20.67,85.62,24,orographic,1.0,2.1,8.9,237.0,2936.3,1001.5,21.0,7.4,28.8,259,9,3,0,20.67,85.62
2026-09-15,2026-09-17,478,Dhenkanal,Odisha,east,20.67,85.62,48,orographic,1.0,11.4,12.9,277.0,2339.2,999.8,20.3,7.3,28.8,260,9,3,0,20.67,85.62
2026-09-15,2026-09-18,478,Dhenkanal,Odisha,east,20.67,85.62,72,orographic,1.0,9.0,13.1,315.0,2222.9,999.9,16.1,6.2,28.0,261,9,3,0,20.67,85.62
2026-09-15,2026-09-16,476,Cuttack,Odisha,east,20.47,85.88,24,orographic,1.0,2.8,11.1,233.0,2972.9,1006.0,20.9,7.0,29.3,259,9,3,0,20.47,85.88
2026-09-15,2026-09-17,476,Cuttack,Odisha,east,20.47,85.88,48,orographic,1.0,9.1,14.0,262.0,2399.6,1004.3,21.1,7.3,29.5,260,9,3,0,20.47,85.88
2026-09-15,2026-09-18,476,Cuttack,Odisha,east,20.47,85.88,72,orographic,1.0,7.3,10.1,312.0,2415.0,1004.3,17.6,6.2,28.7,261,9,3,0,20.47,85.88
2026-09-15,2026-09-16,479,Gajapati,Odisha,east,18.77,84.2,24,orographic,0.6667,12.8,7.4,272.0,2326.3,1002.8,18.7,7.4,28.2,259,9,3,0,18.77,84.2
2026-09-15,2026-09-17,479,Gajapati,Odisha,east,18.77,84.2,48,orographic,1.0,3.3,10.9,282.0,3025.8,1001.0,19.7,6.6,27.9,260,9,3,0,18.77,84.2
2026-09-15,2026-09-18,479,Gajapati,Odisha,east,18.77,84.2,72,orographic,1.0,2.0,12.8,310.0,2805.0,1000.7,20.4,7.6,28.3,261,9,3,0,18.77,84.2
2026-09-15,2026-09-16,480,Ganjam,Odisha,east,19.77,84.8,24,orographic,0.6667,1.9,8.0,351.0,2371.7,1000.4,20.0,7.7,28.4,259,9,3,0,19.77,84.8
2026-09-15,2026-09-17,480,Ganjam,Odisha,east,19.77,84.8,48,orographic,1.0,6.5,9.6,325.0,2462.5,998.7,20.9,7.7,28.4,260,9,3,0,19.77,84.8
2026-09-15,2026-09-18,480,Ganjam,Odisha,east,19.77,84.8,72,orographic,1.0,5.5,11.5,350.0,2796.3,998.6,20.3,7.1,28.2,261,9,3,0,19.77,84.8
2026-09-15,2026-09-16,487,Keonjhar,Odisha,east,21.63,85.58,24,orographic,1.0,2.9,12.3,253.0,2192.1,957.4,18.9,7.3,26.9,259,9,3,0,21.63,85.58
2026-09-15,2026-09-17,487,Keonjhar,Odisha,east,21.63,85.58,48,orographic,1.0,7.5,10.4,262.0,1852.5,955.7,19.6,7.5,27.2,260,9,3,0,21.63,85.58
2026-09-15,2026-09-18,487,Keonjhar,Odisha,east,21.63,85.58,72,orographic,1.0,2.9,12.3,305.0,1846.7,955.9,17.2,6.7,26.9,261,9,3,0,21.63,85.58
2026-09-15,2026-09-16,488,Khurda,Odisha,east,20.18,85.62,24,orographic,1.0,2.1,12.2,248.0,2827.9,1003.7,21.3,7.2,28.9,259,9,3,0,20.18,85.62
2026-09-15,2026-09-17,488,Khurda,Odisha,east,20.18,85.62,48,orographic,1.0,4.1,9.2,287.0,2646.3,1002.0,20.7,7.7,29.0,260,9,3,0,20.18,85.62
2026-09-15,2026-09-18,488,Khurda,Odisha,east,20.18,85.62,72,orographic,1.0,2.1,13.0,332.0,2506.7,1002.0,18.9,7.0,28.7,261,9,3,0,20.18,85.62
2026-09-15,2026-09-16,483,Jharsuguda,Odisha,east,21.85,84.0,24,orographic,1.0,1.6,10.9,234.0,2841.3,984.8,21.2,6.6,28.4,259,9,3,0,21.85,84.0
2026-09-15,2026-09-17,483,Jharsuguda,Odisha,east,21.85,84.0,48,orographic,1.0,6.0,11.9,261.0,2643.8,983.2,17.7,6.8,28.1,260,9,3,0,21.85,84.0
2026-09-15,2026-09-18,483,Jharsuguda,Odisha,east,21.85,84.0,72,orographic,1.0,2.2,9.8,282.0,2709.6,983.4,18.3,6.6,28.2,261,9,3,0,21.85,84.0
2026-09-15,2026-09-16,484,Kalahandi,Odisha,east,20.08,83.2,24,orographic,1.0,1.6,12.0,236.0,2366.3,987.3,22.3,7.2,28.4,259,9,3,0,20.08,83.2
2026-09-15,2026-09-17,484,Kalahandi,Odisha,east,20.08,83.2,48,orographic,1.0,3.6,10.5,239.0,2327.5,985.7,21.9,7.5,28.5,260,9,3,0,20.08,83.2
2026-09-15,2026-09-18,484,Kalahandi,Odisha,east,20.08,83.2,72,coastal,1.0,6.3,22.8,278.0,2570.8,985.8,20.8,7.4,27.8,261,9,3,0,20.08,83.2
2026-09-15,2026-09-16,482,Jajpur,Odisha,east,20.85,86.33,24,orographic,1.0,3.1,10.5,227.0,2850.0,1007.4,21.0,7.4,29.0,259,9,3,0,20.85,86.33
2026-09-15,2026-09-17,482,Jajpur,Odisha,east,20.85,86.33,48,orographic,1.0,4.3,12.0,244.0,2786.7,1005.5,21.1,7.5,29.6,260,9,3,0,20.85,86.33
2026-09-15,2026-09-18,482,Jajpur,Odisha,east,20.85,86.33,72,orographic,1.0,10.7,8.9,327.0,2220.0,1005.7,18.3,6.3,28.8,261,9,3,0,20.85,86.33
2026-09-15,2026-09-16,486,Kendrapara,Odisha,east,20.5,86.42,24,orographic,1.0,2.9,16.1,217.0,2823.3,1007.9,20.9,6.8,28.9,259,9,3,0,20.5,86.42
2026-09-15,2026-09-17,486,Kendrapara,Odisha,east,20.5,86.42,48,orographic,1.0,8.1,13.9,242.0,2831.7,1006.1,20.3,6.9,29.1,260,9,3,0,20.5,86.42
2026-09-15,2026-09-18,486,Kendrapara,Odisha,east,20.5,86.42,72,orographic,1.0,10.0,9.0,295.0,2472.5,1006.1,17.3,6.3,28.5,261,9,3,0,20.5,86.42
2026-09-15,2026-09-16,481,Jagatsinghpur,Odisha,east,20.25,86.3,24,orographic,1.0,1.6,14.8,218.0,2868.8,1008.4,20.6,6.2,28.7,259,9,3,0,20.25,86.3
2026-09-15,2026-09-17,481,Jagatsinghpur,Odisha,east,20.25,86.3,48,orographic,1.0,9.8,15.0,252.0,2695.8,1006.7,19.7,6.8,29.1,260,9,3,0,20.25,86.3
2026-09-15,2026-09-18,481,Jagatsinghpur,Odisha,east,20.25,86.3,72,orographic,1.0,5.6,9.8,303.0,2616.7,1006.6,17.9,6.3,28.5,261,9,3,0,20.25,86.3
2026-09-15,2026-09-16,485,Kandhamal,Odisha,east,20.1,84.4,24,orographic,1.0,7.6,11.0,278.0,1879.6,918.3,16.9,6.9,24.1,259,9,3,0,20.1,84.4
2026-09-15,2026-09-17,485,Kandhamal,Odisha,east,20.1,84.4,48,orographic,1.0,6.3,13.9,284.0,1800.4,916.8,20.0,5.6,24.1,260,9,3,0,20.1,84.4
2026-09-15,2026-09-18,485,Kandhamal,Odisha,east,20.1,84.4,72,orographic,1.0,4.8,15.0,299.0,2168.3,916.8,18.7,6.1,24.1,261,9,3,0,20.1,84.4
2026-09-15,2026-09-16,491,Mayurbhanj,Odisha,east,21.68,86.42,24,orographic,0.6667,8.0,7.5,306.0,1649.2,922.4,19.2,6.1,24.6,259,9,3,0,21.68,86.42
2026-09-15,2026-09-17,491,Mayurbhanj,Odisha,east,21.68,86.42,48,orographic,1.0,20.4,10.0,292.0,1721.7,920.7,18.6,6.0,24.7,260,9,3,0,21.68,86.42
2026-09-15,2026-09-18,491,Mayurbhanj,Odisha,east,21.68,86.42,72,orographic,0.6667,58.7,7.6,321.0,1713.8,920.8,16.0,5.5,24.1,261,9,3,0,21.68,86.42
2026-09-15,2026-09-16,493,Nayagarh,Odisha,east,20.12,85.1,24,orographic,1.0,6.5,12.2,252.0,2843.8,986.2,21.7,6.8,28.3,259,9,3,0,20.12,85.1
2026-09-15,2026-09-17,493,Nayagarh,Odisha,east,20.12,85.1,48,orographic,1.0,4.5,14.3,272.0,2425.0,984.5,20.9,8.0,28.4,260,9,3,0,20.12,85.1
2026-09-15,2026-09-18,493,Nayagarh,Odisha,east,20.12,85.1,72,orographic,1.0,1.1,9.4,329.0,2620.8,984.5,19.8,7.2,28.0,261,9,3,0,20.12,85.1
2026-09-15,2026-09-16,489,Koraput,Odisha,east,18.82,83.32,24,orographic,1.0,4.4,12.2,289.0,2630.0,984.3,20.8,7.4,27.9,259,9,3,0,18.82,83.32
2026-09-15,2026-09-17,489,Koraput,Odisha,east,18.82,83.32,48,orographic,1.0,7.6,9.9,350.0,2707.5,982.5,20.4,8.5,28.0,260,9,3,0,18.82,83.32
2026-09-15,2026-09-18,489,Koraput,Odisha,east,18.82,83.32,72,orographic,0.6667,1.6,6.2,327.0,2812.5,982.2,21.3,8.5,28.4,261,9,3,0,18.82,83.32
2026-09-15,2026-09-16,492,Nabarangpur,Odisha,east,19.23,82.55,24,orographic,1.0,5.5,13.8,242.0,1770.4,947.8,21.6,7.6,25.9,259,9,3,0,19.23,82.55
2026-09-15,2026-09-17,492,Nabarangpur,Odisha,east,19.23,82.55,48,orographic,1.0,1.1,10.6,261.0,1763.8,946.2,22.3,8.1,26.2,260,9,3,0,19.23,82.55
2026-09-15,2026-09-18,492,Nabarangpur,Odisha,east,19.23,82.55,72,orographic,1.0,3.3,13.6,259.0,2043.3,946.2,20.0,7.5,26.2,261,9,3,0,19.23,82.55
2026-09-15,2026-09-16,490,Malkangiri,Odisha,east,18.35,81.87,24,orographic,0.6667,6.7,8.0,221.0,1992.5,991.8,22.0,8.0,27.8,259,9,3,0,18.35,81.87
2026-09-15,2026-09-17,490,Malkangiri,Odisha,east,18.35,81.87,48,orographic,1.0,2.1,14.5,257.0,2749.6,990.1,21.7,7.9,27.8,260,9,3,0,18.35,81.87
2026-09-15,2026-09-18,490,Malkangiri,Odisha,east,18.35,81.87,72,orographic,1.0,14.1,12.0,64.0,2129.6,990.2,16.7,7.7,27.0,261,9,3,0,18.35,81.87
2026-09-15,2026-09-16,495,Puri,Odisha,east,19.81,85.83,24,orographic,1.0,1.6,14.6,228.0,2861.7,1007.8,19.8,4.7,28.0,259,9,3,0,19.81,85.83
2026-09-15,2026-09-17,495,Puri,Odisha,east,19.81,85.83,48,orographic,1.0,7.2,12.3,267.0,2863.3,1006.0,19.0,6.1,28.6,260,9,3,0,19.81,85.83
2026-09-15,2026-09-18,495,Puri,Odisha,east,19.81,85.83,72,orographic,1.0,5.7,8.9,309.0,2700.8,1006.0,18.3,6.7,28.5,261,9,3,0,19.81,85.83
2026-09-15,2026-09-16,494,Nuapada,Odisha,east,20.12,82.42,24,orographic,0.6667,5.9,7.9,305.0,1815.0,974.5,19.0,7.5,27.6,259,9,3,0,20.12,82.42
2026-09-15,2026-09-17,494,Nuapada,Odisha,east,20.12,82.42,48,orographic,1.0,1.0,10.9,303.0,2590.8,972.8,19.9,8.2,27.5,260,9,3,0,20.12,82.42
2026-09-15,2026-09-18,494,Nuapada,Odisha,east,20.12,82.42,72,orographic,1.0,5.2,8.6,312.0,1979.6,972.9,19.1,8.1,27.9,261,9,3,0,20.12,82.42
2026-09-15,2026-09-16,496,Rayagada,Odisha,east,19.17,83.42,24,orographic,0.6667,2.8,7.8,283.0,1903.3,986.0,19.9,8.1,27.6,259,9,3,0,19.17,83.42
2026-09-15,2026-09-17,496,Rayagada,Odisha,east,19.17,83.42,48,orographic,1.0,8.5,8.2,65.0,2308.3,984.3,21.9,8.7,27.9,260,9,3,0,19.17,83.42
2026-09-15,2026-09-18,496,Rayagada,Odisha,east,19.17,83.42,72,orographic,1.0,1.1,8.9,2.0,2491.7,984.0,21.2,8.1,27.9,261,9,3,0,19.17,83.42
2026-09-15,2026-09-16,497,Sambalpur,Odisha,east,21.47,83.97,24,orographic,1.0,3.5,11.5,223.0,2801.3,992.0,21.6,7.0,27.9,259,9,3,0,21.47,83.97
2026-09-15,2026-09-17,497,Sambalpur,Odisha,east,21.47,83.97,48,coastal,1.0,10.4,10.2,230.0,2752.1,990.4,14.9,5.1,27.4,260,9,3,0,21.47,83.97
2026-09-15,2026-09-18,497,Sambalpur,Odisha,east,21.47,83.97,72,orographic,1.0,3.6,10.4,251.0,2339.6,990.6,17.7,6.6,27.7,261,9,3,0,21.47,83.97
2026-09-15,2026-09-16,501,Barnala,Punjab,north,30.38,75.55,24,orographic,1.0,1.4,10.3,134.0,2296.7,981.9,16.3,9.0,28.0,259,9,3,0,30.38,75.55
2026-09-15,2026-09-17,501,Barnala,Punjab,north,30.38,75.55,48,orographic,1.0,0.1,9.0,263.0,2137.1,980.4,18.4,8.4,27.3,260,9,3,0,30.38,75.55
2026-09-15,2026-09-18,501,Barnala,Punjab,north,30.38,75.55,72,orographic,1.0,1.7,9.6,289.0,2368.8,981.3,18.6,7.8,28.1,261,9,3,0,30.38,75.55
2026-09-15,2026-09-16,500,Amritsar,Punjab,north,31.63,74.87,24,coastal,1.0,2.1,17.2,106.0,2261.3,982.0,14.7,6.4,27.9,259,9,3,0,31.63,74.87
2026-09-15,2026-09-17,500,Amritsar,Punjab,north,31.63,74.87,48,orographic,0.6667,0.7,7.5,299.0,2761.7,980.3,17.0,7.0,27.6,260,9,3,0,31.63,74.87
2026-09-15,2026-09-18,500,Amritsar,Punjab,north,31.63,74.87,72,orographic,0.6667,0.5,7.6,302.0,2518.3,981.2,17.9,8.1,27.4,261,9,3,0,31.63,74.87
2026-09-15,2026-09-16,498,Subarnapur,Odisha,east,20.28,83.88,24,orographic,1.0,0.8,9.8,266.0,2064.2,951.3,21.3,7.3,25.8,259,9,3,0,20.28,83.88
2026-09-15,2026-09-17,498,Subarnapur,Odisha,east,20.28,83.88,48,orographic,1.0,4.0,11.4,266.0,2015.0,949.7,19.4,6.1,25.2,260,9,3,0,20.28,83.88
2026-09-15,2026-09-18,498,Subarnapur,Odisha,east,20.28,83.88,72,orographic,1.0,1.1,10.8,298.0,2163.3,949.7,19.6,6.2,25.0,261,9,3,0,20.28,83.88
2026-09-15,2026-09-16,503,Faridkot,Punjab,north,30.67,74.75,24,coastal,1.0,1.6,23.1,94.0,2138.8,984.5,15.8,7.4,29.0,259,9,3,0,30.67,74.75
2026-09-15,2026-09-17,503,Faridkot,Punjab,north,30.67,74.75,48,orographic,1.0,1.0,15.3,261.0,2280.0,983.0,18.4,7.6,28.3,260,9,3,0,30.67,74.75
2026-09-15,2026-09-18,503,Faridkot,Punjab,north,30.67,74.75,72,orographic,1.0,1.0,10.1,283.0,2114.6,984.0,18.4,7.7,27.6,261,9,3,0,30.67,74.75
2026-09-15,2026-09-16,499,Sundargarh,Odisha,east,22.12,84.02,24,orographic,1.0,0.6,10.0,222.0,2736.3,982.7,21.2,7.0,28.3,259,9,3,0,22.12,84.02
2026-09-15,2026-09-17,499,Sundargarh,Odisha,east,22.12,84.02,48,orographic,1.0,9.9,10.6,238.0,2282.9,981.1,17.7,6.4,27.4,260,9,3,0,22.12,84.02
2026-09-15,2026-09-18,499,Sundargarh,Odisha,east,22.12,84.02,72,orographic,1.0,5.3,10.4,272.0,2579.2,981.3,17.7,6.7,27.4,261,9,3,0,22.12,84.02
2026-09-15,2026-09-16,504,Fatehgarh Sahib,Punjab,north,30.67,76.4,24,orographic,1.0,5.0,19.1,282.0,1966.3,978.2,16.1,9.9,28.1,259,9,3,0,30.67,76.4
2026-09-15,2026-09-17,504,Fatehgarh Sahib,Punjab,north,30.67,76.4,48,orographic,0.6667,0.0,9.8,309.0,1743.3,976.5,14.5,8.6,26.4,260,9,3,0,30.67,76.4
2026-09-15,2026-09-18,504,Fatehgarh Sahib,Punjab,north,30.67,76.4,72,orographic,1.0,0.2,13.2,304.0,2186.3,977.2,18.2,9.0,27.8,261,9,3,0,30.67,76.4
2026-09-15,2026-09-16,502,Bathinda,Punjab,north,30.2,74.95,24,orographic,1.0,5.8,15.2,104.0,2238.8,984.7,16.8,8.8,29.7,259,9,3,0,30.2,74.95
2026-09-15,2026-09-17,502,Bathinda,Punjab,north,30.2,74.95,48,orographic,1.0,0.4,11.2,291.0,2219.2,983.3,18.7,7.5,28.4,260,9,3,0,30.2,74.95
2026-09-15,2026-09-18,502,Bathinda,Punjab,north,30.2,74.95,72,orographic,1.0,0.8,11.0,314.0,2210.0,984.2,19.1,7.8,28.6,261,9,3,0,30.2,74.95
2026-09-15,2026-09-16,505,Fazilka,Punjab,north,30.4,74.02,24,coastal,1.0,1.4,22.7,110.0,2303.8,987.6,16.8,7.0,30.3,259,9,3,0,30.4,74.02
2026-09-15,2026-09-17,505,Fazilka,Punjab,north,30.4,74.02,48,orographic,1.0,7.5,16.5,262.0,1734.6,986.3,17.7,8.9,27.8,260,9,3,0,30.4,74.02
2026-09-15,2026-09-18,505,Fazilka,Punjab,north,30.4,74.02,72,orographic,1.0,1.3,9.8,287.0,1945.8,987.4,18.7,8.4,27.4,261,9,3,0,30.4,74.02
2026-09-15,2026-09-16,507,Gurdaspur,Punjab,north,32.03,75.4,24,coastal,1.0,1.6,11.5,41.0,1911.7,979.2,14.1,7.7,27.6,259,9,3,0,32.03,75.4
2026-09-15,2026-09-17,507,Gurdaspur,Punjab,north,32.03,75.4,48,orographic,1.0,1.8,11.9,337.0,2519.2,977.5,15.9,7.0,26.7,260,9,3,0,32.03,75.4
2026-09-15,2026-09-18,507,Gurdaspur,Punjab,north,32.03,75.4,72,orographic,0.6667,0.4,7.6,322.0,2342.1,978.2,17.2,8.7,27.0,261,9,3,0,32.03,75.4
2026-09-15,2026-09-16,506,Ferozepur,Punjab,north,30.92,74.62,24,orographic,1.0,2.2,15.8,92.0,2220.8,985.6,15.7,8.3,29.6,259,9,3,0,30.92,74.62
2026-09-15,2026-09-17,506,Ferozepur,Punjab,north,30.92,74.62,48,orographic,1.0,0.7,15.3,292.0,2266.3,984.1,18.2,8.4,28.6,260,9,3,0,30.92,74.62
2026-09-15,2026-09-18,506,Ferozepur,Punjab,north,30.92,74.62,72,orographic,1.0,0.5,10.3,280.0,2075.8,985.1,18.2,8.6,28.1,261,9,3,0,30.92,74.62
2026-09-15,2026-09-16,508,Hoshiarpur,Punjab,north,31.52,75.92,24,coastal,1.0,4.0,13.9,110.0,1570.8,973.8,14.6,8.9,28.1,259,9,3,0,31.52,75.92
2026-09-15,2026-09-17,508,Hoshiarpur,Punjab,north,31.52,75.92,48,orographic,1.0,1.1,14.0,296.0,2061.3,972.1,16.0,7.8,26.4,260,9,3,0,31.52,75.92
2026-09-15,2026-09-18,508,Hoshiarpur,Punjab,north,31.52,75.92,72,orographic,1.0,0.2,8.9,265.0,2087.9,972.9,17.8,9.2,27.9,261,9,3,0,31.52,75.92
2026-09-15,2026-09-16,509,Jalandhar,Punjab,north,31.33,75.58,24,coastal,1.0,2.4,15.0,43.0,1836.7,980.5,14.3,8.1,28.1,259,9,3,0,31.33,75.58
2026-09-15,2026-09-17,509,Jalandhar,Punjab,north,31.33,75.58,48,orographic,1.0,2.0,8.7,291.0,2344.6,978.9,16.2,7.2,26.8,260,9,3,0,31.33,75.58
2026-09-15,2026-09-18,509,Jalandhar,Punjab,north,31.33,75.58,72,orographic,1.0,0.8,8.2,276.0,2362.9,979.7,17.5,8.2,28.0,261,9,3,0,31.33,75.58
2026-09-15,2026-09-16,510,Kapurthala,Punjab,north,31.38,75.38,24,coastal,1.0,2.1,27.1,22.0,1849.6,982.2,14.4,7.5,27.8,259,9,3,0,31.38,75.38
2026-09-15,2026-09-17,510,Kapurthala,Punjab,north,31.38,75.38,48,orographic,1.0,2.1,8.8,313.0,2499.6,980.5,16.7,7.2,27.1,260,9,3,0,31.38,75.38
2026-09-15,2026-09-18,510,Kapurthala,Punjab,north,31.38,75.38,72,orographic,0.6667,0.5,7.2,286.0,2421.7,981.4,17.8,7.8,27.8,261,9,3,0,31.38,75.38
2026-09-15,2026-09-16,512,Mansa,Punjab,north,29.98,75.38,24,orographic,1.0,3.1,19.9,115.0,2445.4,983.7,18.2,8.7,28.9,259,9,3,0,29.98,75.38
2026-09-15,2026-09-17,512,Mansa,Punjab,north,29.98,75.38,48,orographic,1.0,0.1,9.3,272.0,2235.4,982.2,18.8,7.6,27.6,260,9,3,0,29.98,75.38
2026-09-15,2026-09-18,512,Mansa,Punjab,north,29.98,75.38,72,orographic,1.0,0.5,11.7,309.0,2414.6,983.1,19.3,6.9,28.2,261,9,3,0,29.98,75.38
2026-09-15,2026-09-16,511,Ludhiana,Punjab,north,30.9,75.87,24,coastal,1.0,2.3,23.2,304.0,1976.3,980.4,15.2,9.4,29.1,259,9,3,0,30.9,75.87
2026-09-15,2026-09-17,511,Ludhiana,Punjab,north,30.9,75.87,48,orographic,0.6667,0.1,8.0,289.0,1967.5,978.7,17.4,8.7,27.5,260,9,3,0,30.9,75.87
2026-09-15,2026-09-18,511,Ludhiana,Punjab,north,30.9,75.87,72,orographic,1.0,1.8,9.6,285.0,2554.6,979.5,17.5,8.0,28.5,261,9,3,0,30.9,75.87
2026-09-15,2026-09-16,513,Moga,Punjab,north,30.82,75.18,24,orographic,1.0,2.8,9.3,86.0,2044.2,982.8,15.3,9.0,28.5,259,9,3,0,30.82,75.18
2026-09-15,2026-09-17,513,Moga,Punjab,north,30.82,75.18,48,orographic,1.0,0.2,9.9,284.0,2074.6,981.2,17.5,8.0,27.5,260,9,3,0,30.82,75.18
2026-09-15,2026-09-18,513,Moga,Punjab,north,30.82,75.18,72,orographic,1.0,1.7,9.3,290.0,2382.9,982.2,17.9,7.7,28.1,261,9,3,0,30.82,75.18
2026-09-15,2026-09-16,515,Rupnagar,Punjab,north,30.97,76.53,24,coastal,1.0,9.4,23.8,319.0,1568.3,976.9,14.9,9.9,27.6,259,9,3,0,30.97,76.53
2026-09-15,2026-09-17,515,Rupnagar,Punjab,north,30.97,76.53,48,orographic,0.6667,0.3,8.4,328.0,1840.0,975.2,14.5,8.7,26.1,260,9,3,0,30.97,76.53
2026-09-15,2026-09-18,515,Rupnagar,Punjab,north,30.97,76.53,72,orographic,1.0,0.1,8.1,305.0,2171.7,975.9,18.0,10.4,26.8,261,9,3,0,30.97,76.53
2026-09-15,2026-09-16,514,Patiala,Punjab,north,30.32,76.38,24,coastal,1.0,4.6,25.8,266.0,2069.2,979.7,16.5,9.0,27.7,259,9,3,0,30.32,76.38
2026-09-15,2026-09-17,514,Patiala,Punjab,north,30.32,76.38,48,orographic,1.0,0.0,9.0,295.0,1630.4,978.0,16.7,8.5,26.9,260,9,3,0,30.32,76.38
2026-09-15,2026-09-18,514,Patiala,Punjab,north,30.32,76.38,72,orographic,1.0,0.1,11.9,303.0,2295.0,978.8,18.3,7.8,28.2,261,9,3,0,30.32,76.38
2026-09-15,2026-09-16,519,Tarn Taran,Punjab,north,31.45,74.92,24,coastal,1.0,2.0,13.7,82.0,2232.5,982.3,14.7,6.5,27.6,259,9,3,0,31.45,74.92
2026-09-15,2026-09-17,519,Tarn Taran,Punjab,north,31.45,74.92,48,orographic,1.0,0.9,10.4,279.0,2615.4,980.6,17.2,7.2,27.5,260,9,3,0,31.45,74.92
2026-09-15,2026-09-18,519,Tarn Taran,Punjab,north,31.45,74.92,72,orographic,0.6667,0.3,8.0,296.0,2445.8,981.5,18.2,7.9,27.4,261,9,3,0,31.45,74.92
2026-09-15,2026-09-16,517,SAS Nagar,Punjab,north,30.7,76.68,24,coastal,1.0,4.5,25.2,109.0,1860.4,973.7,15.4,9.9,27.8,259,9,3,0,30.7,76.68
2026-09-15,2026-09-17,517,SAS Nagar,Punjab,north,30.7,76.68,48,coastal,1.0,0.0,12.2,319.0,1738.8,972.0,14.2,8.4,26.3,260,9,3,0,30.7,76.68
2026-09-15,2026-09-18,517,SAS Nagar,Punjab,north,30.7,76.68,72,orographic,1.0,0.0,12.9,316.0,2083.8,972.7,18.4,9.3,27.5,261,9,3,0,30.7,76.68
2026-09-15,2026-09-16,518,Shahid Bhagat Singh Nagar,Punjab,north,30.37,75.1,24,coastal,1.0,1.4,26.1,73.0,2171.3,984.2,16.8,8.9,29.1,259,9,3,0,30.37,75.1
2026-09-15,2026-09-17,518,Shahid Bhagat Singh Nagar,Punjab,north,30.37,75.1,48,orographic,1.0,0.1,10.6,298.0,2096.3,982.6,18.4,7.9,28.1,260,9,3,0,30.37,75.1
2026-09-15,2026-09-18,518,Shahid Bhagat Singh Nagar,Punjab,north,30.37,75.1,72,orographic,1.0,0.8,10.8,307.0,2269.2,983.6,18.8,7.6,28.7,261,9,3,0,30.37,75.1
2026-09-15,2026-09-16,516,Sangrur,Punjab,north,30.25,75.85,24,coastal,1.0,3.6,23.2,135.0,2187.9,981.3,17.4,9.7,28.2,259,9,3,0,30.25,75.85
2026-09-15,2026-09-17,516,Sangrur,Punjab,north,30.25,75.85,48,orographic,1.0,0.0,8.4,282.0,1987.9,979.7,17.8,7.9,27.1,260,9,3,0,30.25,75.85
2026-09-15,2026-09-18,516,Sangrur,Punjab,north,30.25,75.85,72,orographic,1.0,1.0,9.5,296.0,2440.8,980.5,18.6,7.7,28.0,261,9,3,0,30.25,75.85
2026-09-15,2026-09-16,520,Pathankot,Punjab,north,32.27,75.65,24,coastal,1.0,1.1,11.4,77.0,1954.2,970.8,14.4,6.4,26.5,259,9,3,0,32.27,75.65
2026-09-15,2026-09-17,520,Pathankot,Punjab,north,32.27,75.65,48,orographic,0.6667,5.1,8.5,289.0,2668.8,969.1,14.8,5.6,25.7,260,9,3,0,32.27,75.65
2026-09-15,2026-09-18,520,Pathankot,Punjab,north,32.27,75.65,72,orographic,0.6667,0.5,6.5,6.0,2671.3,969.8,17.6,9.2,25.8,261,9,3,0,32.27,75.65
2026-09-15,2026-09-16,524,Alwar,Rajasthan,west,27.55,76.63,24,orographic,0.6667,0.7,7.8,242.0,2892.9,978.6,20.0,7.8,28.8,259,9,3,0,27.55,76.63
2026-09-15,2026-09-17,524,Alwar,Rajasthan,west,27.55,76.63,48,orographic,1.0,1.4,10.0,276.0,2509.6,977.2,18.1,8.2,28.5,260,9,3,0,27.55,76.63
2026-09-15,2026-09-18,524,Alwar,Rajasthan,west,27.55,76.63,72,orographic,1.0,3.2,12.1,270.0,2239.6,978.2,18.2,7.5,27.9,261,9,3,0,27.55,76.63
2026-09-15,2026-09-16,527,Barmer,Rajasthan,west,25.75,71.38,24,orographic,1.0,0.6,14.1,175.0,1389.2,979.6,18.1,7.6,29.0,259,9,3,0,25.75,71.38
2026-09-15,2026-09-17,527,Barmer,Rajasthan,west,25.75,71.38,48,orographic,1.0,0.0,15.9,175.0,983.8,978.0,18.0,7.5,28.5,260,9,3,0,25.75,71.38
2026-09-15,2026-09-18,527,Barmer,Rajasthan,west,25.75,71.38,72,orographic,1.0,0.7,15.2,151.0,1585.0,978.7,18.8,6.9,28.6,261,9,3,0,25.75,71.38
2026-09-15,2026-09-16,526,Baran,Rajasthan,west,25.1,76.52,24,orographic,1.0,3.0,11.8,245.0,1952.5,979.9,20.1,6.4,28.5,259,9,3,0,25.1,76.52
2026-09-15,2026-09-17,526,Baran,Rajasthan,west,25.1,76.52,48,orographic,1.0,8.7,11.7,248.0,1767.9,978.6,19.3,6.8,27.8,260,9,3,0,25.1,76.52
2026-09-15,2026-09-18,526,Baran,Rajasthan,west,25.1,76.52,72,orographic,1.0,11.0,18.4,242.0,1437.9,979.3,17.8,7.7,27.2,261,9,3,0,25.1,76.52
2026-09-15,2026-09-16,523,Ajmer,Rajasthan,west,26.45,74.63,24,orographic,1.0,1.3,12.4,235.0,2004.2,951.9,16.9,7.2,27.5,259,9,3,0,26.45,74.63
2026-09-15,2026-09-17,523,Ajmer,Rajasthan,west,26.45,74.63,48,coastal,1.0,6.6,15.6,257.0,1519.6,950.6,14.8,7.0,27.0,260,9,3,0,26.45,74.63
2026-09-15,2026-09-18,523,Ajmer,Rajasthan,west,26.45,74.63,72,coastal,1.0,10.1,16.6,249.0,1052.9,951.2,13.8,8.0,25.9,261,9,3,0,26.45,74.63
2026-09-15,2026-09-16,522,Nawanshahr,Punjab,north,31.12,76.12,24,coastal,1.0,7.2,21.5,227.0,1666.3,978.8,14.8,9.5,28.2,259,9,3,0,31.12,76.12
2026-09-15,2026-09-17,522,Nawanshahr,Punjab,north,31.12,76.12,48,orographic,1.0,0.1,8.2,298.0,1967.9,977.1,15.2,8.3,26.5,260,9,3,0,31.12,76.12
2026-09-15,2026-09-18,522,Nawanshahr,Punjab,north,31.12,76.12,72,orographic,1.0,0.4,11.6,286.0,2282.9,977.9,17.5,8.0,28.2,261,9,3,0,31.12,76.12
2026-09-15,2026-09-16,528,Bharatpur,Rajasthan,west,27.22,77.48,24,orographic,1.0,5.7,14.2,230.0,2425.4,988.2,19.3,7.7,28.6,259,9,3,0,27.22,77.48
2026-09-15,2026-09-17,528,Bharatpur,Rajasthan,west,27.22,77.48,48,orographic,1.0,2.6,15.8,246.0,2524.2,986.6,18.9,8.5,29.1,260,9,3,0,27.22,77.48
2026-09-15,2026-09-18,528,Bharatpur,Rajasthan,west,27.22,77.48,72,orographic,1.0,6.0,18.4,242.0,2330.4,987.7,16.7,5.6,28.0,261,9,3,0,27.22,77.48
2026-09-15,2026-09-16,525,Banswara,Rajasthan,west,23.55,74.43,24,orographic,1.0,0.9,11.7,220.0,1036.7,986.4,19.3,6.6,26.8,259,9,3,0,23.55,74.43
2026-09-15,2026-09-17,525,Banswara,Rajasthan,west,23.55,74.43,48,orographic,1.0,8.3,15.3,224.0,1435.0,985.1,19.0,7.0,27.1,260,9,3,0,23.55,74.43
2026-09-15,2026-09-18,525,Banswara,Rajasthan,west,23.55,74.43,72,orographic,1.0,8.8,12.1,219.0,1405.4,985.3,18.7,6.3,27.0,261,9,3,0,23.55,74.43
2026-09-15,2026-09-16,521,Malerkotla,Punjab,north,30.53,75.88,24,orographic,1.0,3.5,10.2,212.0,2003.8,979.8,16.2,8.7,27.8,259,9,3,0,30.53,75.88
2026-09-15,2026-09-17,521,Malerkotla,Punjab,north,30.53,75.88,48,orographic,0.6667,0.0,7.7,286.0,1892.5,978.2,17.8,8.3,27.0,260,9,3,0,30.53,75.88
2026-09-15,2026-09-18,521,Malerkotla,Punjab,north,30.53,75.88,72,orographic,1.0,1.8,9.8,293.0,2515.4,979.0,18.1,7.4,28.0,261,9,3,0,30.53,75.88
2026-09-15,2026-09-16,533,Churu,Rajasthan,west,28.28,74.97,24,orographic,1.0,0.9,18.0,221.0,1639.6,975.6,20.1,10.5,31.1,259,9,3,0,28.28,74.97
2026-09-15,2026-09-17,533,Churu,Rajasthan,west,28.28,74.97,48,orographic,1.0,1.5,18.2,252.0,1631.7,974.4,19.5,8.5,29.0,260,9,3,0,28.28,74.97
2026-09-15,2026-09-18,533,Churu,Rajasthan,west,28.28,74.97,72,orographic,1.0,0.7,11.4,249.0,1492.5,975.3,19.7,8.9,29.1,261,9,3,0,28.28,74.97
2026-09-15,2026-09-16,530,Bikaner,Rajasthan,west,28.02,73.32,24,orographic,1.0,1.5,12.9,190.0,1819.6,982.7,20.8,10.8,31.7,259,9,3,0,28.02,73.32
2026-09-15,2026-09-17,530,Bikaner,Rajasthan,west,28.02,73.32,48,coastal,1.0,6.8,21.8,201.0,1524.2,981.6,20.0,9.5,28.4,260,9,3,0,28.02,73.32
2026-09-15,2026-09-18,530,Bikaner,Rajasthan,west,28.02,73.32,72,orographic,1.0,0.3,10.5,184.0,1231.3,982.5,21.2,10.0,28.2,261,9,3,0,28.02,73.32
2026-09-15,2026-09-16,536,Dungarpur,Rajasthan,west,23.83,73.72,24,orographic,1.0,0.8,14.8,215.0,902.5,965.7,19.8,6.5,26.9,259,9,3,0,23.83,73.72
2026-09-15,2026-09-17,536,Dungarpur,Rajasthan,west,23.83,73.72,48,orographic,1.0,8.2,15.3,213.0,1410.4,964.3,18.3,6.5,26.9,260,9,3,0,23.83,73.72
2026-09-15,2026-09-18,536,Dungarpur,Rajasthan,west,23.83,73.72,72,orographic,1.0,5.7,16.3,198.0,1240.4,964.5,15.6,5.4,26.2,261,9,3,0,23.83,73.72
2026-09-15,2026-09-16,532,Chittorgarh,Rajasthan,west,24.88,74.62,24,orographic,1.0,1.2,15.0,215.0,1507.9,964.6,19.1,6.2,26.8,259,9,3,0,24.88,74.62
2026-09-15,2026-09-17,532,Chittorgarh,Rajasthan,west,24.88,74.62,48,orographic,1.0,7.3,15.0,224.0,1306.7,963.3,18.4,7.2,26.7,260,9,3,0,24.88,74.62
2026-09-15,2026-09-18,532,Chittorgarh,Rajasthan,west,24.88,74.62,72,orographic,1.0,10.7,10.7,224.0,1368.8,963.7,15.4,5.5,25.6,261,9,3,0,24.88,74.62
2026-09-15,2026-09-16,535,Dholpur,Rajasthan,west,26.7,77.9,24,orographic,1.0,5.1,13.8,236.0,2173.3,988.6,17.1,8.1,28.2,259,9,3,0,26.7,77.9
2026-09-15,2026-09-17,535,Dholpur,Rajasthan,west,26.7,77.9,48,orographic,1.0,4.0,15.0,257.0,2350.4,986.9,18.5,7.9,29.2,260,9,3,0,26.7,77.9
2026-09-15,2026-09-18,535,Dholpur,Rajasthan,west,26.7,77.9,72,orographic,1.0,10.3,19.2,249.0,2109.2,988.0,16.7,8.3,28.0,261,9,3,0,26.7,77.9
2026-09-15,2026-09-16,531,Bundi,Rajasthan,west,25.43,75.63,24,orographic,1.0,2.2,12.6,247.0,1939.6,979.1,19.5,6.5,27.9,259,9,3,0,25.43,75.63
2026-09-15,2026-09-17,531,Bundi,Rajasthan,west,25.43,75.63,48,orographic,1.0,7.1,11.5,255.0,1644.6,977.7,19.6,6.9,27.8,260,9,3,0,25.43,75.63
2026-09-15,2026-09-18,531,Bundi,Rajasthan,west,25.43,75.63,72,orographic,1.0,9.3,10.1,252.0,1307.1,978.5,16.8,7.5,26.9,261,9,3,0,25.43,75.63
2026-09-15,2026-09-16,534,Dausa,Rajasthan,west,26.9,76.33,24,orographic,1.0,1.6,13.6,238.0,2214.6,971.2,20.4,7.8,28.5,259,9,3,0,26.9,76.33
2026-09-15,2026-09-17,534,Dausa,Rajasthan,west,26.9,76.33,48,orographic,1.0,2.0,15.2,247.0,2265.4,969.8,18.4,7.8,28.8,260,9,3,0,26.9,76.33
2026-09-15,2026-09-18,534,Dausa,Rajasthan,west,26.9,76.33,72,orographic,1.0,5.4,14.1,245.0,1948.8,970.8,16.4,7.0,27.5,261,9,3,0,26.9,76.33
2026-09-15,2026-09-16,529,Bhilwara,Rajasthan,west,25.35,74.63,24,orographic,1.0,4.1,13.6,222.0,1500.0,962.9,15.5,7.0,27.1,259,9,3,0,25.35,74.63
2026-09-15,2026-09-17,529,Bhilwara,Rajasthan,west,25.35,74.63,48,orographic,1.0,7.6,13.5,231.0,1243.8,961.6,17.4,7.4,26.7,260,9,3,0,25.35,74.63
2026-09-15,2026-09-18,529,Bhilwara,Rajasthan,west,25.35,74.63,72,orographic,1.0,12.6,14.0,238.0,1140.8,962.1,16.4,7.1,25.9,261,9,3,0,25.35,74.63
2026-09-15,2026-09-16,541,Jhalawar,Rajasthan,west,24.58,76.15,24,orographic,1.0,0.7,14.1,241.0,1503.3,974.5,20.1,6.4,27.4,259,9,3,0,24.58,76.15
2026-09-15,2026-09-17,541,Jhalawar,Rajasthan,west,24.58,76.15,48,orographic,1.0,7.6,13.1,242.0,1506.7,973.1,16.4,6.1,27.1,260,9,3,0,24.58,76.15
2026-09-15,2026-09-18,541,Jhalawar,Rajasthan,west,24.58,76.15,72,orographic,1.0,8.6,11.4,241.0,1558.8,973.7,17.4,6.9,26.8,261,9,3,0,24.58,76.15
2026-09-15,2026-09-16,537,Hanumangarh,Rajasthan,west,29.58,74.32,24,orographic,1.0,5.7,11.8,121.0,2519.2,987.2,17.3,9.6,30.9,259,9,3,0,29.58,74.32
2026-09-15,2026-09-17,537,Hanumangarh,Rajasthan,west,29.58,74.32,48,orographic,1.0,1.6,17.3,310.0,1707.1,986.0,18.0,8.7,28.1,260,9,3,0,29.58,74.32
2026-09-15,2026-09-18,537,Hanumangarh,Rajasthan,west,29.58,74.32,72,orographic,1.0,0.2,9.7,321.0,1935.0,987.0,19.8,8.9,27.9,261,9,3,0,29.58,74.32
2026-09-15,2026-09-16,543,Jodhpur,Rajasthan,west,26.28,73.02,24,orographic,1.0,1.3,12.5,212.0,2130.0,981.7,16.6,6.0,28.8,259,9,3,0,26.28,73.02
2026-09-15,2026-09-17,543,Jodhpur,Rajasthan,west,26.28,73.02,48,orographic,1.0,2.0,13.8,205.0,1469.2,980.2,18.3,8.0,29.4,260,9,3,0,26.28,73.02
2026-09-15,2026-09-18,543,Jodhpur,Rajasthan,west,26.28,73.02,72,orographic,1.0,4.9,10.5,155.0,1657.1,981.0,15.8,8.3,27.6,261,9,3,0,26.28,73.02
2026-09-15,2026-09-16,542,Jhunjhunu,Rajasthan,west,28.13,75.4,24,coastal,1.0,0.1,29.6,253.0,1677.5,970.5,20.5,9.6,30.8,259,9,3,0,28.13,75.4
2026-09-15,2026-09-17,542,Jhunjhunu,Rajasthan,west,28.13,75.4,48,orographic,1.0,0.3,14.3,269.0,1633.8,969.3,18.8,8.8,28.8,260,9,3,0,28.13,75.4
2026-09-15,2026-09-18,542,Jhunjhunu,Rajasthan,west,28.13,75.4,72,orographic,1.0,2.2,11.2,250.0,1575.4,970.2,19.6,8.1,28.9,261,9,3,0,28.13,75.4
2026-09-15,2026-09-16,540,Jalore,Rajasthan,west,25.35,72.62,24,orographic,1.0,0.6,15.6,212.0,1229.2,990.4,19.1,7.4,29.2,259,9,3,0,25.35,72.62
2026-09-15,2026-09-17,540,Jalore,Rajasthan,west,25.35,72.62,48,orographic,1.0,1.9,17.6,203.0,1128.3,988.9,20.8,8.0,29.3,260,9,3,0,25.35,72.62
2026-09-15,2026-09-18,540,Jalore,Rajasthan,west,25.35,72.62,72,orographic,0.6667,6.7,13.0,164.0,1437.5,989.7,9.7,5.0,27.1,261,9,3,0,25.35,72.62
2026-09-15,2026-09-16,539,Jaisalmer,Rajasthan,west,26.92,70.9,24,orographic,1.0,0.0,18.2,187.0,1977.1,981.0,18.9,9.8,30.8,259,9,3,0,26.92,70.9
2026-09-15,2026-09-17,539,Jaisalmer,Rajasthan,west,26.92,70.9,48,orographic,1.0,0.0,17.0,184.0,1252.5,979.4,18.6,8.4,30.8,260,9,3,0,26.92,70.9
2026-09-15,2026-09-18,539,Jaisalmer,Rajasthan,west,26.92,70.9,72,orographic,1.0,0.0,12.9,142.0,1777.9,980.5,20.8,9.1,30.6,261,9,3,0,26.92,70.9
2026-09-15,2026-09-16,538,Jaipur,Rajasthan,west,26.92,75.78,24,orographic,1.0,2.1,12.6,233.0,2086.3,960.8,20.0,8.3,28.2,259,9,3,0,26.92,75.78
2026-09-15,2026-09-17,538,Jaipur,Rajasthan,west,26.92,75.78,48,orographic,1.0,4.5,12.3,270.0,2110.4,959.5,18.1,9.0,27.3,260,9,3,0,26.92,75.78
2026-09-15,2026-09-18,538,Jaipur,Rajasthan,west,26.92,75.78,72,orographic,1.0,8.0,15.3,265.0,1623.3,960.3,17.2,8.7,27.4,261,9,3,0,26.92,75.78
2026-09-15,2026-09-16,544,Karauli,Rajasthan,west,26.48,77.02,24,orographic,1.0,3.3,15.9,235.0,2170.8,977.8,19.3,7.6,27.7,259,9,3,0,26.48,77.02
2026-09-15,2026-09-17,544,Karauli,Rajasthan,west,26.48,77.02,48,orographic,1.0,3.4,14.5,245.0,2123.8,976.3,18.4,7.5,28.1,260,9,3,0,26.48,77.02
2026-09-15,2026-09-18,544,Karauli,Rajasthan,west,26.48,77.02,72,orographic,1.0,6.4,12.6,245.0,1976.7,977.3,16.3,6.1,26.1,261,9,3,0,26.48,77.02
2026-09-15,2026-09-16,545,Kota,Rajasthan,west,25.22,75.85,24,orographic,1.0,1.0,12.4,250.0,1803.8,980.6,20.3,6.9,28.4,259,9,3,0,25.22,75.85
2026-09-15,2026-09-17,545,Kota,Rajasthan,west,25.22,75.85,48,orographic,1.0,4.3,16.5,251.0,1466.3,979.2,18.7,6.8,27.9,260,9,3,0,25.22,75.85
2026-09-15,2026-09-18,545,Kota,Rajasthan,west,25.22,75.85,72,orographic,1.0,13.1,14.0,247.0,1304.6,980.0,16.5,6.5,26.9,261,9,3,0,25.22,75.85
2026-09-15,2026-09-16,549,Rajsamand,Rajasthan,west,25.07,73.88,24,coastal,1.0,6.7,13.1,197.0,1552.9,948.9,14.8,6.2,26.1,259,9,3,0,25.07,73.88
2026-09-15,2026-09-17,549,Rajsamand,Rajasthan,west,25.07,73.88,48,orographic,1.0,5.6,13.7,213.0,1025.8,947.6,15.5,7.3,26.0,260,9,3,0,25.07,73.88
2026-09-15,2026-09-18,549,Rajsamand,Rajasthan,west,25.07,73.88,72,orographic,1.0,18.0,11.2,198.0,1177.5,948.1,16.6,6.9,25.2,261,9,3,0,25.07,73.88
2026-09-15,2026-09-16,546,Nagaur,Rajasthan,west,27.2,73.73,24,orographic,1.0,0.8,12.8,217.0,2148.3,975.3,19.7,9.3,30.0,259,9,3,0,27.2,73.73
2026-09-15,2026-09-17,546,Nagaur,Rajasthan,west,27.2,73.73,48,coastal,1.0,6.6,22.5,219.0,1537.5,974.2,16.9,9.5,26.9,260,9,3,0,27.2,73.73
2026-09-15,2026-09-18,546,Nagaur,Rajasthan,west,27.2,73.73,72,orographic,1.0,2.7,19.8,200.0,1200.0,974.9,20.6,10.4,27.8,261,9,3,0,27.2,73.73
2026-09-15,2026-09-16,548,Pratapgarh,Rajasthan,west,24.02,74.78,24,orographic,1.0,0.6,15.0,230.0,1067.5,955.1,17.1,6.4,25.5,259,9,3,0,24.02,74.78
2026-09-15,2026-09-17,548,Pratapgarh,Rajasthan,west,24.02,74.78,48,orographic,1.0,2.9,17.9,237.0,1391.3,953.7,19.1,6.7,25.6,260,9,3,0,24.02,74.78
2026-09-15,2026-09-18,548,Pratapgarh,Rajasthan,west,24.02,74.78,72,orographic,1.0,11.0,14.9,232.0,1376.3,954.0,17.0,6.5,25.4,261,9,3,0,24.02,74.78
2026-09-15,2026-09-16,547,Pali,Rajasthan,west,25.78,73.32,24,orographic,1.0,11.8,11.5,199.0,1976.3,984.4,15.1,5.2,28.3,259,9,3,0,25.78,73.32
2026-09-15,2026-09-17,547,Pali,Rajasthan,west,25.78,73.32,48,orographic,1.0,5.2,15.7,202.0,1403.8,983.0,16.8,6.8,28.6,260,9,3,0,25.78,73.32
2026-09-15,2026-09-18,547,Pali,Rajasthan,west,25.78,73.32,72,orographic,0.6667,12.2,12.5,171.0,1419.6,983.8,9.8,5.8,26.6,261,9,3,0,25.78,73.32
2026-09-15,2026-09-16,550,Sawai Madhopur,Rajasthan,west,26.02,76.35,24,orographic,1.0,4.2,13.6,238.0,2123.3,979.1,19.9,8.2,28.6,259,9,3,0,26.02,76.35
2026-09-15,2026-09-17,550,Sawai Madhopur,Rajasthan,west,26.02,76.35,48,orographic,1.0,6.0,13.2,250.0,1725.4,977.7,17.7,8.1,28.4,260,9,3,0,26.02,76.35
2026-09-15,2026-09-18,550,Sawai Madhopur,Rajasthan,west,26.02,76.35,72,orographic,1.0,0.9,12.1,222.0,1522.5,978.6,15.1,7.0,27.0,261,9,3,0,26.02,76.35
2026-09-15,2026-09-16,551,Sikar,Rajasthan,west,27.62,75.13,24,orographic,1.0,0.9,11.1,230.0,1920.4,962.0,20.8,9.8,29.4,259,9,3,0,27.62,75.13
2026-09-15,2026-09-17,551,Sikar,Rajasthan,west,27.62,75.13,48,orographic,1.0,3.3,16.1,247.0,2020.0,960.8,18.5,8.2,27.1,260,9,3,0,27.62,75.13
2026-09-15,2026-09-18,551,Sikar,Rajasthan,west,27.62,75.13,72,coastal,1.0,2.3,26.3,233.0,1386.3,961.5,20.0,9.3,27.5,261,9,3,0,27.62,75.13
2026-09-15,2026-09-16,552,Sirohi,Rajasthan,west,24.88,72.85,24,orographic,1.0,1.6,14.2,196.0,1202.1,975.5,17.3,6.4,28.0,259,9,3,0,24.88,72.85
2026-09-15,2026-09-17,552,Sirohi,Rajasthan,west,24.88,72.85,48,orographic,1.0,3.2,15.5,167.0,1310.4,974.0,19.4,7.5,27.9,260,9,3,0,24.88,72.85
2026-09-15,2026-09-18,552,Sirohi,Rajasthan,west,24.88,72.85,72,coastal,1.0,20.6,13.0,145.0,1325.0,974.5,11.0,4.9,26.1,261,9,3,0,24.88,72.85
2026-09-15,2026-09-16,553,Tonk,Rajasthan,west,26.17,75.78,24,orographic,1.0,0.2,13.5,240.0,2082.1,976.7,20.1,7.5,28.6,259,9,3,0,26.17,75.78
2026-09-15,2026-09-17,553,Tonk,Rajasthan,west,26.17,75.78,48,orographic,1.0,12.0,10.3,253.0,1766.7,975.4,18.1,7.9,28.3,260,9,3,0,26.17,75.78
2026-09-15,2026-09-18,553,Tonk,Rajasthan,west,26.17,75.78,72,orographic,1.0,3.8,11.8,282.0,1447.1,976.2,16.9,7.7,27.1,261,9,3,0,26.17,75.78
2026-09-15,2026-09-16,557,North Sikkim,Sikkim,northeast,27.6,88.45,24,break_monsoon,0.5,57.5,2.8,84.0,433.3,818.0,14.1,5.2,18.9,259,9,3,0,27.6,88.45
2026-09-15,2026-09-17,557,North Sikkim,Sikkim,northeast,27.6,88.45,48,break_monsoon,0.5,16.8,3.8,117.0,270.0,816.6,16.6,6.9,18.9,260,9,3,0,27.6,88.45
2026-09-15,2026-09-18,557,North Sikkim,Sikkim,northeast,27.6,88.45,72,break_monsoon,0.5,38.1,4.0,104.0,492.9,817.9,14.8,5.2,18.2,261,9,3,0,27.6,88.45
2026-09-15,2026-09-16,554,Udaipur,Rajasthan,west,24.58,73.68,24,orographic,1.0,2.7,14.6,219.0,1134.6,943.9,17.4,6.1,25.6,259,9,3,0,24.58,73.68
2026-09-15,2026-09-17,554,Udaipur,Rajasthan,west,24.58,73.68,48,orographic,1.0,4.0,14.9,227.0,1114.6,942.6,16.1,6.9,25.1,260,9,3,0,24.58,73.68
2026-09-15,2026-09-18,554,Udaipur,Rajasthan,west,24.58,73.68,72,coastal,1.0,17.4,11.3,200.0,1097.1,942.8,13.6,6.2,24.7,261,9,3,0,24.58,73.68
2026-09-15,2026-09-16,556,East Sikkim,Sikkim,northeast,27.35,88.6,24,break_monsoon,0.5,37.3,4.3,215.0,414.6,873.4,17.4,5.1,21.2,259,9,3,0,27.35,88.6
2026-09-15,2026-09-17,556,East Sikkim,Sikkim,northeast,27.35,88.6,48,break_monsoon,0.5,30.8,6.1,206.0,378.3,871.7,21.4,8.0,21.2,260,9,3,0,27.35,88.6
2026-09-15,2026-09-18,556,East Sikkim,Sikkim,northeast,27.35,88.6,72,break_monsoon,0.5,43.3,4.6,250.0,430.4,873.2,16.5,7.0,21.9,261,9,3,0,27.35,88.6
2026-09-15,2026-09-16,555,Khairthal-Tijara,Rajasthan,west,27.8,76.78,24,orographic,1.0,0.4,17.1,228.0,2510.0,978.4,20.0,7.8,28.7,259,9,3,0,27.8,76.78
2026-09-15,2026-09-17,555,Khairthal-Tijara,Rajasthan,west,27.8,76.78,48,orographic,1.0,0.1,11.5,287.0,2264.2,977.0,19.9,8.7,28.4,260,9,3,0,27.8,76.78
2026-09-15,2026-09-18,555,Khairthal-Tijara,Rajasthan,west,27.8,76.78,72,orographic,1.0,0.7,12.9,283.0,2013.8,978.0,18.8,7.3,28.1,261,9,3,0,27.8,76.78
2026-09-15,2026-09-16,558,South Sikkim,Sikkim,northeast,27.15,88.25,24,orographic,0.6667,72.7,6.9,75.0,782.5,867.6,17.9,5.6,19.5,259,9,3,0,27.15,88.25
2026-09-15,2026-09-17,558,South Sikkim,Sikkim,northeast,27.15,88.25,48,orographic,0.6667,69.7,7.7,90.0,735.0,866.0,20.5,7.1,19.1,260,9,3,0,27.15,88.25
2026-09-15,2026-09-18,558,South Sikkim,Sikkim,northeast,27.15,88.25,72,orographic,0.6667,35.1,6.5,85.0,665.0,867.7,18.6,6.3,20.6,261,9,3,0,27.15,88.25
2026-09-15,2026-09-16,560,Gangtok,Sikkim,northeast,27.33,88.6,24,break_monsoon,0.5,37.3,4.3,215.0,414.6,883.9,17.4,5.1,21.9,259,9,3,0,27.33,88.6
2026-09-15,2026-09-17,560,Gangtok,Sikkim,northeast,27.33,88.6,48,break_monsoon,0.5,30.8,6.1,206.0,378.3,882.2,21.4,8.0,21.9,260,9,3,0,27.33,88.6
2026-09-15,2026-09-18,560,Gangtok,Sikkim,northeast,27.33,88.6,72,break_monsoon,0.5,43.3,4.6,250.0,430.4,883.7,16.5,7.0,22.6,261,9,3,0,27.33,88.6
2026-09-15,2026-09-16,559,West Sikkim,Sikkim,northeast,27.3,88.1,24,break_monsoon,0.5,3.7,6.6,225.0,126.7,775.2,18.9,7.3,15.1,259,9,3,0,27.3,88.1
2026-09-15,2026-09-17,559,West Sikkim,Sikkim,northeast,27.3,88.1,48,break_monsoon,0.5,2.6,6.7,219.0,107.5,773.9,21.7,8.3,15.7,260,9,3,0,27.3,88.1
2026-09-15,2026-09-18,559,West Sikkim,Sikkim,northeast,27.3,88.1,72,break_monsoon,0.5,1.3,5.6,198.0,157.5,775.5,20.6,7.4,15.6,261,9,3,0,27.3,88.1
2026-09-15,2026-09-16,567,Dharmapuri,Tamil Nadu,south,12.13,78.16,24,orographic,1.0,29.4,9.9,260.0,1465.0,961.3,16.4,9.5,26.2,259,9,3,0,12.13,78.16
2026-09-15,2026-09-17,567,Dharmapuri,Tamil Nadu,south,12.13,78.16,48,orographic,1.0,2.2,13.5,241.0,1556.3,960.2,22.6,8.7,27.6,260,9,3,0,12.13,78.16
2026-09-15,2026-09-18,567,Dharmapuri,Tamil Nadu,south,12.13,78.16,72,orographic,1.0,0.7,12.5,256.0,1634.6,960.0,23.9,9.4,27.6,261,9,3,0,12.13,78.16
2026-09-15,2026-09-16,566,Cuddalore,Tamil Nadu,south,11.75,79.75,24,orographic,1.0,0.0,16.3,194.0,3081.3,1010.0,22.8,6.8,30.2,259,9,3,0,11.75,79.75
2026-09-15,2026-09-17,566,Cuddalore,Tamil Nadu,south,11.75,79.75,48,orographic,1.0,2.6,18.6,205.0,2568.3,1008.9,23.1,7.3,30.4,260,9,3,0,11.75,79.75
2026-09-15,2026-09-18,566,Cuddalore,Tamil Nadu,south,11.75,79.75,72,orographic,1.0,10.1,16.1,226.0,2458.8,1008.5,23.9,8.8,30.4,261,9,3,0,11.75,79.75
2026-09-15,2026-09-16,561,Pakyong,Sikkim,northeast,27.2,88.58,24,orographic,0.6667,17.5,3.6,235.0,789.6,901.8,15.3,4.4,22.9,259,9,3,0,27.2,88.58
2026-09-15,2026-09-17,561,Pakyong,Sikkim,northeast,27.2,88.58,48,orographic,0.6667,45.7,5.3,238.0,565.4,900.1,19.7,8.1,23.1,260,9,3,0,27.2,88.58
2026-09-15,2026-09-18,561,Pakyong,Sikkim,northeast,27.2,88.58,72,break_monsoon,0.5,36.4,5.6,297.0,497.1,901.6,16.8,7.7,23.8,261,9,3,0,27.2,88.58
2026-09-15,2026-09-16,562,Ariyalur,Tamil Nadu,south,11.13,79.38,24,orographic,1.0,1.5,14.8,227.0,2391.3,1007.5,21.6,8.3,30.2,259,9,3,0,11.13,79.38
2026-09-15,2026-09-17,562,Ariyalur,Tamil Nadu,south,11.13,79.38,48,orographic,1.0,4.9,17.5,222.0,2069.6,1006.6,23.1,8.2,29.9,260,9,3,0,11.13,79.38
2026-09-15,2026-09-18,562,Ariyalur,Tamil Nadu,south,11.13,79.38,72,orographic,1.0,4.0,13.8,231.0,2442.1,1006.0,23.8,9.1,30.1,261,9,3,0,11.13,79.38
2026-09-15,2026-09-16,568,Dindigul,Tamil Nadu,south,10.35,77.95,24,coastal,1.0,1.6,22.1,281.0,1117.1,982.5,22.8,10.1,30.7,259,9,3,0,10.35,77.95
2026-09-15,2026-09-17,568,Dindigul,Tamil Nadu,south,10.35,77.95,48,orographic,1.0,2.7,15.0,190.0,1337.9,981.5,21.1,9.9,29.8,260,9,3,0,10.35,77.95
2026-09-15,2026-09-18,568,Dindigul,Tamil Nadu,south,10.35,77.95,72,orographic,1.0,0.5,17.7,229.0,1815.8,981.0,23.7,11.0,30.1,261,9,3,0,10.35,77.95
2026-09-15,2026-09-16,565,Coimbatore,Tamil Nadu,south,11.0,76.97,24,orographic,1.0,7.4,12.2,216.0,1211.7,966.0,21.7,8.5,27.1,259,9,3,0,11.0,76.97
2026-09-15,2026-09-17,565,Coimbatore,Tamil Nadu,south,11.0,76.97,48,orographic,1.0,1.4,16.0,213.0,1354.2,964.9,24.2,9.3,27.2,260,9,3,0,11.0,76.97
2026-09-15,2026-09-18,565,Coimbatore,Tamil Nadu,south,11.0,76.97,72,orographic,1.0,1.9,15.8,209.0,1359.2,964.7,23.8,9.0,27.1,261,9,3,0,11.0,76.97
2026-09-15,2026-09-16,563,Chengalpattu,Tamil Nadu,south,12.5,79.98,24,orographic,1.0,0.8,13.3,198.0,3171.7,1006.8,23.0,8.2,30.3,259,9,3,0,12.5,79.98
2026-09-15,2026-09-17,563,Chengalpattu,Tamil Nadu,south,12.5,79.98,48,orographic,1.0,3.2,15.6,219.0,2983.8,1005.7,23.2,8.4,29.7,260,9,3,0,12.5,79.98
2026-09-15,2026-09-18,563,Chengalpattu,Tamil Nadu,south,12.5,79.98,72,orographic,1.0,8.1,12.1,258.0,3004.6,1005.3,23.0,9.1,30.4,261,9,3,0,12.5,79.98
2026-09-15,2026-09-16,564,Chennai,Tamil Nadu,south,13.08,80.27,24,orographic,1.0,1.1,12.5,193.0,3347.9,1009.2,24.3,7.2,30.0,259,9,3,0,13.08,80.27
2026-09-15,2026-09-17,564,Chennai,Tamil Nadu,south,13.08,80.27,48,orographic,1.0,3.3,16.4,212.0,3105.4,1008.0,23.9,8.4,30.2,260,9,3,0,13.08,80.27
2026-09-15,2026-09-18,564,Chennai,Tamil Nadu,south,13.08,80.27,72,orographic,1.0,15.2,12.4,221.0,2935.8,1007.7,23.6,7.6,29.9,261,9,3,0,13.08,80.27
2026-09-15,2026-09-16,571,Kancheepuram,Tamil Nadu,south,12.83,79.7,24,orographic,1.0,0.6,13.9,208.0,2012.5,1001.0,23.7,8.9,29.9,259,9,3,0,12.83,79.7
2026-09-15,2026-09-17,571,Kancheepuram,Tamil Nadu,south,12.83,79.7,48,orographic,1.0,14.8,16.2,233.0,2663.3,999.8,22.8,9.9,29.8,260,9,3,0,12.83,79.7
2026-09-15,2026-09-18,571,Kancheepuram,Tamil Nadu,south,12.83,79.7,72,orographic,1.0,2.8,12.3,261.0,2784.6,999.6,22.1,8.7,30.0,261,9,3,0,12.83,79.7
2026-09-15,2026-09-16,570,Kallakurichi,Tamil Nadu,south,11.75,78.96,24,orographic,1.0,0.7,10.1,202.0,2277.5,997.1,22.4,8.1,29.9,259,9,3,0,11.75,78.96
2026-09-15,2026-09-17,570,Kallakurichi,Tamil Nadu,south,11.75,78.96,48,orographic,1.0,0.3,14.2,198.0,2262.9,996.1,20.4,7.2,29.1,260,9,3,0,11.75,78.96
2026-09-15,2026-09-18,570,Kallakurichi,Tamil Nadu,south,11.75,78.96,72,orographic,1.0,0.9,11.8,192.0,2696.3,995.6,22.9,9.2,29.8,261,9,3,0,11.75,78.96
2026-09-15,2026-09-16,574,Krishnagiri,Tamil Nadu,south,12.52,78.22,24,orographic,1.0,4.3,15.2,290.0,1531.7,957.0,22.5,9.8,26.8,259,9,3,0,12.52,78.22
2026-09-15,2026-09-17,574,Krishnagiri,Tamil Nadu,south,12.52,78.22,48,orographic,1.0,2.7,12.6,278.0,1864.6,956.0,23.2,9.9,27.4,260,9,3,0,12.52,78.22
2026-09-15,2026-09-18,574,Krishnagiri,Tamil Nadu,south,12.52,78.22,72,orographic,1.0,2.8,14.4,291.0,1427.9,955.8,23.8,9.4,27.6,261,9,3,0,12.52,78.22
2026-09-15,2026-09-16,569,Erode,Tamil Nadu,south,11.34,77.72,24,orographic,1.0,3.4,9.1,263.0,1885.8,992.0,20.9,8.6,28.9,259,9,3,0,11.34,77.72
2026-09-15,2026-09-17,569,Erode,Tamil Nadu,south,11.34,77.72,48,orographic,1.0,3.1,9.1,252.0,1455.0,991.0,21.3,9.3,29.5,260,9,3,0,11.34,77.72
2026-09-15,2026-09-18,569,Erode,Tamil Nadu,south,11.34,77.72,72,orographic,1.0,2.4,10.8,275.0,1969.6,990.6,23.9,9.8,29.7,261,9,3,0,11.34,77.72
2026-09-15,2026-09-16,572,Kanyakumari,Tamil Nadu,south,8.08,77.55,24,orographic,0.6667,0.6,26.6,265.0,1289.2,1009.8,24.5,8.1,28.8,259,9,3,0,8.08,77.55
2026-09-15,2026-09-17,572,Kanyakumari,Tamil Nadu,south,8.08,77.55,48,orographic,0.6667,0.4,25.9,261.0,1253.3,1009.6,23.1,6.8,29.1,260,9,3,0,8.08,77.55
2026-09-15,2026-09-18,572,Kanyakumari,Tamil Nadu,south,8.08,77.55,72,coastal,1.0,1.2,27.9,274.0,1362.1,1008.9,22.0,8.0,28.9,261,9,3,0,8.08,77.55
2026-09-15,2026-09-16,575,Madurai,Tamil Nadu,south,9.92,78.12,24,orographic,1.0,9.4,17.2,296.0,1874.2,995.6,23.0,10.2,30.7,259,9,3,0,9.92,78.12
2026-09-15,2026-09-17,575,Madurai,Tamil Nadu,south,9.92,78.12,48,orographic,1.0,5.5,9.7,275.0,1267.1,994.6,24.1,9.8,30.0,260,9,3,0,9.92,78.12
2026-09-15,2026-09-18,575,Madurai,Tamil Nadu,south,9.92,78.12,72,orographic,1.0,0.4,11.0,267.0,1466.7,994.0,24.4,9.5,30.1,261,9,3,0,9.92,78.12
2026-09-15,2026-09-16,573,Karur,Tamil Nadu,south,10.95,78.08,24,orographic,1.0,5.5,19.1,273.0,1848.8,998.2,22.9,9.9,29.3,259,9,3,0,10.95,78.08
2026-09-15,2026-09-17,573,Karur,Tamil Nadu,south,10.95,78.08,48,orographic,1.0,3.5,12.3,269.0,1414.2,997.1,22.8,9.8,30.1,260,9,3,0,10.95,78.08
2026-09-15,2026-09-18,573,Karur,Tamil Nadu,south,10.95,78.08,72,coastal,1.0,0.3,20.4,277.0,1230.4,996.7,23.9,9.5,30.5,261,9,3,0,10.95,78.08
2026-09-15,2026-09-16,576,Mayiladuthurai,Tamil Nadu,south,11.1,79.65,24,orographic,1.0,0.6,16.0,222.0,2655.0,1008.9,19.9,7.1,30.1,259,9,3,0,11.1,79.65
2026-09-15,2026-09-17,576,Mayiladuthurai,Tamil Nadu,south,11.1,79.65,48,coastal,1.0,0.2,20.4,218.0,2014.2,1007.9,22.6,7.5,30.1,260,9,3,0,11.1,79.65
2026-09-15,2026-09-18,576,Mayiladuthurai,Tamil Nadu,south,11.1,79.65,72,orographic,1.0,4.6,16.3,234.0,2668.3,1007.4,23.6,7.9,30.2,261,9,3,0,11.1,79.65
2026-09-15,2026-09-16,577,Nagapattinam,Tamil Nadu,south,10.8,79.83,24,orographic,1.0,0.0,17.9,220.0,2451.3,1010.6,18.8,7.7,30.4,259,9,3,0,10.8,79.83
2026-09-15,2026-09-17,577,Nagapattinam,Tamil Nadu,south,10.8,79.83,48,coastal,1.0,0.8,20.9,219.0,2570.0,1009.7,20.7,8.0,30.9,260,9,3,0,10.8,79.83
2026-09-15,2026-09-18,577,Nagapattinam,Tamil Nadu,south,10.8,79.83,72,orographic,1.0,0.4,18.8,229.0,2603.8,1009.0,24.1,8.9,31.2,261,9,3,0,10.8,79.83
2026-09-15,2026-09-16,580,Perambalur,Tamil Nadu,south,11.23,78.88,24,orographic,1.0,3.9,16.2,223.0,1919.2,997.9,22.9,9.3,30.4,259,9,3,0,11.23,78.88
2026-09-15,2026-09-17,580,Perambalur,Tamil Nadu,south,11.23,78.88,48,coastal,1.0,7.8,22.9,222.0,1684.6,996.9,19.7,9.3,30.2,260,9,3,0,11.23,78.88
2026-09-15,2026-09-18,580,Perambalur,Tamil Nadu,south,11.23,78.88,72,orographic,1.0,4.9,13.5,224.0,2762.1,996.3,22.8,9.3,30.1,261,9,3,0,11.23,78.88
2026-09-15,2026-09-16,578,Namakkal,Tamil Nadu,south,11.22,78.17,24,orographic,1.0,0.1,15.9,323.0,1707.5,989.5,21.9,8.1,29.2,259,9,3,0,11.22,78.17
2026-09-15,2026-09-17,578,Namakkal,Tamil Nadu,south,11.22,78.17,48,orographic,1.0,1.7,17.4,175.0,1538.8,988.5,20.6,7.8,29.1,260,9,3,0,11.22,78.17
2026-09-15,2026-09-18,578,Namakkal,Tamil Nadu,south,11.22,78.17,72,orographic,1.0,2.5,10.4,328.0,1877.5,988.1,23.5,9.0,29.6,261,9,3,0,11.22,78.17
2026-09-15,2026-09-16,579,Nilgiris,Tamil Nadu,south,11.45,76.7,24,orographic,0.6667,12.1,9.6,348.0,472.9,800.2,15.3,5.2,16.9,259,9,3,0,11.45,76.7
2026-09-15,2026-09-17,579,Nilgiris,Tamil Nadu,south,11.45,76.7,48,break_monsoon,0.5,5.7,7.8,15.0,381.3,799.8,20.8,6.1,18.4,260,9,3,0,11.45,76.7
2026-09-15,2026-09-18,579,Nilgiris,Tamil Nadu,south,11.45,76.7,72,orographic,0.6667,2.0,9.6,326.0,400.8,799.8,22.6,8.1,17.9,261,9,3,0,11.45,76.7
2026-09-15,2026-09-16,583,Ranipet,Tamil Nadu,south,12.92,79.32,24,orographic,1.0,4.2,13.2,244.0,1523.8,992.5,22.9,10.3,29.6,259,9,3,0,12.92,79.32
2026-09-15,2026-09-17,583,Ranipet,Tamil Nadu,south,12.92,79.32,48,orographic,1.0,12.8,17.7,261.0,2301.3,991.3,22.1,10.8,30.0,260,9,3,0,12.92,79.32
2026-09-15,2026-09-18,583,Ranipet,Tamil Nadu,south,12.92,79.32,72,orographic,1.0,6.2,15.3,278.0,2564.6,991.0,22.0,10.1,29.6,261,9,3,0,12.92,79.32
2026-09-15,2026-09-16,581,Pudukkottai,Tamil Nadu,south,10.38,78.82,24,orographic,1.0,5.0,15.3,241.0,1963.8,1000.0,21.9,9.4,30.0,259,9,3,0,10.38,78.82
2026-09-15,2026-09-17,581,Pudukkottai,Tamil Nadu,south,10.38,78.82,48,orographic,1.0,0.8,17.0,212.0,1744.6,999.1,17.9,8.1,29.4,260,9,3,0,10.38,78.82
2026-09-15,2026-09-18,581,Pudukkottai,Tamil Nadu,south,10.38,78.82,72,orographic,1.0,0.4,14.3,249.0,2174.6,998.4,23.7,10.3,30.1,261,9,3,0,10.38,78.82
2026-09-15,2026-09-16,582,Ramanathapuram,Tamil Nadu,south,9.37,78.83,24,orographic,1.0,2.8,17.2,188.0,2897.5,1010.0,20.5,8.8,31.5,259,9,3,0,9.37,78.83
2026-09-15,2026-09-17,582,Ramanathapuram,Tamil Nadu,south,9.37,78.83,48,coastal,1.0,0.7,25.0,198.0,2675.0,1009.2,24.5,7.8,30.8,260,9,3,0,9.37,78.83
2026-09-15,2026-09-18,582,Ramanathapuram,Tamil Nadu,south,9.37,78.83,72,orographic,1.0,0.5,19.5,203.0,2455.8,1008.5,21.9,10.4,31.8,261,9,3,0,9.37,78.83
2026-09-15,2026-09-16,584,Salem,Tamil Nadu,south,11.66,78.15,24,orographic,1.0,1.9,11.2,326.0,1326.3,980.1,17.8,7.7,27.4,259,9,3,0,11.66,78.15
2026-09-15,2026-09-17,584,Salem,Tamil Nadu,south,11.66,78.15,48,orographic,1.0,1.1,13.5,198.0,1746.3,979.1,21.3,8.6,28.6,260,9,3,0,11.66,78.15
2026-09-15,2026-09-18,584,Salem,Tamil Nadu,south,11.66,78.15,72,orographic,1.0,0.8,11.0,266.0,2154.2,978.8,22.8,9.2,28.8,261,9,3,0,11.66,78.15
2026-09-15,2026-09-16,585,Sivaganga,Tamil Nadu,south,9.85,78.48,24,orographic,1.0,6.6,14.8,282.0,2270.8,1000.3,22.3,9.7,30.6,259,9,3,0,9.85,78.48
2026-09-15,2026-09-17,585,Sivaganga,Tamil Nadu,south,9.85,78.48,48,orographic,1.0,1.6,15.3,227.0,1792.5,999.3,23.4,10.0,30.2,260,9,3,0,9.85,78.48
2026-09-15,2026-09-18,585,Sivaganga,Tamil Nadu,south,9.85,78.48,72,orographic,1.0,0.0,12.2,229.0,1970.4,998.7,24.4,10.0,30.5,261,9,3,0,9.85,78.48
2026-09-15,2026-09-16,587,Thanjavur,Tamil Nadu,south,10.8,79.13,24,orographic,1.0,1.8,13.6,231.0,2189.6,1006.2,20.6,7.6,29.5,259,9,3,0,10.8,79.13
2026-09-15,2026-09-17,587,Thanjavur,Tamil Nadu,south,10.8,79.13,48,orographic,1.0,4.5,15.6,227.0,1681.7,1005.3,22.9,7.7,29.5,260,9,3,0,10.8,79.13
2026-09-15,2026-09-18,587,Thanjavur,Tamil Nadu,south,10.8,79.13,72,orographic,1.0,0.1,15.0,238.0,2231.7,1004.7,23.5,8.6,29.5,261,9,3,0,10.8,79.13
2026-09-15,2026-09-16,588,Theni,Tamil Nadu,south,10.02,77.48,24,orographic,1.0,1.1,9.3,167.0,985.0,977.8,21.8,10.2,30.2,259,9,3,0,10.02,77.48
2026-09-15,2026-09-17,588,Theni,Tamil Nadu,south,10.02,77.48,48,orographic,1.0,1.4,13.0,214.0,619.2,977.0,23.5,11.1,29.8,260,9,3,0,10.02,77.48
2026-09-15,2026-09-18,588,Theni,Tamil Nadu,south,10.02,77.48,72,orographic,0.6667,0.6,7.4,228.0,950.4,976.5,23.1,10.1,29.8,261,9,3,0,10.02,77.48
2026-09-15,2026-09-16,586,Tenkasi,Tamil Nadu,south,9.08,77.32,24,coastal,1.0,1.2,23.6,260.0,1080.4,990.1,23.4,9.8,28.9,259,9,3,0,9.08,77.32
2026-09-15,2026-09-17,586,Tenkasi,Tamil Nadu,south,9.08,77.32,48,coastal,1.0,2.5,23.9,262.0,978.3,989.6,21.8,8.8,28.8,260,9,3,0,9.08,77.32
2026-09-15,2026-09-18,586,Tenkasi,Tamil Nadu,south,9.08,77.32,72,coastal,1.0,1.1,25.4,259.0,1418.3,989.1,21.4,9.2,28.7,261,9,3,0,9.08,77.32
2026-09-15,2026-09-16,589,Thoothukudi,Tamil Nadu,south,8.8,78.13,24,coastal,1.0,1.1,20.7,210.0,1751.7,1010.5,25.0,7.0,30.9,259,9,3,0,8.8,78.13
2026-09-15,2026-09-17,589,Thoothukudi,Tamil Nadu,south,8.8,78.13,48,orographic,0.6667,5.6,23.2,198.0,1464.6,1010.0,24.7,7.4,30.5,260,9,3,0,8.8,78.13
2026-09-15,2026-09-18,589,Thoothukudi,Tamil Nadu,south,8.8,78.13,72,orographic,1.0,3.6,18.1,229.0,1611.3,1009.3,24.4,9.7,30.5,261,9,3,0,8.8,78.13
2026-09-15,2026-09-16,590,Tiruchirappalli,Tamil Nadu,south,10.8,78.68,24,orographic,1.0,7.3,12.8,237.0,1863.3,1001.7,22.1,8.9,29.6,259,9,3,0,10.8,78.68
2026-09-15,2026-09-17,590,Tiruchirappalli,Tamil Nadu,south,10.8,78.68,48,orographic,1.0,9.4,15.9,244.0,1817.1,1000.8,21.7,8.7,29.8,260,9,3,0,10.8,78.68
2026-09-15,2026-09-18,590,Tiruchirappalli,Tamil Nadu,south,10.8,78.68,72,orographic,1.0,0.5,14.1,268.0,1969.2,1000.1,23.7,9.0,30.1,261,9,3,0,10.8,78.68
2026-09-15,2026-09-16,591,Tirunelveli,Tamil Nadu,south,8.71,77.7,24,orographic,1.0,6.5,14.3,321.0,1411.7,1006.5,22.9,10.7,31.8,259,9,3,0,8.71,77.7
2026-09-15,2026-09-17,591,Tirunelveli,Tamil Nadu,south,8.71,77.7,48,coastal,1.0,2.0,20.0,288.0,1557.9,1006.0,23.9,10.6,31.4,260,9,3,0,8.71,77.7
2026-09-15,2026-09-18,591,Tirunelveli,Tamil Nadu,south,8.71,77.7,72,orographic,1.0,1.8,14.8,290.0,1596.3,1005.4,23.7,11.1,31.2,261,9,3,0,8.71,77.7
2026-09-15,2026-09-16,592,Tirupattur,Tamil Nadu,south,12.5,78.57,24,orographic,1.0,8.0,13.9,252.0,1817.1,968.8,22.3,8.6,27.3,259,9,3,0,12.5,78.57
2026-09-15,2026-09-17,592,Tirupattur,Tamil Nadu,south,12.5,78.57,48,orographic,1.0,7.5,13.5,251.0,2098.3,967.7,23.1,9.0,28.0,260,9,3,0,12.5,78.57
2026-09-15,2026-09-18,592,Tirupattur,Tamil Nadu,south,12.5,78.57,72,orographic,1.0,1.4,10.8,272.0,1950.8,967.4,23.7,9.0,28.5,261,9,3,0,12.5,78.57
2026-09-15,2026-09-16,593,Tiruvallur,Tamil Nadu,south,13.15,79.9,24,orographic,1.0,1.4,10.8,212.0,2174.2,1005.8,24.0,9.1,30.2,259,9,3,0,13.15,79.9
2026-09-15,2026-09-17,593,Tiruvallur,Tamil Nadu,south,13.15,79.9,48,orographic,1.0,11.3,14.7,243.0,2642.9,1004.6,23.4,10.0,30.2,260,9,3,0,13.15,79.9
2026-09-15,2026-09-18,593,Tiruvallur,Tamil Nadu,south,13.15,79.9,72,orographic,1.0,17.1,12.4,258.0,2863.8,1004.3,22.5,9.2,30.1,261,9,3,0,13.15,79.9
2026-09-15,2026-09-16,597,Viluppuram,Tamil Nadu,south,11.95,79.48,24,orographic,1.0,0.4,13.9,223.0,2083.8,1005.6,22.9,7.8,29.8,259,9,3,0,11.95,79.48
2026-09-15,2026-09-17,597,Viluppuram,Tamil Nadu,south,11.95,79.48,48,orographic,1.0,0.9,15.2,217.0,2400.4,1004.5,22.3,7.4,29.7,260,9,3,0,11.95,79.48
2026-09-15,2026-09-18,597,Viluppuram,Tamil Nadu,south,11.95,79.48,72,orographic,1.0,7.8,12.1,256.0,2221.7,1004.1,22.8,8.8,30.1,261,9,3,0,11.95,79.48
2026-09-15,2026-09-16,595,Tiruvarur,Tamil Nadu,south,10.77,79.63,24,orographic,1.0,1.3,16.3,220.0,2672.1,1009.3,19.8,7.4,29.9,259,9,3,0,10.77,79.63
2026-09-15,2026-09-17,595,Tiruvarur,Tamil Nadu,south,10.77,79.63,48,coastal,1.0,0.9,20.7,213.0,2546.3,1008.4,21.6,7.1,30.2,260,9,3,0,10.77,79.63
2026-09-15,2026-09-18,595,Tiruvarur,Tamil Nadu,south,10.77,79.63,72,orographic,1.0,0.6,17.2,225.0,2756.7,1007.8,23.5,7.7,30.4,261,9,3,0,10.77,79.63
2026-09-15,2026-09-16,596,Vellore,Tamil Nadu,south,12.92,79.13,24,orographic,1.0,4.4,12.2,253.0,1667.9,986.8,22.6,10.2,29.3,259,9,3,0,12.92,79.13
2026-09-15,2026-09-17,596,Vellore,Tamil Nadu,south,12.92,79.13,48,orographic,1.0,8.0,16.5,257.0,2429.6,985.6,21.7,10.8,29.5,260,9,3,0,12.92,79.13
2026-09-15,2026-09-18,596,Vellore,Tamil Nadu,south,12.92,79.13,72,orographic,1.0,5.2,15.0,270.0,2366.3,985.3,21.1,10.6,29.6,261,9,3,0,12.92,79.13
2026-09-15,2026-09-16,594,Tiruvannamalai,Tamil Nadu,south,12.23,79.07,24,orographic,1.0,0.3,17.1,242.0,1850.0,990.3,21.7,8.4,29.0,259,9,3,0,12.23,79.07
2026-09-15,2026-09-17,594,Tiruvannamalai,Tamil Nadu,south,12.23,79.07,48,orographic,1.0,1.8,15.3,228.0,2439.6,989.2,22.4,8.8,29.4,260,9,3,0,12.23,79.07
2026-09-15,2026-09-18,594,Tiruvannamalai,Tamil Nadu,south,12.23,79.07,72,orographic,1.0,0.9,16.2,269.0,2367.1,988.9,22.9,8.4,29.7,261,9,3,0,12.23,79.07
2026-09-15,2026-09-16,598,Virudhunagar,Tamil Nadu,south,9.57,77.95,24,orographic,1.0,9.1,14.6,10.0,1905.4,1001.0,21.8,9.9,30.6,259,9,3,0,9.57,77.95
2026-09-15,2026-09-17,598,Virudhunagar,Tamil Nadu,south,9.57,77.95,48,orographic,1.0,5.0,14.8,181.0,2006.7,1000.1,24.1,10.0,30.1,260,9,3,0,9.57,77.95
2026-09-15,2026-09-18,598,Virudhunagar,Tamil Nadu,south,9.57,77.95,72,orographic,1.0,0.3,11.5,130.0,2102.9,999.5,23.3,9.6,30.1,261,9,3,0,9.57,77.95
2026-09-15,2026-09-16,599,Tiruppur,Tamil Nadu,south,11.11,77.35,24,orographic,1.0,3.2,14.0,252.0,1477.1,978.6,22.4,10.8,29.5,259,9,3,0,11.11,77.35
2026-09-15,2026-09-17,599,Tiruppur,Tamil Nadu,south,11.11,77.35,48,orographic,1.0,1.4,15.9,243.0,1040.8,977.5,24.1,11.9,29.9,260,9,3,0,11.11,77.35
2026-09-15,2026-09-18,599,Tiruppur,Tamil Nadu,south,11.11,77.35,72,orographic,1.0,0.8,18.5,240.0,1163.8,977.3,23.9,11.6,29.4,261,9,3,0,11.11,77.35
2026-09-15,2026-09-16,600,Kallakurichi,Tamil Nadu,south,11.75,78.96,24,orographic,1.0,0.7,10.1,202.0,2277.5,997.1,22.4,8.1,29.9,259,9,3,0,11.75,78.96
2026-09-15,2026-09-17,600,Kallakurichi,Tamil Nadu,south,11.75,78.96,48,orographic,1.0,0.3,14.2,198.0,2262.9,996.1,20.4,7.2,29.1,260,9,3,0,11.75,78.96
2026-09-15,2026-09-18,600,Kallakurichi,Tamil Nadu,south,11.75,78.96,72,orographic,1.0,0.9,11.8,192.0,2696.3,995.6,22.9,9.2,29.8,261,9,3,0,11.75,78.96
2026-09-15,2026-09-16,607,Warangal,Telangana,south,17.97,79.59,24,orographic,1.0,0.9,10.0,215.0,1624.2,980.5,22.8,8.6,28.0,259,9,3,0,17.97,79.59
2026-09-15,2026-09-17,607,Warangal,Telangana,south,17.97,79.59,48,orographic,1.0,1.7,9.1,275.0,2368.8,979.0,21.4,7.3,28.9,260,9,3,0,17.97,79.59
2026-09-15,2026-09-18,607,Warangal,Telangana,south,17.97,79.59,72,orographic,1.0,2.3,14.7,314.0,2019.6,979.3,18.3,7.5,27.8,261,9,3,0,17.97,79.59
2026-09-15,2026-09-16,603,Adilabad,Telangana,south,19.66,78.53,24,orographic,0.6667,0.6,7.9,251.0,1340.8,980.0,22.8,8.5,27.6,259,9,3,0,19.66,78.53
2026-09-15,2026-09-17,603,Adilabad,Telangana,south,19.66,78.53,48,orographic,1.0,2.8,17.6,262.0,2259.6,978.7,21.2,6.6,27.8,260,9,3,0,19.66,78.53
2026-09-15,2026-09-18,603,Adilabad,Telangana,south,19.66,78.53,72,orographic,1.0,6.9,11.1,286.0,2145.0,979.1,19.2,6.1,26.9,261,9,3,0,19.66,78.53
2026-09-15,2026-09-16,606,Karimnagar,Telangana,south,18.44,79.1,24,orographic,0.6667,0.9,7.1,291.0,2229.2,978.4,22.2,7.4,28.1,259,9,3,0,18.44,79.1
2026-09-15,2026-09-17,606,Karimnagar,Telangana,south,18.44,79.1,48,orographic,1.0,3.3,13.2,276.0,2502.1,977.0,21.5,7.7,27.9,260,9,3,0,18.44,79.1
2026-09-15,2026-09-18,606,Karimnagar,Telangana,south,18.44,79.1,72,orographic,1.0,6.7,16.1,287.0,2050.4,977.3,18.0,7.0,27.4,261,9,3,0,18.44,79.1
2026-09-15,2026-09-16,602,Ambur,Tamil Nadu,south,12.78,78.72,24,orographic,1.0,19.0,10.3,230.0,1499.2,974.8,22.0,11.3,28.2,259,9,3,0,12.78,78.72
2026-09-15,2026-09-17,602,Ambur,Tamil Nadu,south,12.78,78.72,48,orographic,1.0,1.9,15.1,229.0,1983.8,973.6,22.4,10.9,28.3,260,9,3,0,12.78,78.72
2026-09-15,2026-09-18,602,Ambur,Tamil Nadu,south,12.78,78.72,72,orographic,1.0,2.3,11.8,236.0,2074.2,973.3,22.7,11.1,28.9,261,9,3,0,12.78,78.72
2026-09-15,2026-09-16,605,Nizamabad,Telangana,south,18.67,78.08,24,orographic,0.6667,0.4,6.9,220.0,1505.8,967.2,22.9,7.8,27.0,259,9,3,0,18.67,78.08
2026-09-15,2026-09-17,605,Nizamabad,Telangana,south,18.67,78.08,48,orographic,1.0,5.4,11.8,259.0,2525.8,966.0,21.9,7.4,26.7,260,9,3,0,18.67,78.08
2026-09-15,2026-09-18,605,Nizamabad,Telangana,south,18.67,78.08,72,orographic,1.0,7.3,11.1,272.0,1932.5,966.3,17.7,6.3,26.0,261,9,3,0,18.67,78.08
2026-09-15,2026-09-16,604,Mancherial,Telangana,south,18.87,79.45,24,orographic,0.6667,0.2,7.1,268.0,2250.8,993.0,22.7,8.1,28.7,259,9,3,0,18.87,79.45
2026-09-15,2026-09-17,604,Mancherial,Telangana,south,18.87,79.45,48,orographic,1.0,0.9,12.8,281.0,2337.5,991.5,21.7,7.4,29.0,260,9,3,0,18.87,79.45
2026-09-15,2026-09-18,604,Mancherial,Telangana,south,18.87,79.45,72,orographic,1.0,14.2,14.6,288.0,2086.3,991.9,17.4,6.9,28.2,261,9,3,0,18.87,79.45
2026-09-15,2026-09-16,608,Khammam,Telangana,south,17.25,80.15,24,orographic,1.0,4.8,8.9,250.0,2182.9,995.9,23.0,9.0,28.9,259,9,3,0,17.25,80.15
2026-09-15,2026-09-17,608,Khammam,Telangana,south,17.25,80.15,48,orographic,1.0,0.2,8.9,253.0,3064.2,994.2,21.8,7.6,29.8,260,9,3,0,17.25,80.15
2026-09-15,2026-09-18,608,Khammam,Telangana,south,17.25,80.15,72,orographic,1.0,17.8,17.4,310.0,2117.9,994.5,18.0,7.6,28.5,261,9,3,0,17.25,80.15
2026-09-15,2026-09-16,601,Vaniyambadi,Tamil Nadu,south,12.68,78.62,24,orographic,1.0,25.6,12.8,236.0,1595.8,972.6,21.9,10.3,28.1,259,9,3,0,12.68,78.62
2026-09-15,2026-09-17,601,Vaniyambadi,Tamil Nadu,south,12.68,78.62,48,orographic,1.0,6.7,9.5,235.0,2006.7,971.5,22.3,10.3,28.8,260,9,3,0,12.68,78.62
2026-09-15,2026-09-18,601,Vaniyambadi,Tamil Nadu,south,12.68,78.62,72,orographic,1.0,4.6,9.2,252.0,1743.3,971.2,23.2,10.1,28.9,261,9,3,0,12.68,78.62
2026-09-15,2026-09-16,610,Mahbubnagar,Telangana,south,16.75,77.98,24,orographic,1.0,0.5,9.3,329.0,1037.1,946.3,23.6,8.1,27.1,259,9,3,0,16.75,77.98
2026-09-15,2026-09-17,610,Mahbubnagar,Telangana,south,16.75,77.98,48,orographic,1.0,8.5,14.3,309.0,1591.7,945.2,22.7,8.3,26.5,260,9,3,0,16.75,77.98
2026-09-15,2026-09-18,610,Mahbubnagar,Telangana,south,16.75,77.98,72,orographic,1.0,5.6,15.1,315.0,1682.9,945.3,19.4,7.7,26.4,261,9,3,0,16.75,77.98
2026-09-15,2026-09-16,614,Suryapet,Telangana,south,17.13,79.63,24,orographic,1.0,0.3,10.6,130.0,1702.9,990.6,23.3,9.0,28.9,259,9,3,0,17.13,79.63
2026-09-15,2026-09-17,614,Suryapet,Telangana,south,17.13,79.63,48,orographic,1.0,1.4,10.1,293.0,2248.3,989.0,23.0,7.8,30.0,260,9,3,0,17.13,79.63
2026-09-15,2026-09-18,614,Suryapet,Telangana,south,17.13,79.63,72,coastal,1.0,22.0,23.1,306.0,2052.9,989.4,17.3,7.5,28.4,261,9,3,0,17.13,79.63
2026-09-15,2026-09-16,615,Jagtial,Telangana,south,18.78,78.9,24,orographic,0.6667,0.2,6.3,268.0,1878.3,978.5,22.9,7.8,27.5,259,9,3,0,18.78,78.9
2026-09-15,2026-09-17,615,Jagtial,Telangana,south,18.78,78.9,48,orographic,1.0,1.6,12.1,283.0,2082.1,977.1,22.1,7.3,27.5,260,9,3,0,18.78,78.9
2026-09-15,2026-09-18,615,Jagtial,Telangana,south,18.78,78.9,72,orographic,1.0,2.9,13.6,283.0,2057.9,977.4,17.6,6.9,27.1,261,9,3,0,18.78,78.9
2026-09-15,2026-09-16,609,Nalgonda,Telangana,south,17.05,79.27,24,orographic,1.0,0.6,8.3,101.0,1604.2,984.6,22.7,9.3,29.2,259,9,3,0,17.05,79.27
2026-09-15,2026-09-17,609,Nalgonda,Telangana,south,17.05,79.27,48,orographic,1.0,1.7,13.3,292.0,1973.3,983.0,22.5,9.1,30.4,260,9,3,0,17.05,79.27
2026-09-15,2026-09-18,609,Nalgonda,Telangana,south,17.05,79.27,72,orographic,1.0,19.1,15.4,306.0,1945.8,983.5,18.3,8.1,28.7,261,9,3,0,17.05,79.27
2026-09-15,2026-09-16,613,Medak,Telangana,south,18.05,78.27,24,orographic,1.0,0.8,8.5,240.0,1290.8,958.7,23.6,8.6,26.6,259,9,3,0,18.05,78.27
2026-09-15,2026-09-17,613,Medak,Telangana,south,18.05,78.27,48,orographic,1.0,5.3,12.9,278.0,2015.4,957.5,21.9,7.4,26.7,260,9,3,0,18.05,78.27
2026-09-15,2026-09-18,613,Medak,Telangana,south,18.05,78.27,72,orographic,1.0,4.8,14.0,295.0,1579.6,957.8,16.4,6.8,26.0,261,9,3,0,18.05,78.27
2026-09-15,2026-09-16,611,Rangareddy,Telangana,south,17.25,78.22,24,orographic,1.0,1.3,9.8,241.0,962.1,949.6,23.2,9.2,26.9,259,9,3,0,17.25,78.22
2026-09-15,2026-09-17,611,Rangareddy,Telangana,south,17.25,78.22,48,coastal,1.0,4.1,20.4,293.0,1871.7,948.5,21.1,8.2,26.6,260,9,3,0,17.25,78.22
2026-09-15,2026-09-18,611,Rangareddy,Telangana,south,17.25,78.22,72,orographic,1.0,6.6,17.2,297.0,1517.5,948.7,15.3,7.3,26.0,261,9,3,0,17.25,78.22
2026-09-15,2026-09-16,612,Hyderabad,Telangana,south,17.38,78.47,24,orographic,1.0,1.8,8.3,266.0,1069.2,956.2,22.8,9.1,28.4,259,9,3,0,17.38,78.47
2026-09-15,2026-09-17,612,Hyderabad,Telangana,south,17.38,78.47,48,orographic,1.0,4.5,10.8,288.0,1788.8,954.9,21.4,8.8,28.2,260,9,3,0,17.38,78.47
2026-09-15,2026-09-18,612,Hyderabad,Telangana,south,17.38,78.47,72,orographic,1.0,14.1,13.0,294.0,1542.5,955.0,16.1,7.0,26.2,261,9,3,0,17.38,78.47
2026-09-15,2026-09-16,616,Peddapalli,Telangana,south,18.6,79.38,24,orographic,0.6667,0.4,7.3,254.0,2218.3,984.8,22.7,8.2,28.0,259,9,3,0,18.6,79.38
2026-09-15,2026-09-17,616,Peddapalli,Telangana,south,18.6,79.38,48,orographic,1.0,1.8,14.7,274.0,2554.2,983.4,21.7,6.9,28.4,260,9,3,0,18.6,79.38
2026-09-15,2026-09-18,616,Peddapalli,Telangana,south,18.6,79.38,72,orographic,1.0,4.7,14.5,303.0,2237.9,983.7,18.6,6.4,27.6,261,9,3,0,18.6,79.38
2026-09-15,2026-09-16,619,Jayashankar Bhupalpally,Telangana,south,18.18,80.1,24,orographic,0.6667,0.4,7.8,236.0,1868.3,992.6,22.8,8.4,28.0,259,9,3,0,18.18,80.1
2026-09-15,2026-09-17,619,Jayashankar Bhupalpally,Telangana,south,18.18,80.1,48,orographic,1.0,2.1,14.0,247.0,2757.5,991.0,21.1,7.1,28.8,260,9,3,0,18.18,80.1
2026-09-15,2026-09-18,619,Jayashankar Bhupalpally,Telangana,south,18.18,80.1,72,orographic,1.0,10.9,9.8,306.0,2271.3,991.3,16.1,6.9,27.1,261,9,3,0,18.18,80.1
2026-09-15,2026-09-16,617,Nirmal,Telangana,south,19.1,78.35,24,orographic,1.0,0.6,8.5,281.0,1474.2,972.8,22.7,8.5,26.9,259,9,3,0,19.1,78.35
2026-09-15,2026-09-17,617,Nirmal,Telangana,south,19.1,78.35,48,orographic,1.0,5.0,14.9,290.0,2272.1,971.6,21.0,6.7,27.4,260,9,3,0,19.1,78.35
2026-09-15,2026-09-18,617,Nirmal,Telangana,south,19.1,78.35,72,orographic,1.0,6.3,12.4,290.0,2061.7,971.9,17.2,6.1,26.6,261,9,3,0,19.1,78.35
2026-09-15,2026-09-16,620,Jangaon,Telangana,south,17.72,79.15,24,orographic,1.0,0.8,8.5,258.0,1533.8,968.9,22.6,8.7,27.5,259,9,3,0,17.72,79.15
2026-09-15,2026-09-17,620,Jangaon,Telangana,south,17.72,79.15,48,orographic,1.0,3.9,11.8,301.0,1995.0,967.4,22.2,6.9,28.1,260,9,3,0,17.72,79.15
2026-09-15,2026-09-18,620,Jangaon,Telangana,south,17.72,79.15,72,orographic,1.0,7.9,19.9,302.0,1645.4,967.6,19.1,7.6,26.9,261,9,3,0,17.72,79.15
2026-09-15,2026-09-16,618,Bhadradri Kothagudem,Telangana,south,17.55,80.62,24,orographic,0.6667,0.3,6.4,246.0,2821.3,997.7,22.6,7.8,28.7,259,9,3,0,17.55,80.62
2026-09-15,2026-09-17,618,Bhadradri Kothagudem,Telangana,south,17.55,80.62,48,orographic,1.0,2.5,8.6,230.0,3276.7,996.2,19.9,6.5,28.9,260,9,3,0,17.55,80.62
2026-09-15,2026-09-18,618,Bhadradri Kothagudem,Telangana,south,17.55,80.62,72,orographic,1.0,12.7,13.4,296.0,2367.5,996.3,19.5,7.2,28.2,261,9,3,0,17.55,80.62
2026-09-15,2026-09-16,623,Narayanpet,Telangana,south,16.75,77.48,24,orographic,0.6667,3.9,21.9,306.0,634.2,963.1,23.8,8.8,27.7,259,9,3,0,16.75,77.48
2026-09-15,2026-09-17,623,Narayanpet,Telangana,south,16.75,77.48,48,orographic,1.0,6.1,15.2,302.0,1606.3,962.0,23.0,8.5,27.2,260,9,3,0,16.75,77.48
2026-09-15,2026-09-18,623,Narayanpet,Telangana,south,16.75,77.48,72,orographic,1.0,0.9,19.6,295.0,1460.4,962.2,21.5,8.0,27.0,261,9,3,0,16.75,77.48
2026-09-15,2026-09-16,621,Mahabubabad,Telangana,south,17.6,80.0,24,orographic,0.6667,4.2,7.2,226.0,2258.8,988.8,23.1,8.7,28.1,259,9,3,0,17.6,80.0
2026-09-15,2026-09-17,621,Mahabubabad,Telangana,south,17.6,80.0,48,orographic,1.0,0.4,8.7,294.0,3192.9,987.2,21.8,7.2,28.9,260,9,3,0,17.6,80.0
2026-09-15,2026-09-18,621,Mahabubabad,Telangana,south,17.6,80.0,72,orographic,1.0,8.1,15.6,318.0,2248.3,987.4,19.2,7.3,27.8,261,9,3,0,17.6,80.0
2026-09-15,2026-09-16,622,Mulugu,Telangana,south,18.2,80.55,24,orographic,0.6667,0.3,7.1,250.0,2167.9,1000.3,22.6,8.6,29.0,259,9,3,0,18.2,80.55
2026-09-15,2026-09-17,622,Mulugu,Telangana,south,18.2,80.55,48,orographic,1.0,2.8,10.4,206.0,3015.0,998.7,20.9,7.7,29.0,260,9,3,0,18.2,80.55
2026-09-15,2026-09-18,622,Mulugu,Telangana,south,18.2,80.55,72,orographic,1.0,9.2,13.5,308.0,2389.2,999.0,15.8,7.6,28.2,261,9,3,0,18.2,80.55
2026-09-15,2026-09-16,624,Sangareddy,Telangana,south,17.63,78.08,24,orographic,1.0,2.3,10.1,230.0,905.0,954.6,22.5,9.7,27.4,259,9,3,0,17.63,78.08
2026-09-15,2026-09-17,624,Sangareddy,Telangana,south,17.63,78.08,48,orographic,1.0,9.8,15.8,275.0,1945.0,953.6,20.7,8.3,27.0,260,9,3,0,17.63,78.08
2026-09-15,2026-09-18,624,Sangareddy,Telangana,south,17.63,78.08,72,orographic,1.0,12.0,14.8,299.0,1525.8,953.7,16.9,7.1,26.2,261,9,3,0,17.63,78.08
2026-09-15,2026-09-16,625,Siddipet,Telangana,south,18.1,78.85,24,orographic,1.0,1.2,10.2,251.0,1420.0,957.7,22.3,7.7,27.0,259,9,3,0,18.1,78.85
2026-09-15,2026-09-17,625,Siddipet,Telangana,south,18.1,78.85,48,orographic,1.0,1.9,11.9,277.0,2106.3,956.3,22.3,7.0,27.2,260,9,3,0,18.1,78.85
2026-09-15,2026-09-18,625,Siddipet,Telangana,south,18.1,78.85,72,orographic,1.0,6.0,16.3,286.0,1667.1,956.5,19.2,7.6,26.4,261,9,3,0,18.1,78.85
2026-09-15,2026-09-16,626,Vikarabad,Telangana,south,17.33,77.9,24,orographic,1.0,1.7,10.7,230.0,682.5,941.0,23.7,8.3,27.0,259,9,3,0,17.33,77.9
2026-09-15,2026-09-17,626,Vikarabad,Telangana,south,17.33,77.9,48,orographic,1.0,8.5,15.5,290.0,1723.8,939.9,20.0,7.9,26.1,260,9,3,0,17.33,77.9
2026-09-15,2026-09-18,626,Vikarabad,Telangana,south,17.33,77.9,72,orographic,1.0,1.2,15.2,307.0,1475.8,940.0,16.6,7.2,25.8,261,9,3,0,17.33,77.9
2026-09-15,2026-09-16,627,Wanaparthy,Telangana,south,16.36,78.06,24,orographic,1.0,0.3,11.8,312.0,729.2,965.6,23.9,8.1,29.4,259,9,3,0,16.36,78.06
2026-09-15,2026-09-17,627,Wanaparthy,Telangana,south,16.36,78.06,48,coastal,1.0,6.1,21.0,298.0,1502.1,964.7,22.4,9.2,28.2,260,9,3,0,16.36,78.06
2026-09-15,2026-09-18,627,Wanaparthy,Telangana,south,16.36,78.06,72,orographic,1.0,5.6,15.5,305.0,1596.3,964.8,18.1,8.1,27.1,261,9,3,0,16.36,78.06
2026-09-15,2026-09-16,631,Kamareddy,Telangana,south,18.32,78.33,24,orographic,1.0,0.7,10.1,240.0,1264.2,953.2,23.2,8.3,26.5,259,9,3,0,18.32,78.33
2026-09-15,2026-09-17,631,Kamareddy,Telangana,south,18.32,78.33,48,orographic,1.0,4.9,17.9,271.0,2272.5,952.0,20.9,7.5,26.2,260,9,3,0,18.32,78.33
2026-09-15,2026-09-18,631,Kamareddy,Telangana,south,18.32,78.33,72,orographic,1.0,10.5,15.4,287.0,1761.3,952.1,16.0,7.1,25.6,261,9,3,0,18.32,78.33
2026-09-15,2026-09-16,629,Rajanna Sircilla,Telangana,south,18.38,78.82,24,orographic,0.6667,0.6,6.8,283.0,1830.4,975.1,22.5,8.5,27.9,259,9,3,0,18.38,78.82
2026-09-15,2026-09-17,629,Rajanna Sircilla,Telangana,south,18.38,78.82,48,orographic,1.0,2.4,10.1,262.0,2504.6,973.7,20.9,6.8,28.0,260,9,3,0,18.38,78.82
2026-09-15,2026-09-18,629,Rajanna Sircilla,Telangana,south,18.38,78.82,72,orographic,1.0,2.9,12.9,277.0,1914.6,974.1,19.0,7.3,27.0,261,9,3,0,18.38,78.82
2026-09-15,2026-09-16,628,Kamareddy,Telangana,south,18.32,78.33,24,orographic,1.0,0.7,10.1,240.0,1264.2,953.2,23.2,8.3,26.5,259,9,3,0,18.32,78.33
2026-09-15,2026-09-17,628,Kamareddy,Telangana,south,18.32,78.33,48,orographic,1.0,4.9,17.9,271.0,2272.5,952.0,20.9,7.5,26.2,260,9,3,0,18.32,78.33
2026-09-15,2026-09-18,628,Kamareddy,Telangana,south,18.32,78.33,72,orographic,1.0,10.5,15.4,287.0,1761.3,952.1,16.0,7.1,25.6,261,9,3,0,18.32,78.33
2026-09-15,2026-09-16,632,Nizamabad,Telangana,south,18.67,78.08,24,orographic,0.6667,0.4,6.9,220.0,1505.8,967.2,22.9,7.8,27.0,259,9,3,0,18.67,78.08
2026-09-15,2026-09-17,632,Nizamabad,Telangana,south,18.67,78.08,48,orographic,1.0,5.4,11.8,259.0,2525.8,966.0,21.9,7.4,26.7,260,9,3,0,18.67,78.08
2026-09-15,2026-09-18,632,Nizamabad,Telangana,south,18.67,78.08,72,orographic,1.0,7.3,11.1,272.0,1932.5,966.3,17.7,6.3,26.0,261,9,3,0,18.67,78.08
2026-09-15,2026-09-16,630,Bodhan,Telangana,south,18.67,77.88,24,orographic,0.6667,0.3,7.9,210.0,1545.4,970.5,23.1,8.4,26.8,259,9,3,0,18.67,77.88
2026-09-15,2026-09-17,630,Bodhan,Telangana,south,18.67,77.88,48,orographic,1.0,6.1,13.3,263.0,2519.6,969.3,22.1,7.0,27.1,260,9,3,0,18.67,77.88
2026-09-15,2026-09-18,630,Bodhan,Telangana,south,18.67,77.88,72,orographic,1.0,4.9,11.2,276.0,1969.2,969.7,18.5,6.3,26.5,261,9,3,0,18.67,77.88
2026-09-15,2026-09-16,633,Asifabad,Telangana,south,19.36,79.28,24,orographic,0.6667,0.6,7.5,304.0,1639.6,986.4,22.3,9.3,28.5,259,9,3,0,19.36,79.28
2026-09-15,2026-09-17,633,Asifabad,Telangana,south,19.36,79.28,48,orographic,0.6667,0.9,7.3,287.0,2272.1,984.9,20.4,8.2,28.2,260,9,3,0,19.36,79.28
2026-09-15,2026-09-18,633,Asifabad,Telangana,south,19.36,79.28,72,orographic,1.0,5.7,10.3,302.0,1954.2,985.2,17.6,7.5,27.9,261,9,3,0,19.36,79.28
2026-09-15,2026-09-16,635,Mancherial,Telangana,south,18.87,79.45,24,orographic,0.6667,0.2,7.1,268.0,2250.8,993.0,22.7,8.1,28.7,259,9,3,0,18.87,79.45
2026-09-15,2026-09-17,635,Mancherial,Telangana,south,18.87,79.45,48,orographic,1.0,0.9,12.8,281.0,2337.5,991.5,21.7,7.4,29.0,260,9,3,0,18.87,79.45
2026-09-15,2026-09-18,635,Mancherial,Telangana,south,18.87,79.45,72,orographic,1.0,14.2,14.6,288.0,2086.3,991.9,17.4,6.9,28.2,261,9,3,0,18.87,79.45
2026-09-15,2026-09-16,634,Kumuram Bheem Asifabad,Telangana,south,19.36,79.28,24,orographic,0.6667,0.6,7.5,304.0,1639.6,986.4,22.3,9.3,28.5,259,9,3,0,19.36,79.28
2026-09-15,2026-09-17,634,Kumuram Bheem Asifabad,Telangana,south,19.36,79.28,48,orographic,0.6667,0.9,7.3,287.0,2272.1,984.9,20.4,8.2,28.2,260,9,3,0,19.36,79.28
2026-09-15,2026-09-18,634,Kumuram Bheem Asifabad,Telangana,south,19.36,79.28,72,orographic,1.0,5.7,10.3,302.0,1954.2,985.2,17.6,7.5,27.9,261,9,3,0,19.36,79.28
2026-09-15,2026-09-16,636,Peddapalli,Telangana,south,18.6,79.38,24,orographic,0.6667,0.4,7.3,254.0,2218.3,984.8,22.7,8.2,28.0,259,9,3,0,18.6,79.38
2026-09-15,2026-09-17,636,Peddapalli,Telangana,south,18.6,79.38,48,orographic,1.0,1.8,14.7,274.0,2554.2,983.4,21.7,6.9,28.4,260,9,3,0,18.6,79.38
2026-09-15,2026-09-18,636,Peddapalli,Telangana,south,18.6,79.38,72,orographic,1.0,4.7,14.5,303.0,2237.9,983.7,18.6,6.4,27.6,261,9,3,0,18.6,79.38
2026-09-15,2026-09-16,637,Jagtial,Telangana,south,18.78,78.9,24,orographic,0.6667,0.2,6.3,268.0,1878.3,978.5,22.9,7.8,27.5,259,9,3,0,18.78,78.9
2026-09-15,2026-09-17,637,Jagtial,Telangana,south,18.78,78.9,48,orographic,1.0,1.6,12.1,283.0,2082.1,977.1,22.1,7.3,27.5,260,9,3,0,18.78,78.9
2026-09-15,2026-09-18,637,Jagtial,Telangana,south,18.78,78.9,72,orographic,1.0,2.9,13.6,283.0,2057.9,977.4,17.6,6.9,27.1,261,9,3,0,18.78,78.9
2026-09-15,2026-09-16,638,Nirmal,Telangana,south,19.1,78.35,24,orographic,1.0,0.6,8.5,281.0,1474.2,972.8,22.7,8.5,26.9,259,9,3,0,19.1,78.35
2026-09-15,2026-09-17,638,Nirmal,Telangana,south,19.1,78.35,48,orographic,1.0,5.0,14.9,290.0,2272.1,971.6,21.0,6.7,27.4,260,9,3,0,19.1,78.35
2026-09-15,2026-09-18,638,Nirmal,Telangana,south,19.1,78.35,72,orographic,1.0,6.3,12.4,290.0,2061.7,971.9,17.2,6.1,26.6,261,9,3,0,19.1,78.35
2026-09-15,2026-09-16,640,Bhadradri Kothagudem,Telangana,south,17.55,80.62,24,orographic,0.6667,0.3,6.4,246.0,2821.3,997.7,22.6,7.8,28.7,259,9,3,0,17.55,80.62
2026-09-15,2026-09-17,640,Bhadradri Kothagudem,Telangana,south,17.55,80.62,48,orographic,1.0,2.5,8.6,230.0,3276.7,996.2,19.9,6.5,28.9,260,9,3,0,17.55,80.62
2026-09-15,2026-09-18,640,Bhadradri Kothagudem,Telangana,south,17.55,80.62,72,orographic,1.0,12.7,13.4,296.0,2367.5,996.3,19.5,7.2,28.2,261,9,3,0,17.55,80.62
2026-09-15,2026-09-16,639,Mancherial,Telangana,south,18.87,79.45,24,orographic,0.6667,0.2,7.1,268.0,2250.8,993.0,22.7,8.1,28.7,259,9,3,0,18.87,79.45
2026-09-15,2026-09-17,639,Mancherial,Telangana,south,18.87,79.45,48,orographic,1.0,0.9,12.8,281.0,2337.5,991.5,21.7,7.4,29.0,260,9,3,0,18.87,79.45
2026-09-15,2026-09-18,639,Mancherial,Telangana,south,18.87,79.45,72,orographic,1.0,14.2,14.6,288.0,2086.3,991.9,17.4,6.9,28.2,261,9,3,0,18.87,79.45
2026-09-15,2026-09-16,641,Mahabubabad,Telangana,south,17.6,80.0,24,orographic,0.6667,4.2,7.2,226.0,2258.8,988.8,23.1,8.7,28.1,259,9,3,0,17.6,80.0
2026-09-15,2026-09-17,641,Mahabubabad,Telangana,south,17.6,80.0,48,orographic,1.0,0.4,8.7,294.0,3192.9,987.2,21.8,7.2,28.9,260,9,3,0,17.6,80.0
2026-09-15,2026-09-18,641,Mahabubabad,Telangana,south,17.6,80.0,72,orographic,1.0,8.1,15.6,318.0,2248.3,987.4,19.2,7.3,27.8,261,9,3,0,17.6,80.0
2026-09-15,2026-09-16,646,Siddipet,Telangana,south,18.1,78.85,24,orographic,1.0,1.2,10.2,251.0,1420.0,957.7,22.3,7.7,27.0,259,9,3,0,18.1,78.85
2026-09-15,2026-09-17,646,Siddipet,Telangana,south,18.1,78.85,48,orographic,1.0,1.9,11.9,277.0,2106.3,956.3,22.3,7.0,27.2,260,9,3,0,18.1,78.85
2026-09-15,2026-09-18,646,Siddipet,Telangana,south,18.1,78.85,72,orographic,1.0,6.0,16.3,286.0,1667.1,956.5,19.2,7.6,26.4,261,9,3,0,18.1,78.85
2026-09-15,2026-09-16,644,Jangaon,Telangana,south,17.72,79.15,24,orographic,1.0,0.8,8.5,258.0,1533.8,968.9,22.6,8.7,27.5,259,9,3,0,17.72,79.15
2026-09-15,2026-09-17,644,Jangaon,Telangana,south,17.72,79.15,48,orographic,1.0,3.9,11.8,301.0,1995.0,967.4,22.2,6.9,28.1,260,9,3,0,17.72,79.15
2026-09-15,2026-09-18,644,Jangaon,Telangana,south,17.72,79.15,72,orographic,1.0,7.9,19.9,302.0,1645.4,967.6,19.1,7.6,26.9,261,9,3,0,17.72,79.15
2026-09-15,2026-09-16,642,Mulugu,Telangana,south,18.2,80.55,24,orographic,0.6667,0.3,7.1,250.0,2167.9,1000.3,22.6,8.6,29.0,259,9,3,0,18.2,80.55
2026-09-15,2026-09-17,642,Mulugu,Telangana,south,18.2,80.55,48,orographic,1.0,2.8,10.4,206.0,3015.0,998.7,20.9,7.7,29.0,260,9,3,0,18.2,80.55
2026-09-15,2026-09-18,642,Mulugu,Telangana,south,18.2,80.55,72,orographic,1.0,9.2,13.5,308.0,2389.2,999.0,15.8,7.6,28.2,261,9,3,0,18.2,80.55
2026-09-15,2026-09-16,647,Dhalai,Tripura,northeast,23.88,91.85,24,orographic,1.0,8.1,11.8,191.0,2174.6,996.5,19.3,6.8,27.2,259,9,3,0,23.88,91.85
2026-09-15,2026-09-17,647,Dhalai,Tripura,northeast,23.88,91.85,48,orographic,1.0,7.1,11.3,181.0,1955.4,995.2,18.8,6.7,27.0,260,9,3,0,23.88,91.85
2026-09-15,2026-09-18,647,Dhalai,Tripura,northeast,23.88,91.85,72,orographic,1.0,2.0,11.0,151.0,2106.3,995.4,20.0,7.2,27.3,261,9,3,0,23.88,91.85
2026-09-15,2026-09-16,645,Sangareddy,Telangana,south,17.63,78.08,24,orographic,1.0,2.3,10.1,230.0,905.0,954.6,22.5,9.7,27.4,259,9,3,0,17.63,78.08
2026-09-15,2026-09-17,645,Sangareddy,Telangana,south,17.63,78.08,48,orographic,1.0,9.8,15.8,275.0,1945.0,953.6,20.7,8.3,27.0,260,9,3,0,17.63,78.08
2026-09-15,2026-09-18,645,Sangareddy,Telangana,south,17.63,78.08,72,orographic,1.0,12.0,14.8,299.0,1525.8,953.7,16.9,7.1,26.2,261,9,3,0,17.63,78.08
2026-09-15,2026-09-16,643,Jayashankar Bhupalpally,Telangana,south,18.18,80.1,24,orographic,0.6667,0.4,7.8,236.0,1868.3,992.6,22.8,8.4,28.0,259,9,3,0,18.18,80.1
2026-09-15,2026-09-17,643,Jayashankar Bhupalpally,Telangana,south,18.18,80.1,48,orographic,1.0,2.1,14.0,247.0,2757.5,991.0,21.1,7.1,28.8,260,9,3,0,18.18,80.1
2026-09-15,2026-09-18,643,Jayashankar Bhupalpally,Telangana,south,18.18,80.1,72,orographic,1.0,10.9,9.8,306.0,2271.3,991.3,16.1,6.9,27.1,261,9,3,0,18.18,80.1
2026-09-15,2026-09-16,648,Gomati,Tripura,northeast,23.52,91.57,24,orographic,1.0,7.1,11.1,180.0,2215.4,1002.3,18.7,7.0,28.0,259,9,3,0,23.52,91.57
2026-09-15,2026-09-17,648,Gomati,Tripura,northeast,23.52,91.57,48,orographic,1.0,5.2,8.9,171.0,2029.2,1000.9,20.1,7.0,28.0,260,9,3,0,23.52,91.57
2026-09-15,2026-09-18,648,Gomati,Tripura,northeast,23.52,91.57,72,orographic,1.0,0.4,8.5,109.0,1877.1,1001.0,21.2,7.6,28.3,261,9,3,0,23.52,91.57
2026-09-15,2026-09-16,651,Sepahijala,Tripura,northeast,23.62,91.33,24,orographic,1.0,7.9,11.1,176.0,2272.1,1004.5,19.9,6.8,28.0,259,9,3,0,23.62,91.33
2026-09-15,2026-09-17,651,Sepahijala,Tripura,northeast,23.62,91.33,48,orographic,1.0,6.8,10.2,156.0,2189.2,1003.0,20.5,7.3,27.6,260,9,3,0,23.62,91.33
2026-09-15,2026-09-18,651,Sepahijala,Tripura,northeast,23.62,91.33,72,orographic,1.0,1.5,8.5,131.0,2715.8,1003.2,20.3,6.8,28.4,261,9,3,0,23.62,91.33
2026-09-15,2026-09-16,650,North Tripura,Tripura,northeast,24.22,92.08,24,orographic,1.0,14.7,13.7,196.0,1773.3,996.7,19.3,7.2,27.4,259,9,3,0,24.22,92.08
2026-09-15,2026-09-17,650,North Tripura,Tripura,northeast,24.22,92.08,48,orographic,0.6667,10.7,8.0,165.0,1714.2,995.4,17.2,6.8,26.9,260,9,3,0,24.22,92.08
2026-09-15,2026-09-18,650,North Tripura,Tripura,northeast,24.22,92.08,72,orographic,1.0,5.1,8.9,57.0,1865.4,995.7,20.1,8.4,27.6,261,9,3,0,24.22,92.08
2026-09-15,2026-09-16,652,South Tripura,Tripura,northeast,23.17,91.5,24,orographic,1.0,5.5,10.4,169.0,2351.7,1007.1,18.6,6.6,27.7,259,9,3,0,23.17,91.5
2026-09-15,2026-09-17,652,South Tripura,Tripura,northeast,23.17,91.5,48,orographic,1.0,2.1,9.3,185.0,1907.5,1005.5,20.9,6.6,28.5,260,9,3,0,23.17,91.5
2026-09-15,2026-09-18,652,South Tripura,Tripura,northeast,23.17,91.5,72,orographic,1.0,0.9,10.0,161.0,1901.3,1005.6,21.6,7.3,28.6,261,9,3,0,23.17,91.5
2026-09-15,2026-09-16,653,Unakoti,Tripura,northeast,24.18,91.98,24,orographic,1.0,18.9,10.8,193.0,2032.1,1002.8,19.5,7.3,27.5,259,9,3,0,24.18,91.98
2026-09-15,2026-09-17,653,Unakoti,Tripura,northeast,24.18,91.98,48,orographic,1.0,11.2,8.4,168.0,1828.3,1001.5,17.0,6.1,27.1,260,9,3,0,24.18,91.98
2026-09-15,2026-09-18,653,Unakoti,Tripura,northeast,24.18,91.98,72,orographic,0.6667,2.6,7.3,57.0,2161.7,1001.7,19.5,7.5,27.6,261,9,3,0,24.18,91.98
2026-09-15,2026-09-16,649,Khowai,Tripura,northeast,23.78,91.52,24,orographic,1.0,10.2,10.1,187.0,2148.8,1002.0,19.7,7.0,27.6,259,9,3,0,23.78,91.52
2026-09-15,2026-09-17,649,Khowai,Tripura,northeast,23.78,91.52,48,orographic,1.0,9.5,10.5,181.0,1813.8,1000.6,20.4,7.0,27.5,260,9,3,0,23.78,91.52
2026-09-15,2026-09-18,649,Khowai,Tripura,northeast,23.78,91.52,72,orographic,1.0,2.3,10.8,133.0,2436.7,1000.8,20.6,6.9,28.1,261,9,3,0,23.78,91.52
2026-09-15,2026-09-16,654,West Tripura,Tripura,northeast,23.9,91.5,24,orographic,1.0,12.0,10.1,188.0,2184.2,1000.0,20.2,6.9,27.6,259,9,3,0,23.9,91.5
2026-09-15,2026-09-17,654,West Tripura,Tripura,northeast,23.9,91.5,48,orographic,1.0,10.5,11.6,179.0,1782.5,998.6,20.1,7.0,27.3,260,9,3,0,23.9,91.5
2026-09-15,2026-09-18,654,West Tripura,Tripura,northeast,23.9,91.5,72,orographic,1.0,1.7,10.4,133.0,2497.9,998.8,20.8,6.8,28.0,261,9,3,0,23.9,91.5
2026-09-15,2026-09-16,655,Agra,Uttar Pradesh,north,27.18,78.02,24,orographic,1.0,1.5,11.3,225.0,2417.9,987.5,17.9,7.2,28.2,259,9,3,0,27.18,78.02
2026-09-15,2026-09-17,655,Agra,Uttar Pradesh,north,27.18,78.02,48,orographic,1.0,2.0,11.5,257.0,2573.3,985.8,19.3,8.0,28.7,260,9,3,0,27.18,78.02
2026-09-15,2026-09-18,655,Agra,Uttar Pradesh,north,27.18,78.02,72,orographic,1.0,5.1,15.6,233.0,2464.2,987.0,17.4,6.4,28.1,261,9,3,0,27.18,78.02
2026-09-15,2026-09-16,656,Aligarh,Uttar Pradesh,north,27.9,78.08,24,orographic,1.0,2.2,11.0,215.0,2455.4,986.7,18.6,6.9,27.9,259,9,3,0,27.9,78.08
2026-09-15,2026-09-17,656,Aligarh,Uttar Pradesh,north,27.9,78.08,48,orographic,1.0,0.0,9.8,298.0,2161.7,985.0,20.1,8.2,27.7,260,9,3,0,27.9,78.08
2026-09-15,2026-09-18,656,Aligarh,Uttar Pradesh,north,27.9,78.08,72,orographic,1.0,0.7,9.0,242.0,2769.6,985.9,17.1,6.9,28.1,261,9,3,0,27.9,78.08
2026-09-15,2026-09-16,658,Ambedkar Nagar,Uttar Pradesh,north,26.45,82.68,24,orographic,1.0,8.5,9.5,246.0,2186.7,998.2,15.5,5.5,27.2,259,9,3,0,26.45,82.68
2026-09-15,2026-09-17,658,Ambedkar Nagar,Uttar Pradesh,north,26.45,82.68,48,orographic,1.0,1.1,8.9,263.0,2940.0,995.9,16.1,5.6,27.6,260,9,3,0,26.45,82.68
2026-09-15,2026-09-18,658,Ambedkar Nagar,Uttar Pradesh,north,26.45,82.68,72,orographic,0.6667,0.2,8.0,262.0,2818.8,996.8,19.8,6.6,28.6,261,9,3,0,26.45,82.68
2026-09-15,2026-09-16,659,Amethi,Uttar Pradesh,north,26.15,81.12,24,orographic,1.0,6.8,9.2,257.0,2133.3,995.8,16.4,5.6,27.7,259,9,3,0,26.15,81.12
2026-09-15,2026-09-17,659,Amethi,Uttar Pradesh,north,26.15,81.12,48,orographic,1.0,1.8,10.7,255.0,2795.0,993.7,18.5,6.2,28.2,260,9,3,0,26.15,81.12
2026-09-15,2026-09-18,659,Amethi,Uttar Pradesh,north,26.15,81.12,72,orographic,1.0,1.1,11.3,260.0,2491.3,994.7,18.9,7.0,28.6,261,9,3,0,26.15,81.12
2026-09-15,2026-09-16,657,Ayodhya,Uttar Pradesh,north,26.8,82.2,24,orographic,0.6667,10.2,8.8,234.0,1922.1,996.7,14.1,5.7,27.1,259,9,3,0,26.8,82.2
2026-09-15,2026-09-17,657,Ayodhya,Uttar Pradesh,north,26.8,82.2,48,orographic,1.0,4.0,10.3,246.0,2645.4,994.4,18.1,6.7,27.8,260,9,3,0,26.8,82.2
2026-09-15,2026-09-18,657,Ayodhya,Uttar Pradesh,north,26.8,82.2,72,orographic,1.0,0.1,8.9,275.0,2777.5,995.3,19.6,6.9,28.8,261,9,3,0,26.8,82.2
2026-09-15,2026-09-16,661,Auraiya,Uttar Pradesh,north,26.47,79.5,24,orographic,1.0,4.8,13.7,252.0,2047.9,992.7,15.9,7.0,27.7,259,9,3,0,26.47,79.5
2026-09-15,2026-09-17,661,Auraiya,Uttar Pradesh,north,26.47,79.5,48,orographic,1.0,1.2,12.6,259.0,2622.9,990.7,18.4,7.0,29.0,260,9,3,0,26.47,79.5
2026-09-15,2026-09-18,661,Auraiya,Uttar Pradesh,north,26.47,79.5,72,orographic,1.0,5.7,9.6,255.0,2207.5,992.0,19.1,7.5,28.5,261,9,3,0,26.47,79.5
2026-09-15,2026-09-16,660,Amroha,Uttar Pradesh,north,28.9,78.47,24,coastal,1.0,5.8,11.6,183.0,2257.1,983.7,14.7,6.9,26.4,259,9,3,0,28.9,78.47
2026-09-15,2026-09-17,660,Amroha,Uttar Pradesh,north,28.9,78.47,48,orographic,1.0,0.0,11.0,293.0,1418.3,981.8,18.9,7.9,26.2,260,9,3,0,28.9,78.47
2026-09-15,2026-09-18,660,Amroha,Uttar Pradesh,north,28.9,78.47,72,orographic,1.0,0.0,9.4,280.0,2345.4,982.6,15.8,7.4,27.1,261,9,3,0,28.9,78.47
2026-09-15,2026-09-16,664,Baghpat,Uttar Pradesh,north,28.93,77.22,24,orographic,1.0,5.1,8.8,130.0,2441.3,983.7,18.3,8.8,27.7,259,9,3,0,28.93,77.22
2026-09-15,2026-09-17,664,Baghpat,Uttar Pradesh,north,28.93,77.22,48,orographic,1.0,0.0,9.0,306.0,1630.0,982.1,19.5,8.8,26.9,260,9,3,0,28.93,77.22
2026-09-15,2026-09-18,664,Baghpat,Uttar Pradesh,north,28.93,77.22,72,orographic,1.0,0.1,8.9,285.0,2343.3,982.8,17.1,8.1,27.8,261,9,3,0,28.93,77.22
2026-09-15,2026-09-16,663,Budaun,Uttar Pradesh,north,28.03,79.12,24,orographic,0.6667,1.3,7.6,282.0,2528.8,988.8,17.1,6.1,27.4,259,9,3,0,28.03,79.12
2026-09-15,2026-09-17,663,Budaun,Uttar Pradesh,north,28.03,79.12,48,orographic,1.0,0.1,11.0,303.0,2120.8,987.0,20.6,8.1,27.6,260,9,3,0,28.03,79.12
2026-09-15,2026-09-18,663,Budaun,Uttar Pradesh,north,28.03,79.12,72,orographic,1.0,0.0,9.3,268.0,2564.6,987.9,18.3,7.2,28.2,261,9,3,0,28.03,79.12
2026-09-15,2026-09-16,662,Azamgarh,Uttar Pradesh,north,26.07,83.18,24,coastal,1.0,6.1,10.3,224.0,2351.3,998.9,13.4,5.7,27.4,259,9,3,0,26.07,83.18
2026-09-15,2026-09-17,662,Azamgarh,Uttar Pradesh,north,26.07,83.18,48,orographic,1.0,2.3,10.6,258.0,2636.3,996.7,16.5,5.6,28.2,260,9,3,0,26.07,83.18
2026-09-15,2026-09-18,662,Azamgarh,Uttar Pradesh,north,26.07,83.18,72,orographic,1.0,0.7,9.9,262.0,2755.4,997.5,19.1,7.3,28.8,261,9,3,0,26.07,83.18
2026-09-15,2026-09-16,666,Ballia,Uttar Pradesh,north,25.75,84.15,24,orographic,1.0,8.2,11.7,244.0,2581.3,1000.9,15.4,6.5,27.9,259,9,3,0,25.75,84.15
2026-09-15,2026-09-17,666,Ballia,Uttar Pradesh,north,25.75,84.15,48,orographic,1.0,5.4,11.0,259.0,2506.7,998.8,15.8,6.7,27.8,260,9,3,0,25.75,84.15
2026-09-15,2026-09-18,666,Ballia,Uttar Pradesh,north,25.75,84.15,72,orographic,0.6667,2.8,7.2,271.0,2988.3,999.7,16.4,5.9,28.1,261,9,3,0,25.75,84.15
2026-09-15,2026-09-16,667,Balrampur,Uttar Pradesh,north,27.43,82.4,24,orographic,0.6667,5.5,6.5,250.0,2051.7,996.9,16.6,6.3,27.1,259,9,3,0,27.43,82.4
2026-09-15,2026-09-17,667,Balrampur,Uttar Pradesh,north,27.43,82.4,48,orographic,1.0,6.0,10.7,250.0,2402.9,994.7,17.2,7.5,27.9,260,9,3,0,27.43,82.4
2026-09-15,2026-09-18,667,Balrampur,Uttar Pradesh,north,27.43,82.4,72,orographic,1.0,0.3,8.2,289.0,2492.5,995.6,18.6,7.9,28.4,261,9,3,0,27.43,82.4
2026-09-15,2026-09-16,668,Banda,Uttar Pradesh,north,25.48,80.33,24,orographic,1.0,7.8,15.6,259.0,2051.7,995.1,17.5,7.0,28.3,259,9,3,0,25.48,80.33
2026-09-15,2026-09-17,668,Banda,Uttar Pradesh,north,25.48,80.33,48,orographic,1.0,3.1,13.1,254.0,2325.8,993.2,18.5,6.7,28.6,260,9,3,0,25.48,80.33
2026-09-15,2026-09-18,668,Banda,Uttar Pradesh,north,25.48,80.33,72,orographic,1.0,4.9,10.1,266.0,2222.5,994.1,19.9,7.6,28.6,261,9,3,0,25.48,80.33
2026-09-15,2026-09-16,669,Barabanki,Uttar Pradesh,north,26.93,81.33,24,orographic,0.6667,8.3,7.3,240.0,1997.5,995.1,15.7,5.9,27.1,259,9,3,0,26.93,81.33
2026-09-15,2026-09-17,669,Barabanki,Uttar Pradesh,north,26.93,81.33,48,orographic,1.0,1.7,10.4,262.0,2767.1,992.9,19.0,6.4,28.0,260,9,3,0,26.93,81.33
2026-09-15,2026-09-18,669,Barabanki,Uttar Pradesh,north,26.93,81.33,72,orographic,1.0,0.8,9.2,275.0,2551.3,993.9,19.4,7.0,28.4,261,9,3,0,26.93,81.33
2026-09-15,2026-09-16,665,Bahraich,Uttar Pradesh,north,27.57,81.6,24,orographic,0.3333,3.4,6.4,212.0,2004.6,994.1,14.1,5.0,27.3,259,9,3,0,27.57,81.6
2026-09-15,2026-09-17,665,Bahraich,Uttar Pradesh,north,27.57,81.6,48,orographic,1.0,1.7,11.0,285.0,2390.0,991.9,18.2,7.2,27.7,260,9,3,0,27.57,81.6
2026-09-15,2026-09-18,665,Bahraich,Uttar Pradesh,north,27.57,81.6,72,orographic,1.0,0.4,9.2,299.0,2292.9,992.9,19.2,7.4,28.0,261,9,3,0,27.57,81.6
2026-09-15,2026-09-16,670,Bareilly,Uttar Pradesh,north,28.37,79.42,24,orographic,1.0,0.6,12.3,283.0,1917.1,987.9,17.7,7.2,27.3,259,9,3,0,28.37,79.42
2026-09-15,2026-09-17,670,Bareilly,Uttar Pradesh,north,28.37,79.42,48,orographic,1.0,0.0,11.9,293.0,1879.2,986.0,19.7,8.3,27.1,260,9,3,0,28.37,79.42
2026-09-15,2026-09-18,670,Bareilly,Uttar Pradesh,north,28.37,79.42,72,orographic,1.0,0.0,10.4,281.0,2175.8,986.9,19.1,8.3,27.8,261,9,3,0,28.37,79.42
2026-09-15,2026-09-16,671,Basti,Uttar Pradesh,north,26.8,82.75,24,orographic,0.6667,5.1,8.9,242.0,2064.2,997.9,13.9,4.8,27.3,259,9,3,0,26.8,82.75
2026-09-15,2026-09-17,671,Basti,Uttar Pradesh,north,26.8,82.75,48,orographic,0.6667,3.7,6.7,251.0,2620.4,995.7,15.5,6.4,27.7,260,9,3,0,26.8,82.75
2026-09-15,2026-09-18,671,Basti,Uttar Pradesh,north,26.8,82.75,72,orographic,0.6667,0.2,7.7,279.0,2802.9,996.5,19.0,6.4,28.8,261,9,3,0,26.8,82.75
2026-09-15,2026-09-16,672,Bhadohi,Uttar Pradesh,north,25.4,82.57,24,orographic,1.0,15.9,12.1,248.0,2156.7,998.7,15.4,6.2,27.4,259,9,3,0,25.4,82.57
2026-09-15,2026-09-17,672,Bhadohi,Uttar Pradesh,north,25.4,82.57,48,orographic,1.0,2.4,12.8,256.0,2321.7,996.5,17.1,6.6,28.3,260,9,3,0,25.4,82.57
2026-09-15,2026-09-18,672,Bhadohi,Uttar Pradesh,north,25.4,82.57,72,orographic,1.0,4.6,12.7,258.0,2493.3,997.4,18.4,7.7,28.0,261,9,3,0,25.4,82.57
2026-09-15,2026-09-16,673,Bijnor,Uttar Pradesh,north,29.37,78.13,24,coastal,1.0,6.4,13.2,243.0,2277.5,981.8,13.7,7.1,26.6,259,9,3,0,29.37,78.13
2026-09-15,2026-09-17,673,Bijnor,Uttar Pradesh,north,29.37,78.13,48,orographic,1.0,0.0,13.5,304.0,1220.0,979.8,17.4,8.1,26.4,260,9,3,0,29.37,78.13
2026-09-15,2026-09-18,673,Bijnor,Uttar Pradesh,north,29.37,78.13,72,orographic,1.0,0.0,10.7,296.0,2315.4,980.6,17.4,7.9,27.1,261,9,3,0,29.37,78.13
2026-09-15,2026-09-16,674,Bulandshahr,Uttar Pradesh,north,28.4,77.85,24,orographic,1.0,2.8,9.5,175.0,2244.6,985.2,15.6,7.4,27.6,259,9,3,0,28.4,77.85
2026-09-15,2026-09-17,674,Bulandshahr,Uttar Pradesh,north,28.4,77.85,48,orographic,1.0,0.0,9.7,322.0,1699.2,983.4,20.0,8.8,27.2,260,9,3,0,28.4,77.85
2026-09-15,2026-09-18,674,Bulandshahr,Uttar Pradesh,north,28.4,77.85,72,orographic,1.0,0.0,8.4,287.0,2297.1,984.3,17.8,7.7,28.2,261,9,3,0,28.4,77.85
2026-09-15,2026-09-16,675,Chandauli,Uttar Pradesh,north,25.18,83.2,24,orographic,1.0,12.1,14.4,244.0,2205.0,999.8,17.3,5.8,27.3,259,9,3,0,25.18,83.2
2026-09-15,2026-09-17,675,Chandauli,Uttar Pradesh,north,25.18,83.2,48,orographic,1.0,3.8,11.9,253.0,2367.5,997.6,17.7,6.4,27.7,260,9,3,0,25.18,83.2
2026-09-15,2026-09-18,675,Chandauli,Uttar Pradesh,north,25.18,83.2,72,orographic,1.0,3.5,11.6,257.0,2647.1,998.4,18.3,6.2,28.1,261,9,3,0,25.18,83.2
2026-09-15,2026-09-16,678,Etah,Uttar Pradesh,north,27.55,78.65,24,orographic,0.6667,1.6,7.7,245.0,2665.0,988.9,16.8,6.2,27.7,259,9,3,0,27.55,78.65
2026-09-15,2026-09-17,678,Etah,Uttar Pradesh,north,27.55,78.65,48,orographic,1.0,0.0,9.7,290.0,2419.2,987.1,20.1,7.8,28.1,260,9,3,0,27.55,78.65
2026-09-15,2026-09-18,678,Etah,Uttar Pradesh,north,27.55,78.65,72,orographic,1.0,1.5,12.0,243.0,2628.8,988.2,17.6,7.1,28.2,261,9,3,0,27.55,78.65
2026-09-15,2026-09-16,676,Chitrakoot,Uttar Pradesh,north,25.2,80.9,24,orographic,1.0,8.2,15.7,256.0,1933.3,992.9,18.1,6.7,27.6,259,9,3,0,25.2,80.9
2026-09-15,2026-09-17,676,Chitrakoot,Uttar Pradesh,north,25.2,80.9,48,orographic,1.0,7.6,14.2,251.0,2339.2,991.0,19.1,7.2,28.0,260,9,3,0,25.2,80.9
2026-09-15,2026-09-18,676,Chitrakoot,Uttar Pradesh,north,25.2,80.9,72,orographic,1.0,5.1,11.8,263.0,2203.3,991.9,19.2,7.2,28.2,261,9,3,0,25.2,80.9
2026-09-15,2026-09-16,679,Etawah,Uttar Pradesh,north,26.78,79.02,24,orographic,1.0,5.2,12.4,248.0,2199.6,991.4,16.1,6.8,27.6,259,9,3,0,26.78,79.02
2026-09-15,2026-09-17,679,Etawah,Uttar Pradesh,north,26.78,79.02,48,orographic,1.0,0.8,10.7,272.0,2665.4,989.5,18.5,7.0,28.8,260,9,3,0,26.78,79.02
2026-09-15,2026-09-18,679,Etawah,Uttar Pradesh,north,26.78,79.02,72,orographic,1.0,4.1,8.2,257.0,2165.8,990.7,18.4,7.6,28.4,261,9,3,0,26.78,79.02
2026-09-15,2026-09-16,677,Deoria,Uttar Pradesh,north,26.5,83.78,24,coastal,1.0,4.8,11.3,251.0,2514.6,999.3,12.6,4.8,27.7,259,9,3,0,26.5,83.78
2026-09-15,2026-09-17,677,Deoria,Uttar Pradesh,north,26.5,83.78,48,orographic,1.0,3.1,9.4,271.0,2269.6,997.2,18.0,6.9,27.9,260,9,3,0,26.5,83.78
2026-09-15,2026-09-18,677,Deoria,Uttar Pradesh,north,26.5,83.78,72,orographic,0.6667,2.2,5.9,173.0,3082.9,998.1,17.8,6.0,28.0,261,9,3,0,26.5,83.78
2026-09-15,2026-09-16,680,Farrukhabad,Uttar Pradesh,north,27.38,79.58,24,orographic,1.0,1.1,8.1,239.0,2385.8,990.9,15.2,6.3,28.0,259,9,3,0,27.38,79.58
2026-09-15,2026-09-17,680,Farrukhabad,Uttar Pradesh,north,27.38,79.58,48,orographic,1.0,0.4,13.6,284.0,2432.5,989.0,19.0,7.6,28.6,260,9,3,0,27.38,79.58
2026-09-15,2026-09-18,680,Farrukhabad,Uttar Pradesh,north,27.38,79.58,72,orographic,1.0,0.1,12.7,258.0,2452.5,990.1,18.5,7.6,28.7,261,9,3,0,27.38,79.58
2026-09-15,2026-09-16,683,Gautam Buddh Nagar,Uttar Pradesh,north,28.37,77.32,24,orographic,0.6667,2.7,7.9,148.0,2517.5,985.3,17.7,8.0,28.5,259,9,3,0,28.37,77.32
2026-09-15,2026-09-17,683,Gautam Buddh Nagar,Uttar Pradesh,north,28.37,77.32,48,orographic,0.6667,0.0,7.4,311.0,1766.3,983.7,20.2,9.8,28.2,260,9,3,0,28.37,77.32
2026-09-15,2026-09-18,683,Gautam Buddh Nagar,Uttar Pradesh,north,28.37,77.32,72,orographic,0.6667,0.0,7.8,274.0,2187.9,984.5,18.0,8.4,29.2,261,9,3,0,28.37,77.32
2026-09-15,2026-09-16,688,Hamirpur,Uttar Pradesh,north,25.95,80.15,24,orographic,1.0,2.2,15.6,256.0,1763.8,995.3,18.3,6.5,28.4,259,9,3,0,25.95,80.15
2026-09-15,2026-09-17,688,Hamirpur,Uttar Pradesh,north,25.95,80.15,48,orographic,1.0,2.2,12.9,255.0,2651.3,993.4,18.7,7.7,28.9,260,9,3,0,25.95,80.15
2026-09-15,2026-09-18,688,Hamirpur,Uttar Pradesh,north,25.95,80.15,72,orographic,1.0,7.1,12.9,266.0,2219.2,994.5,19.9,7.9,28.4,261,9,3,0,25.95,80.15
2026-09-15,2026-09-16,682,Firozabad,Uttar Pradesh,north,27.15,78.4,24,orographic,1.0,1.0,15.2,230.0,2447.5,989.0,18.4,7.0,28.1,259,9,3,0,27.15,78.4
2026-09-15,2026-09-17,682,Firozabad,Uttar Pradesh,north,27.15,78.4,48,orographic,1.0,1.6,12.0,266.0,2652.9,987.3,19.5,7.8,28.7,260,9,3,0,27.15,78.4
2026-09-15,2026-09-18,682,Firozabad,Uttar Pradesh,north,27.15,78.4,72,coastal,1.0,3.7,21.0,236.0,2378.8,988.4,17.3,7.2,28.7,261,9,3,0,27.15,78.4
2026-09-15,2026-09-16,686,Gonda,Uttar Pradesh,north,27.13,81.93,24,orographic,1.0,7.1,9.6,219.0,1990.0,995.8,15.2,6.0,27.4,259,9,3,0,27.13,81.93
2026-09-15,2026-09-17,686,Gonda,Uttar Pradesh,north,27.13,81.93,48,orographic,1.0,2.6,9.6,257.0,2720.4,993.6,17.6,6.2,28.1,260,9,3,0,27.13,81.93
2026-09-15,2026-09-18,686,Gonda,Uttar Pradesh,north,27.13,81.93,72,orographic,0.6667,0.4,7.7,281.0,2415.4,994.6,19.5,7.1,28.4,261,9,3,0,27.13,81.93
2026-09-15,2026-09-16,684,Ghaziabad,Uttar Pradesh,north,28.67,77.42,24,coastal,1.0,4.5,26.2,78.0,2343.8,984.3,17.0,9.4,28.6,259,9,3,0,28.67,77.42
2026-09-15,2026-09-17,684,Ghaziabad,Uttar Pradesh,north,28.67,77.42,48,orographic,1.0,0.1,8.6,342.0,1635.8,982.6,20.0,9.7,27.6,260,9,3,0,28.67,77.42
2026-09-15,2026-09-18,684,Ghaziabad,Uttar Pradesh,north,28.67,77.42,72,orographic,0.6667,0.0,8.0,324.0,2241.3,983.4,16.1,8.5,29.0,261,9,3,0,28.67,77.42
2026-09-15,2026-09-16,687,Gorakhpur,Uttar Pradesh,north,26.76,83.37,24,orographic,0.6667,2.9,9.5,269.0,2126.7,998.9,14.1,5.2,27.6,259,9,3,0,26.76,83.37
2026-09-15,2026-09-17,687,Gorakhpur,Uttar Pradesh,north,26.76,83.37,48,orographic,1.0,1.6,9.9,261.0,2334.6,996.7,17.1,6.6,27.9,260,9,3,0,26.76,83.37
2026-09-15,2026-09-18,687,Gorakhpur,Uttar Pradesh,north,26.76,83.37,72,orographic,1.0,2.9,8.2,254.0,2660.4,997.5,18.1,6.4,29.0,261,9,3,0,26.76,83.37
2026-09-15,2026-09-16,685,Ghazipur,Uttar Pradesh,north,25.58,83.57,24,coastal,1.0,7.2,10.1,239.0,2451.7,1000.0,14.6,5.2,27.7,259,9,3,0,25.58,83.57
2026-09-15,2026-09-17,685,Ghazipur,Uttar Pradesh,north,25.58,83.57,48,orographic,1.0,2.8,12.1,253.0,2759.2,997.9,16.8,5.9,28.1,260,9,3,0,25.58,83.57
2026-09-15,2026-09-18,685,Ghazipur,Uttar Pradesh,north,25.58,83.57,72,orographic,1.0,2.4,9.9,262.0,2640.8,998.7,18.3,7.0,28.7,261,9,3,0,25.58,83.57
2026-09-15,2026-09-16,681,Fatehpur,Uttar Pradesh,north,25.93,80.82,24,orographic,1.0,4.7,11.2,251.0,2093.8,995.1,18.4,6.2,27.9,259,9,3,0,25.93,80.82
2026-09-15,2026-09-17,681,Fatehpur,Uttar Pradesh,north,25.93,80.82,48,orographic,1.0,2.5,12.1,254.0,2752.1,993.1,17.9,6.4,28.4,260,9,3,0,25.93,80.82
2026-09-15,2026-09-18,681,Fatehpur,Uttar Pradesh,north,25.93,80.82,72,orographic,1.0,4.4,11.6,261.0,2413.3,994.1,19.1,7.2,28.5,261,9,3,0,25.93,80.82
2026-09-15,2026-09-16,693,Jaunpur,Uttar Pradesh,north,25.75,82.68,24,orographic,1.0,14.5,12.5,235.0,2111.3,1000.7,15.5,6.2,27.4,259,9,3,0,25.75,82.68
2026-09-15,2026-09-17,693,Jaunpur,Uttar Pradesh,north,25.75,82.68,48,orographic,1.0,2.2,10.9,256.0,2672.9,998.5,15.3,5.7,28.1,260,9,3,0,25.75,82.68
2026-09-15,2026-09-18,693,Jaunpur,Uttar Pradesh,north,25.75,82.68,72,orographic,1.0,2.6,10.7,255.0,2615.8,999.3,18.4,6.8,28.7,261,9,3,0,25.75,82.68
2026-09-15,2026-09-16,691,Hathras,Uttar Pradesh,north,27.58,78.05,24,orographic,0.6667,1.6,7.1,230.0,2554.2,987.7,16.8,6.9,27.9,259,9,3,0,27.58,78.05
2026-09-15,2026-09-17,691,Hathras,Uttar Pradesh,north,27.58,78.05,48,orographic,1.0,0.0,11.3,290.0,2275.4,986.0,20.2,8.2,28.0,260,9,3,0,27.58,78.05
2026-09-15,2026-09-18,691,Hathras,Uttar Pradesh,north,27.58,78.05,72,orographic,1.0,2.5,8.6,234.0,2767.1,987.0,16.6,6.9,28.1,261,9,3,0,27.58,78.05
2026-09-15,2026-09-16,694,Jhansi,Uttar Pradesh,north,25.45,78.57,24,orographic,1.0,13.9,10.5,250.0,2171.3,979.8,16.6,6.3,27.5,259,9,3,0,25.45,78.57
2026-09-15,2026-09-17,694,Jhansi,Uttar Pradesh,north,25.45,78.57,48,orographic,1.0,13.2,11.7,250.0,2194.6,978.1,16.7,7.3,27.8,260,9,3,0,25.45,78.57
2026-09-15,2026-09-18,694,Jhansi,Uttar Pradesh,north,25.45,78.57,72,orographic,1.0,7.8,11.4,258.0,1671.7,979.1,19.9,7.3,27.5,261,9,3,0,25.45,78.57
2026-09-15,2026-09-16,692,Jalaun,Uttar Pradesh,north,26.15,79.35,24,orographic,1.0,6.7,15.3,258.0,1925.0,992.5,16.2,7.0,27.9,259,9,3,0,26.15,79.35
2026-09-15,2026-09-17,692,Jalaun,Uttar Pradesh,north,26.15,79.35,48,orographic,1.0,1.5,17.3,257.0,2490.8,990.6,18.8,7.5,29.1,260,9,3,0,26.15,79.35
2026-09-15,2026-09-18,692,Jalaun,Uttar Pradesh,north,26.15,79.35,72,orographic,1.0,8.5,15.7,260.0,2024.2,991.7,19.2,8.7,28.5,261,9,3,0,26.15,79.35
2026-09-15,2026-09-16,689,Hapur,Uttar Pradesh,north,28.73,77.78,24,coastal,1.0,2.2,22.2,148.0,2314.2,983.5,16.6,7.8,27.4,259,9,3,0,28.73,77.78
2026-09-15,2026-09-17,689,Hapur,Uttar Pradesh,north,28.73,77.78,48,orographic,1.0,0.0,9.4,318.0,1552.5,981.7,19.8,9.2,26.8,260,9,3,0,28.73,77.78
2026-09-15,2026-09-18,689,Hapur,Uttar Pradesh,north,28.73,77.78,72,orographic,1.0,0.0,8.5,290.0,2275.0,982.5,15.8,7.4,27.6,261,9,3,0,28.73,77.78
2026-09-15,2026-09-16,690,Hardoi,Uttar Pradesh,north,27.42,80.12,24,orographic,1.0,2.8,11.6,233.0,2340.8,991.9,16.8,6.5,27.1,259,9,3,0,27.42,80.12
2026-09-15,2026-09-17,690,Hardoi,Uttar Pradesh,north,27.42,80.12,48,orographic,1.0,2.2,9.7,283.0,2505.4,989.9,18.6,6.9,28.2,260,9,3,0,27.42,80.12
2026-09-15,2026-09-18,690,Hardoi,Uttar Pradesh,north,27.42,80.12,72,orographic,1.0,0.9,10.1,267.0,2587.1,991.0,18.6,6.9,28.2,261,9,3,0,27.42,80.12
2026-09-15,2026-09-16,695,Kannauj,Uttar Pradesh,north,27.05,79.92,24,orographic,1.0,6.7,10.4,237.0,1880.4,992.6,16.7,6.9,27.6,259,9,3,0,27.05,79.92
2026-09-15,2026-09-17,695,Kannauj,Uttar Pradesh,north,27.05,79.92,48,orographic,1.0,0.4,9.6,272.0,2467.5,990.5,18.8,7.7,28.9,260,9,3,0,27.05,79.92
2026-09-15,2026-09-18,695,Kannauj,Uttar Pradesh,north,27.05,79.92,72,orographic,1.0,0.0,13.2,264.0,2300.0,991.7,19.9,7.5,28.8,261,9,3,0,27.05,79.92
2026-09-15,2026-09-16,696,Kanpur Dehat,Uttar Pradesh,north,26.4,79.95,24,orographic,1.0,6.3,13.9,254.0,1952.1,993.5,16.4,6.4,27.8,259,9,3,0,26.4,79.95
2026-09-15,2026-09-17,696,Kanpur Dehat,Uttar Pradesh,north,26.4,79.95,48,orographic,1.0,1.7,12.6,255.0,2760.0,991.6,19.6,6.7,28.6,260,9,3,0,26.4,79.95
2026-09-15,2026-09-18,696,Kanpur Dehat,Uttar Pradesh,north,26.4,79.95,72,orographic,1.0,2.0,17.3,259.0,2134.2,992.7,19.2,7.6,28.5,261,9,3,0,26.4,79.95
2026-09-15,2026-09-16,697,Kanpur Nagar,Uttar Pradesh,north,26.45,80.35,24,orographic,1.0,6.6,10.3,253.0,2066.7,993.7,17.1,6.9,27.6,259,9,3,0,26.45,80.35
2026-09-15,2026-09-17,697,Kanpur Nagar,Uttar Pradesh,north,26.45,80.35,48,orographic,1.0,1.2,10.3,252.0,3026.7,991.7,17.3,6.8,28.8,260,9,3,0,26.45,80.35
2026-09-15,2026-09-18,697,Kanpur Nagar,Uttar Pradesh,north,26.45,80.35,72,orographic,1.0,0.4,12.4,264.0,2304.6,992.8,19.3,7.2,28.9,261,9,3,0,26.45,80.35
2026-09-15,2026-09-16,703,Maharajganj,Uttar Pradesh,north,27.35,83.35,24,coastal,1.0,5.4,13.7,260.0,2090.0,998.0,14.6,4.9,26.6,259,9,3,0,27.35,83.35
2026-09-15,2026-09-17,703,Maharajganj,Uttar Pradesh,north,27.35,83.35,48,orographic,1.0,1.8,9.6,233.0,2100.0,995.7,16.4,6.1,26.9,260,9,3,0,27.35,83.35
2026-09-15,2026-09-18,703,Maharajganj,Uttar Pradesh,north,27.35,83.35,72,orographic,0.6667,2.3,7.3,112.0,2661.3,996.7,17.0,5.8,27.5,261,9,3,0,27.35,83.35
2026-09-15,2026-09-16,700,Kushinagar,Uttar Pradesh,north,26.7,83.88,24,orographic,0.6667,8.1,8.5,269.0,2432.1,999.4,14.9,6.0,27.0,259,9,3,0,26.7,83.88
2026-09-15,2026-09-17,700,Kushinagar,Uttar Pradesh,north,26.7,83.88,48,orographic,1.0,0.8,9.3,262.0,2289.6,997.2,17.3,6.8,27.6,260,9,3,0,26.7,83.88
2026-09-15,2026-09-18,700,Kushinagar,Uttar Pradesh,north,26.7,83.88,72,orographic,1.0,1.3,12.1,182.0,3122.1,998.2,17.0,6.3,28.0,261,9,3,0,26.7,83.88
2026-09-15,2026-09-16,698,Kasganj,Uttar Pradesh,north,27.8,78.63,24,orographic,1.0,0.7,8.1,243.0,2492.5,988.6,17.0,6.5,27.6,259,9,3,0,27.8,78.63
2026-09-15,2026-09-17,698,Kasganj,Uttar Pradesh,north,27.8,78.63,48,orographic,1.0,0.2,10.3,292.0,2277.1,986.8,20.5,8.3,27.5,260,9,3,0,27.8,78.63
2026-09-15,2026-09-18,698,Kasganj,Uttar Pradesh,north,27.8,78.63,72,orographic,1.0,0.4,10.4,248.0,2782.5,987.7,17.5,7.6,28.2,261,9,3,0,27.8,78.63
2026-09-15,2026-09-16,702,Lucknow,Uttar Pradesh,north,26.85,80.95,24,orographic,1.0,7.8,8.3,237.0,1830.4,994.9,16.0,6.8,27.3,259,9,3,0,26.85,80.95
2026-09-15,2026-09-17,702,Lucknow,Uttar Pradesh,north,26.85,80.95,48,orographic,1.0,3.3,9.4,251.0,2875.4,992.8,17.8,6.1,28.1,260,9,3,0,26.85,80.95
2026-09-15,2026-09-18,702,Lucknow,Uttar Pradesh,north,26.85,80.95,72,orographic,1.0,0.3,9.0,270.0,2673.3,993.8,19.4,7.3,28.9,261,9,3,0,26.85,80.95
2026-09-15,2026-09-16,701,Lalitpur,Uttar Pradesh,north,24.68,78.4,24,coastal,1.0,7.8,12.5,248.0,1827.1,968.7,13.9,5.9,27.4,259,9,3,0,24.68,78.4
2026-09-15,2026-09-17,701,Lalitpur,Uttar Pradesh,north,24.68,78.4,48,orographic,1.0,5.8,15.2,264.0,2240.4,967.2,17.7,5.9,27.4,260,9,3,0,24.68,78.4
2026-09-15,2026-09-18,701,Lalitpur,Uttar Pradesh,north,24.68,78.4,72,orographic,1.0,5.7,15.2,268.0,1806.7,967.9,18.7,7.1,27.2,261,9,3,0,24.68,78.4
2026-09-15,2026-09-16,699,Kaushambi,Uttar Pradesh,north,25.5,81.1,24,orographic,1.0,9.8,16.4,250.0,1945.8,997.3,17.6,7.4,28.1,259,9,3,0,25.5,81.1
2026-09-15,2026-09-17,699,Kaushambi,Uttar Pradesh,north,25.5,81.1,48,orographic,1.0,2.0,13.8,250.0,2571.3,995.4,18.2,6.9,28.4,260,9,3,0,25.5,81.1
2026-09-15,2026-09-18,699,Kaushambi,Uttar Pradesh,north,25.5,81.1,72,orographic,1.0,2.1,14.9,265.0,2227.1,996.3,18.9,7.6,28.9,261,9,3,0,25.5,81.1
2026-09-15,2026-09-16,704,Mahoba,Uttar Pradesh,north,25.3,79.88,24,orographic,1.0,8.9,14.8,259.0,2162.5,986.8,17.1,6.8,27.8,259,9,3,0,25.3,79.88
2026-09-15,2026-09-17,704,Mahoba,Uttar Pradesh,north,25.3,79.88,48,coastal,1.0,2.2,21.1,256.0,2116.7,985.0,18.1,6.7,28.5,260,9,3,0,25.3,79.88
2026-09-15,2026-09-18,704,Mahoba,Uttar Pradesh,north,25.3,79.88,72,orographic,1.0,3.1,13.5,275.0,1989.6,985.9,19.7,6.9,28.1,261,9,3,0,25.3,79.88
2026-09-15,2026-09-16,705,Mainpuri,Uttar Pradesh,north,27.23,79.02,24,orographic,1.0,1.9,11.1,231.0,2290.0,990.6,16.1,5.9,27.6,259,9,3,0,27.23,79.02
2026-09-15,2026-09-17,705,Mainpuri,Uttar Pradesh,north,27.23,79.02,48,orographic,1.0,0.0,10.0,278.0,2520.0,988.8,18.8,7.3,28.6,260,9,3,0,27.23,79.02
2026-09-15,2026-09-18,705,Mainpuri,Uttar Pradesh,north,27.23,79.02,72,orographic,1.0,2.4,12.0,248.0,2319.2,989.9,18.0,7.5,28.5,261,9,3,0,27.23,79.02
2026-09-15,2026-09-16,708,Meerut,Uttar Pradesh,north,28.98,77.7,24,coastal,1.0,3.5,23.3,171.0,2151.7,982.7,15.9,8.4,27.0,259,9,3,0,28.98,77.7
2026-09-15,2026-09-17,708,Meerut,Uttar Pradesh,north,28.98,77.7,48,orographic,1.0,0.0,9.2,306.0,1492.9,980.9,19.0,8.4,26.7,260,9,3,0,28.98,77.7
2026-09-15,2026-09-18,708,Meerut,Uttar Pradesh,north,28.98,77.7,72,orographic,1.0,0.0,8.7,289.0,2263.8,981.7,16.6,7.7,27.9,261,9,3,0,28.98,77.7
2026-09-15,2026-09-16,706,Mathura,Uttar Pradesh,north,27.49,77.67,24,orographic,1.0,2.0,10.9,219.0,2422.5,987.8,17.9,7.2,28.3,259,9,3,0,27.49,77.67
2026-09-15,2026-09-17,706,Mathura,Uttar Pradesh,north,27.49,77.67,48,orographic,1.0,0.0,11.4,262.0,2523.8,986.2,19.6,8.3,28.5,260,9,3,0,27.49,77.67
2026-09-15,2026-09-18,706,Mathura,Uttar Pradesh,north,27.49,77.67,72,orographic,0.6667,4.0,8.0,227.0,2722.5,987.2,16.8,6.4,28.2,261,9,3,0,27.49,77.67
2026-09-15,2026-09-16,709,Mirzapur,Uttar Pradesh,north,25.15,82.58,24,orographic,1.0,9.6,13.5,252.0,2099.2,998.9,16.1,6.5,27.6,259,9,3,0,25.15,82.58
2026-09-15,2026-09-17,709,Mirzapur,Uttar Pradesh,north,25.15,82.58,48,orographic,1.0,6.0,13.2,257.0,2203.8,996.8,17.7,7.1,28.2,260,9,3,0,25.15,82.58
2026-09-15,2026-09-18,709,Mirzapur,Uttar Pradesh,north,25.15,82.58,72,orographic,1.0,4.4,12.5,265.0,2418.3,997.7,18.9,6.9,28.1,261,9,3,0,25.15,82.58
2026-09-15,2026-09-16,707,Mau,Uttar Pradesh,north,25.88,83.55,24,orographic,0.6667,9.6,11.5,235.0,2128.3,1000.6,14.3,5.3,27.4,259,9,3,0,25.88,83.55
2026-09-15,2026-09-17,707,Mau,Uttar Pradesh,north,25.88,83.55,48,orographic,1.0,3.1,9.7,244.0,2760.0,998.4,16.5,6.2,27.6,260,9,3,0,25.88,83.55
2026-09-15,2026-09-18,707,Mau,Uttar Pradesh,north,25.88,83.55,72,orographic,1.0,4.0,9.1,265.0,2670.0,999.2,18.9,7.0,28.7,261,9,3,0,25.88,83.55
2026-09-15,2026-09-16,711,Muzaffarnagar,Uttar Pradesh,north,29.47,77.7,24,orographic,1.0,9.3,19.6,165.0,1979.6,980.3,15.8,7.4,26.9,259,9,3,0,29.47,77.7
2026-09-15,2026-09-17,711,Muzaffarnagar,Uttar Pradesh,north,29.47,77.7,48,orographic,1.0,0.0,12.2,293.0,1311.3,978.5,17.0,8.3,26.5,260,9,3,0,29.47,77.7
2026-09-15,2026-09-18,711,Muzaffarnagar,Uttar Pradesh,north,29.47,77.7,72,orographic,1.0,0.0,9.8,290.0,2304.2,979.1,18.6,8.4,27.1,261,9,3,0,29.47,77.7
2026-09-15,2026-09-16,710,Moradabad,Uttar Pradesh,north,28.83,78.77,24,coastal,1.0,2.7,13.3,293.0,2292.9,985.7,11.1,6.3,26.6,259,9,3,0,28.83,78.77
2026-09-15,2026-09-17,710,Moradabad,Uttar Pradesh,north,28.83,78.77,48,orographic,1.0,0.0,11.6,297.0,1464.2,983.8,18.5,7.9,26.6,260,9,3,0,28.83,78.77
2026-09-15,2026-09-18,710,Moradabad,Uttar Pradesh,north,28.83,78.77,72,orographic,1.0,0.0,10.3,286.0,2231.7,984.6,16.4,7.3,27.4,261,9,3,0,28.83,78.77
2026-09-15,2026-09-16,712,Pilibhit,Uttar Pradesh,north,28.63,79.8,24,coastal,1.0,1.3,10.1,230.0,2287.5,986.7,14.1,5.5,26.9,259,9,3,0,28.63,79.8
2026-09-15,2026-09-17,712,Pilibhit,Uttar Pradesh,north,28.63,79.8,48,orographic,1.0,0.0,13.0,279.0,1900.0,984.7,17.0,6.8,27.2,260,9,3,0,28.63,79.8
2026-09-15,2026-09-18,712,Pilibhit,Uttar Pradesh,north,28.63,79.8,72,orographic,1.0,0.4,11.7,283.0,2172.5,985.6,18.9,7.3,27.1,261,9,3,0,28.63,79.8
2026-09-15,2026-09-16,716,Rampur,Uttar Pradesh,north,28.78,79.02,24,coastal,1.0,0.9,14.0,300.0,2345.4,986.7,12.7,6.3,27.0,259,9,3,0,28.78,79.02
2026-09-15,2026-09-17,716,Rampur,Uttar Pradesh,north,28.78,79.02,48,orographic,1.0,0.0,11.4,295.0,1487.1,984.8,18.0,7.7,26.6,260,9,3,0,28.78,79.02
2026-09-15,2026-09-18,716,Rampur,Uttar Pradesh,north,28.78,79.02,72,orographic,1.0,0.0,9.8,285.0,2190.4,985.6,17.1,7.2,27.2,261,9,3,0,28.78,79.02
2026-09-15,2026-09-16,714,Prayagraj,Uttar Pradesh,north,25.43,81.85,24,orographic,1.0,10.1,10.4,255.0,2132.5,998.1,18.1,6.4,27.8,259,9,3,0,25.43,81.85
2026-09-15,2026-09-17,714,Prayagraj,Uttar Pradesh,north,25.43,81.85,48,orographic,1.0,2.9,12.6,252.0,2586.7,996.1,17.6,6.5,28.2,260,9,3,0,25.43,81.85
2026-09-15,2026-09-18,714,Prayagraj,Uttar Pradesh,north,25.43,81.85,72,orographic,1.0,1.0,11.2,263.0,2428.8,996.9,16.9,7.6,28.5,261,9,3,0,25.43,81.85
2026-09-15,2026-09-16,713,Pratapgarh,Uttar Pradesh,north,25.9,81.98,24,orographic,0.6667,6.4,10.0,238.0,2318.3,997.7,13.3,5.5,27.6,259,9,3,0,25.9,81.98
2026-09-15,2026-09-17,713,Pratapgarh,Uttar Pradesh,north,25.9,81.98,48,orographic,1.0,3.0,11.0,248.0,2778.3,995.5,16.6,5.9,28.1,260,9,3,0,25.9,81.98
2026-09-15,2026-09-18,713,Pratapgarh,Uttar Pradesh,north,25.9,81.98,72,orographic,1.0,1.0,10.7,265.0,2680.0,996.4,19.5,7.1,28.8,261,9,3,0,25.9,81.98
2026-09-15,2026-09-16,717,Saharanpur,Uttar Pradesh,north,29.97,77.55,24,coastal,1.0,5.8,15.0,131.0,1943.3,976.9,13.3,7.2,26.0,259,9,3,0,29.97,77.55
2026-09-15,2026-09-17,717,Saharanpur,Uttar Pradesh,north,29.97,77.55,48,orographic,0.6667,0.0,11.9,289.0,1300.4,975.0,14.4,7.5,25.9,260,9,3,0,29.97,77.55
2026-09-15,2026-09-18,717,Saharanpur,Uttar Pradesh,north,29.97,77.55,72,orographic,1.0,0.1,9.9,289.0,2153.8,975.7,17.6,8.9,26.6,261,9,3,0,29.97,77.55
2026-09-15,2026-09-16,719,Sant Kabir Nagar,Uttar Pradesh,north,26.78,83.03,24,orographic,0.6667,5.4,12.3,249.0,2059.2,999.0,13.1,5.8,26.8,259,9,3,0,26.78,83.03
2026-09-15,2026-09-17,719,Sant Kabir Nagar,Uttar Pradesh,north,26.78,83.03,48,orographic,1.0,2.7,9.2,274.0,2537.5,996.8,16.2,6.3,27.5,260,9,3,0,26.78,83.03
2026-09-15,2026-09-18,719,Sant Kabir Nagar,Uttar Pradesh,north,26.78,83.03,72,orographic,1.0,0.8,8.2,270.0,2855.4,997.6,19.4,6.6,28.8,261,9,3,0,26.78,83.03
2026-09-15,2026-09-16,718,Sambhal,Uttar Pradesh,north,28.58,78.57,24,orographic,1.0,2.4,17.1,243.0,2151.3,984.9,15.2,7.0,27.1,259,9,3,0,28.58,78.57
2026-09-15,2026-09-17,718,Sambhal,Uttar Pradesh,north,28.58,78.57,48,orographic,1.0,0.0,10.5,307.0,1599.6,983.0,19.4,8.4,26.6,260,9,3,0,28.58,78.57
2026-09-15,2026-09-18,718,Sambhal,Uttar Pradesh,north,28.58,78.57,72,orographic,1.0,0.0,9.4,281.0,2274.6,983.8,17.2,7.7,27.4,261,9,3,0,28.58,78.57
2026-09-15,2026-09-16,715,Rae Bareli,Uttar Pradesh,north,26.23,81.23,24,orographic,1.0,11.0,9.7,253.0,2047.5,995.2,16.4,5.5,27.6,259,9,3,0,26.23,81.23
2026-09-15,2026-09-17,715,Rae Bareli,Uttar Pradesh,north,26.23,81.23,48,orographic,1.0,1.2,10.5,256.0,3013.3,993.1,17.8,6.3,28.1,260,9,3,0,26.23,81.23
2026-09-15,2026-09-18,715,Rae Bareli,Uttar Pradesh,north,26.23,81.23,72,orographic,1.0,1.2,12.4,266.0,2630.0,994.1,18.8,6.9,28.6,261,9,3,0,26.23,81.23
2026-09-15,2026-09-16,720,Shahjahanpur,Uttar Pradesh,north,27.88,79.92,24,orographic,0.6667,1.3,7.1,222.0,2418.8,991.4,16.1,6.3,27.2,259,9,3,0,27.88,79.92
2026-09-15,2026-09-17,720,Shahjahanpur,Uttar Pradesh,north,27.88,79.92,48,orographic,1.0,1.1,10.3,290.0,2284.2,989.4,18.5,6.9,27.9,260,9,3,0,27.88,79.92
2026-09-15,2026-09-18,720,Shahjahanpur,Uttar Pradesh,north,27.88,79.92,72,orographic,1.0,0.1,9.6,277.0,2441.7,990.4,19.1,7.6,28.0,261,9,3,0,27.88,79.92
2026-09-15,2026-09-16,723,Siddharthnagar,Uttar Pradesh,north,27.18,82.83,24,orographic,1.0,6.3,9.1,259.0,1921.7,998.2,16.4,5.9,26.9,259,9,3,0,27.18,82.83
2026-09-15,2026-09-17,723,Siddharthnagar,Uttar Pradesh,north,27.18,82.83,48,orographic,1.0,4.4,8.7,232.0,2327.5,995.9,16.3,6.4,27.4,260,9,3,0,27.18,82.83
2026-09-15,2026-09-18,723,Siddharthnagar,Uttar Pradesh,north,27.18,82.83,72,orographic,0.6667,1.5,7.5,275.0,2757.1,996.8,18.7,6.9,28.2,261,9,3,0,27.18,82.83
2026-09-15,2026-09-16,726,Sultanpur,Uttar Pradesh,north,26.27,82.07,24,orographic,0.6667,11.3,9.1,242.0,1960.8,997.9,12.7,5.7,27.2,259,9,3,0,26.27,82.07
2026-09-15,2026-09-17,726,Sultanpur,Uttar Pradesh,north,26.27,82.07,48,orographic,1.0,1.1,9.9,257.0,2852.9,995.7,16.6,6.3,28.0,260,9,3,0,26.27,82.07
2026-09-15,2026-09-18,726,Sultanpur,Uttar Pradesh,north,26.27,82.07,72,orographic,1.0,0.6,8.8,264.0,2822.1,996.6,19.8,6.8,28.7,261,9,3,0,26.27,82.07
2026-09-15,2026-09-16,725,Sonbhadra,Uttar Pradesh,north,24.68,83.18,24,orographic,1.0,14.7,14.0,249.0,1963.8,973.7,15.5,6.3,26.2,259,9,3,0,24.68,83.18
2026-09-15,2026-09-17,725,Sonbhadra,Uttar Pradesh,north,24.68,83.18,48,orographic,1.0,5.3,11.4,256.0,2273.8,971.8,16.9,6.0,26.5,260,9,3,0,24.68,83.18
2026-09-15,2026-09-18,725,Sonbhadra,Uttar Pradesh,north,24.68,83.18,72,orographic,1.0,1.7,9.6,264.0,2912.5,972.6,15.8,5.3,27.0,261,9,3,0,24.68,83.18
2026-09-15,2026-09-16,722,Shravasti,Uttar Pradesh,north,27.52,82.05,24,orographic,0.6667,3.2,7.4,210.0,2085.8,995.7,16.9,5.5,27.1,259,9,3,0,27.52,82.05
2026-09-15,2026-09-17,722,Shravasti,Uttar Pradesh,north,27.52,82.05,48,orographic,1.0,4.1,9.7,181.0,2424.2,993.4,18.0,7.0,27.5,260,9,3,0,27.52,82.05
2026-09-15,2026-09-18,722,Shravasti,Uttar Pradesh,north,27.52,82.05,72,orographic,1.0,0.3,8.8,283.0,2400.8,994.4,18.9,7.2,28.1,261,9,3,0,27.52,82.05
2026-09-15,2026-09-16,728,Varanasi,Uttar Pradesh,north,25.32,83.0,24,orographic,1.0,16.9,10.9,242.0,2235.0,999.1,15.8,5.8,27.8,259,9,3,0,25.32,83.0
2026-09-15,2026-09-17,728,Varanasi,Uttar Pradesh,north,25.32,83.0,48,orographic,1.0,6.1,12.6,256.0,2249.2,997.0,16.7,7.5,27.6,260,9,3,0,25.32,83.0
2026-09-15,2026-09-18,728,Varanasi,Uttar Pradesh,north,25.32,83.0,72,orographic,1.0,4.5,12.5,259.0,2482.5,997.9,18.2,7.4,28.2,261,9,3,0,25.32,83.0
2026-09-15,2026-09-16,724,Sitapur,Uttar Pradesh,north,27.57,80.68,24,orographic,1.0,6.2,8.7,223.0,2132.1,992.3,15.3,6.3,27.0,259,9,3,0,27.57,80.68
2026-09-15,2026-09-17,724,Sitapur,Uttar Pradesh,north,27.57,80.68,48,orographic,1.0,2.3,10.7,283.0,2437.1,990.2,19.5,8.1,27.6,260,9,3,0,27.57,80.68
2026-09-15,2026-09-18,724,Sitapur,Uttar Pradesh,north,27.57,80.68,72,orographic,1.0,0.0,10.2,282.0,2475.4,991.2,19.4,7.3,28.0,261,9,3,0,27.57,80.68
2026-09-15,2026-09-16,727,Unnao,Uttar Pradesh,north,26.52,80.48,24,orographic,1.0,7.5,9.9,254.0,1995.8,994.1,16.9,7.1,27.4,259,9,3,0,26.52,80.48
2026-09-15,2026-09-17,727,Unnao,Uttar Pradesh,north,26.52,80.48,48,orographic,1.0,0.8,10.1,256.0,3040.4,992.1,18.0,6.5,28.8,260,9,3,0,26.52,80.48
2026-09-15,2026-09-18,727,Unnao,Uttar Pradesh,north,26.52,80.48,72,orographic,1.0,0.4,13.9,267.0,2347.1,993.2,19.4,7.0,29.0,261,9,3,0,26.52,80.48
2026-09-15,2026-09-16,721,Shamli,Uttar Pradesh,north,29.45,77.32,24,orographic,1.0,7.1,19.6,154.0,2226.7,980.6,16.2,8.5,27.4,259,9,3,0,29.45,77.32
2026-09-15,2026-09-17,721,Shamli,Uttar Pradesh,north,29.45,77.32,48,orographic,1.0,0.0,11.2,300.0,1436.3,979.0,18.3,8.2,26.3,260,9,3,0,29.45,77.32
2026-09-15,2026-09-18,721,Shamli,Uttar Pradesh,north,29.45,77.32,72,orographic,1.0,0.2,9.5,297.0,2303.3,979.6,18.7,8.8,27.5,261,9,3,0,29.45,77.32
2026-09-15,2026-09-16,731,Banda,Uttar Pradesh,north,25.48,80.33,24,orographic,1.0,7.8,15.6,259.0,2051.7,995.1,17.5,7.0,28.3,259,9,3,0,25.48,80.33
2026-09-15,2026-09-17,731,Banda,Uttar Pradesh,north,25.48,80.33,48,orographic,1.0,3.1,13.1,254.0,2325.8,993.2,18.5,6.7,28.6,260,9,3,0,25.48,80.33
2026-09-15,2026-09-18,731,Banda,Uttar Pradesh,north,25.48,80.33,72,orographic,1.0,4.9,10.1,266.0,2222.5,994.1,19.9,7.6,28.6,261,9,3,0,25.48,80.33
2026-09-15,2026-09-16,732,Orai,Uttar Pradesh,north,25.98,79.45,24,orographic,1.0,3.4,16.2,257.0,1742.5,992.3,16.9,7.2,28.2,259,9,3,0,25.98,79.45
2026-09-15,2026-09-17,732,Orai,Uttar Pradesh,north,25.98,79.45,48,orographic,1.0,1.8,16.1,259.0,2407.5,990.4,18.8,8.1,28.9,260,9,3,0,25.98,79.45
2026-09-15,2026-09-18,732,Orai,Uttar Pradesh,north,25.98,79.45,72,orographic,1.0,8.8,15.2,263.0,2023.8,991.5,18.9,8.3,28.6,261,9,3,0,25.98,79.45
2026-09-15,2026-09-16,729,Lakhimpur Kheri,Uttar Pradesh,north,27.95,80.7,24,orographic,0.6667,0.5,7.1,213.0,1948.3,991.3,15.8,6.6,27.1,259,9,3,0,27.95,80.7
2026-09-15,2026-09-17,729,Lakhimpur Kheri,Uttar Pradesh,north,27.95,80.7,48,orographic,1.0,1.1,12.5,271.0,2458.8,989.1,19.1,6.6,28.0,260,9,3,0,27.95,80.7
2026-09-15,2026-09-18,729,Lakhimpur Kheri,Uttar Pradesh,north,27.95,80.7,72,orographic,1.0,0.3,10.6,274.0,2339.2,990.2,19.1,7.3,27.8,261,9,3,0,27.95,80.7
2026-09-15,2026-09-16,734,Ghaziabad,Uttar Pradesh,north,28.67,77.42,24,coastal,1.0,4.5,26.2,78.0,2343.8,984.3,17.0,9.4,28.6,259,9,3,0,28.67,77.42
2026-09-15,2026-09-17,734,Ghaziabad,Uttar Pradesh,north,28.67,77.42,48,orographic,1.0,0.1,8.6,342.0,1635.8,982.6,20.0,9.7,27.6,260,9,3,0,28.67,77.42
2026-09-15,2026-09-18,734,Ghaziabad,Uttar Pradesh,north,28.67,77.42,72,orographic,0.6667,0.0,8.0,324.0,2241.3,983.4,16.1,8.5,29.0,261,9,3,0,28.67,77.42
2026-09-15,2026-09-16,730,Sitapur,Uttar Pradesh,north,27.57,80.68,24,orographic,1.0,6.2,8.7,223.0,2132.1,992.3,15.3,6.3,27.0,259,9,3,0,27.57,80.68
2026-09-15,2026-09-17,730,Sitapur,Uttar Pradesh,north,27.57,80.68,48,orographic,1.0,2.3,10.7,283.0,2437.1,990.2,19.5,8.1,27.6,260,9,3,0,27.57,80.68
2026-09-15,2026-09-18,730,Sitapur,Uttar Pradesh,north,27.57,80.68,72,orographic,1.0,0.0,10.2,282.0,2475.4,991.2,19.4,7.3,28.0,261,9,3,0,27.57,80.68
2026-09-15,2026-09-16,733,Noida,Uttar Pradesh,north,28.57,77.33,24,coastal,1.0,1.6,23.9,115.0,2237.9,984.9,17.3,9.3,29.6,259,9,3,0,28.57,77.33
2026-09-15,2026-09-17,733,Noida,Uttar Pradesh,north,28.57,77.33,48,orographic,0.6667,0.1,7.1,327.0,1460.0,983.3,20.1,9.9,28.6,260,9,3,0,28.57,77.33
2026-09-15,2026-09-18,733,Noida,Uttar Pradesh,north,28.57,77.33,72,orographic,0.6667,0.0,6.8,289.0,2116.7,984.1,16.6,7.8,30.1,261,9,3,0,28.57,77.33
2026-09-15,2026-09-16,735,Agra,Uttar Pradesh,north,27.18,78.02,24,orographic,1.0,1.5,11.3,225.0,2417.9,987.5,17.9,7.2,28.2,259,9,3,0,27.18,78.02
2026-09-15,2026-09-17,735,Agra,Uttar Pradesh,north,27.18,78.02,48,orographic,1.0,2.0,11.5,257.0,2573.3,985.8,19.3,8.0,28.7,260,9,3,0,27.18,78.02
2026-09-15,2026-09-18,735,Agra,Uttar Pradesh,north,27.18,78.02,72,orographic,1.0,5.1,15.6,233.0,2464.2,987.0,17.4,6.4,28.1,261,9,3,0,27.18,78.02
2026-09-15,2026-09-16,736,Aligarh,Uttar Pradesh,north,27.9,78.08,24,orographic,1.0,2.2,11.0,215.0,2455.4,986.7,18.6,6.9,27.9,259,9,3,0,27.9,78.08
2026-09-15,2026-09-17,736,Aligarh,Uttar Pradesh,north,27.9,78.08,48,orographic,1.0,0.0,9.8,298.0,2161.7,985.0,20.1,8.2,27.7,260,9,3,0,27.9,78.08
2026-09-15,2026-09-18,736,Aligarh,Uttar Pradesh,north,27.9,78.08,72,orographic,1.0,0.7,9.0,242.0,2769.6,985.9,17.1,6.9,28.1,261,9,3,0,27.9,78.08
2026-09-15,2026-09-16,739,Bareilly,Uttar Pradesh,north,28.37,79.42,24,orographic,1.0,0.6,12.3,283.0,1917.1,987.9,17.7,7.2,27.3,259,9,3,0,28.37,79.42
2026-09-15,2026-09-17,739,Bareilly,Uttar Pradesh,north,28.37,79.42,48,orographic,1.0,0.0,11.9,293.0,1879.2,986.0,19.7,8.3,27.1,260,9,3,0,28.37,79.42
2026-09-15,2026-09-18,739,Bareilly,Uttar Pradesh,north,28.37,79.42,72,orographic,1.0,0.0,10.4,281.0,2175.8,986.9,19.1,8.3,27.8,261,9,3,0,28.37,79.42
2026-09-15,2026-09-16,738,Meerut,Uttar Pradesh,north,28.98,77.7,24,coastal,1.0,3.5,23.3,171.0,2151.7,982.7,15.9,8.4,27.0,259,9,3,0,28.98,77.7
2026-09-15,2026-09-17,738,Meerut,Uttar Pradesh,north,28.98,77.7,48,orographic,1.0,0.0,9.2,306.0,1492.9,980.9,19.0,8.4,26.7,260,9,3,0,28.98,77.7
2026-09-15,2026-09-18,738,Meerut,Uttar Pradesh,north,28.98,77.7,72,orographic,1.0,0.0,8.7,289.0,2263.8,981.7,16.6,7.7,27.9,261,9,3,0,28.98,77.7
2026-09-15,2026-09-16,737,Varanasi,Uttar Pradesh,north,25.32,83.0,24,orographic,1.0,16.9,10.9,242.0,2235.0,999.1,15.8,5.8,27.8,259,9,3,0,25.32,83.0
2026-09-15,2026-09-17,737,Varanasi,Uttar Pradesh,north,25.32,83.0,48,orographic,1.0,6.1,12.6,256.0,2249.2,997.0,16.7,7.5,27.6,260,9,3,0,25.32,83.0
2026-09-15,2026-09-18,737,Varanasi,Uttar Pradesh,north,25.32,83.0,72,orographic,1.0,4.5,12.5,259.0,2482.5,997.9,18.2,7.4,28.2,261,9,3,0,25.32,83.0
2026-09-15,2026-09-16,744,Almora,Uttarakhand,north,29.6,79.37,24,orographic,0.6667,3.4,7.8,212.0,754.2,836.4,18.7,6.3,19.0,259,9,3,0,29.6,79.37
2026-09-15,2026-09-17,744,Almora,Uttarakhand,north,29.6,79.37,48,orographic,1.0,1.0,8.9,229.0,1025.4,834.5,20.0,8.5,19.2,260,9,3,0,29.6,79.37
2026-09-15,2026-09-18,744,Almora,Uttarakhand,north,29.6,79.37,72,orographic,1.0,1.4,8.5,214.0,1272.9,835.5,19.8,8.8,19.2,261,9,3,0,29.6,79.37
2026-09-15,2026-09-16,740,Prayagraj,Uttar Pradesh,north,25.43,81.85,24,orographic,1.0,10.1,10.4,255.0,2132.5,998.1,18.1,6.4,27.8,259,9,3,0,25.43,81.85
2026-09-15,2026-09-17,740,Prayagraj,Uttar Pradesh,north,25.43,81.85,48,orographic,1.0,2.9,12.6,252.0,2586.7,996.1,17.6,6.5,28.2,260,9,3,0,25.43,81.85
2026-09-15,2026-09-18,740,Prayagraj,Uttar Pradesh,north,25.43,81.85,72,orographic,1.0,1.0,11.2,263.0,2428.8,996.9,16.9,7.6,28.5,261,9,3,0,25.43,81.85
2026-09-15,2026-09-16,741,Gorakhpur,Uttar Pradesh,north,26.76,83.37,24,orographic,0.6667,2.9,9.5,269.0,2126.7,998.9,14.1,5.2,27.6,259,9,3,0,26.76,83.37
2026-09-15,2026-09-17,741,Gorakhpur,Uttar Pradesh,north,26.76,83.37,48,orographic,1.0,1.6,9.9,261.0,2334.6,996.7,17.1,6.6,27.9,260,9,3,0,26.76,83.37
2026-09-15,2026-09-18,741,Gorakhpur,Uttar Pradesh,north,26.76,83.37,72,orographic,1.0,2.9,8.2,254.0,2660.4,997.5,18.1,6.4,29.0,261,9,3,0,26.76,83.37
2026-09-15,2026-09-16,742,Kanpur Nagar,Uttar Pradesh,north,26.45,80.35,24,orographic,1.0,6.6,10.3,253.0,2066.7,993.7,17.1,6.9,27.6,259,9,3,0,26.45,80.35
2026-09-15,2026-09-17,742,Kanpur Nagar,Uttar Pradesh,north,26.45,80.35,48,orographic,1.0,1.2,10.3,252.0,3026.7,991.7,17.3,6.8,28.8,260,9,3,0,26.45,80.35
2026-09-15,2026-09-18,742,Kanpur Nagar,Uttar Pradesh,north,26.45,80.35,72,orographic,1.0,0.4,12.4,264.0,2304.6,992.8,19.3,7.2,28.9,261,9,3,0,26.45,80.35
2026-09-15,2026-09-16,743,Lucknow,Uttar Pradesh,north,26.85,80.95,24,orographic,1.0,7.8,8.3,237.0,1830.4,994.9,16.0,6.8,27.3,259,9,3,0,26.85,80.95
2026-09-15,2026-09-17,743,Lucknow,Uttar Pradesh,north,26.85,80.95,48,orographic,1.0,3.3,9.4,251.0,2875.4,992.8,17.8,6.1,28.1,260,9,3,0,26.85,80.95
2026-09-15,2026-09-18,743,Lucknow,Uttar Pradesh,north,26.85,80.95,72,orographic,1.0,0.3,9.0,270.0,2673.3,993.8,19.4,7.3,28.9,261,9,3,0,26.85,80.95
2026-09-15,2026-09-16,745,Bageshwar,Uttarakhand,north,29.92,79.77,24,orographic,0.6667,4.6,5.9,94.0,677.5,841.3,18.4,10.4,20.3,259,9,3,0,29.92,79.77
2026-09-15,2026-09-17,745,Bageshwar,Uttarakhand,north,29.92,79.77,48,orographic,0.6667,1.7,5.5,223.0,582.1,839.4,19.8,11.5,20.4,260,9,3,0,29.92,79.77
2026-09-15,2026-09-18,745,Bageshwar,Uttarakhand,north,29.92,79.77,72,orographic,0.6667,0.9,7.5,277.0,707.5,840.0,18.9,12.9,19.9,261,9,3,0,29.92,79.77
2026-09-15,2026-09-16,747,Champawat,Uttarakhand,north,29.33,80.1,24,orographic,0.6667,2.2,5.8,229.0,614.6,841.6,19.0,8.1,19.2,259,9,3,0,29.33,80.1
2026-09-15,2026-09-17,747,Champawat,Uttarakhand,north,29.33,80.1,48,orographic,0.6667,1.9,6.9,204.0,1012.1,840.1,20.4,9.4,19.8,260,9,3,0,29.33,80.1
2026-09-15,2026-09-18,747,Champawat,Uttarakhand,north,29.33,80.1,72,orographic,0.6667,1.6,7.4,213.0,1059.2,841.0,18.0,9.0,19.4,261,9,3,0,29.33,80.1
2026-09-15,2026-09-16,748,Dehradun,Uttarakhand,north,30.32,78.03,24,orographic,1.0,5.8,9.6,226.0,1393.8,936.9,15.8,5.5,24.1,259,9,3,0,30.32,78.03
2026-09-15,2026-09-17,748,Dehradun,Uttarakhand,north,30.32,78.03,48,orographic,1.0,0.4,9.4,272.0,1503.8,934.9,16.9,7.3,23.6,260,9,3,0,30.32,78.03
2026-09-15,2026-09-18,748,Dehradun,Uttarakhand,north,30.32,78.03,72,orographic,1.0,0.1,8.1,291.0,2017.1,935.8,18.5,7.8,24.8,261,9,3,0,30.32,78.03
2026-09-15,2026-09-16,746,Chamoli,Uttarakhand,north,30.45,79.33,24,break_monsoon,0.5,4.2,6.4,205.0,320.8,792.4,20.5,8.8,16.4,259,9,3,0,30.45,79.33
2026-09-15,2026-09-17,746,Chamoli,Uttarakhand,north,30.45,79.33,48,orographic,0.6667,1.0,5.8,196.0,600.0,790.8,20.8,9.9,17.1,260,9,3,0,30.45,79.33
2026-09-15,2026-09-18,746,Chamoli,Uttarakhand,north,30.45,79.33,72,break_monsoon,0.5,0.0,7.3,236.0,418.8,791.8,20.0,10.6,17.1,261,9,3,0,30.45,79.33
2026-09-15,2026-09-16,752,Pithoragarh,Uttarakhand,north,29.58,80.22,24,orographic,0.6667,2.4,5.8,293.0,830.0,849.3,19.1,8.6,20.6,259,9,3,0,29.58,80.22
2026-09-15,2026-09-17,752,Pithoragarh,Uttarakhand,north,29.58,80.22,48,orographic,0.6667,1.2,5.3,164.0,1030.4,847.7,19.0,8.5,21.1,260,9,3,0,29.58,80.22
2026-09-15,2026-09-18,752,Pithoragarh,Uttarakhand,north,29.58,80.22,72,orographic,0.6667,4.9,5.6,146.0,1250.8,848.8,18.2,7.4,21.4,261,9,3,0,29.58,80.22
2026-09-15,2026-09-16,751,Pauri Garhwal,Uttarakhand,north,30.15,78.78,24,orographic,0.6667,6.8,7.6,188.0,686.7,855.2,18.6,8.0,19.6,259,9,3,0,30.15,78.78
2026-09-15,2026-09-17,751,Pauri Garhwal,Uttarakhand,north,30.15,78.78,48,orographic,1.0,0.5,9.3,256.0,1041.3,853.5,21.4,9.5,20.6,260,9,3,0,30.15,78.78
2026-09-15,2026-09-18,751,Pauri Garhwal,Uttarakhand,north,30.15,78.78,72,orographic,1.0,0.0,9.9,261.0,1142.1,854.8,20.7,9.6,21.3,261,9,3,0,30.15,78.78
2026-09-15,2026-09-16,749,Haridwar,Uttarakhand,north,29.95,78.17,24,coastal,1.0,2.6,12.5,253.0,1852.1,975.8,14.3,6.8,26.5,259,9,3,0,29.95,78.17
2026-09-15,2026-09-17,749,Haridwar,Uttarakhand,north,29.95,78.17,48,orographic,1.0,0.0,8.7,288.0,1239.2,973.9,16.6,7.4,25.8,260,9,3,0,29.95,78.17
2026-09-15,2026-09-18,749,Haridwar,Uttarakhand,north,29.95,78.17,72,orographic,0.6667,0.0,7.9,349.0,2206.3,974.5,17.5,9.5,26.1,261,9,3,0,29.95,78.17
2026-09-15,2026-09-16,750,Nainital,Uttarakhand,north,29.38,79.45,24,orographic,0.6667,2.7,5.9,227.0,737.5,781.4,18.4,7.9,15.1,259,9,3,0,29.38,79.45
2026-09-15,2026-09-17,750,Nainital,Uttarakhand,north,29.38,79.45,48,orographic,0.6667,1.6,5.6,245.0,956.7,780.0,20.1,9.3,15.5,260,9,3,0,29.38,79.45
2026-09-15,2026-09-18,750,Nainital,Uttarakhand,north,29.38,79.45,72,orographic,0.6667,2.2,5.6,234.0,892.5,780.6,18.6,8.7,15.2,261,9,3,0,29.38,79.45
2026-09-15,2026-09-16,754,Tehri Garhwal,Uttarakhand,north,30.38,78.48,24,orographic,0.6667,2.7,6.2,227.0,970.0,922.2,17.7,8.7,24.9,259,9,3,0,30.38,78.48
2026-09-15,2026-09-17,754,Tehri Garhwal,Uttarakhand,north,30.38,78.48,48,orographic,0.6667,0.5,6.0,225.0,1260.0,920.1,20.7,10.2,24.6,260,9,3,0,30.38,78.48
2026-09-15,2026-09-18,754,Tehri Garhwal,Uttarakhand,north,30.38,78.48,72,orographic,0.6667,0.4,7.7,221.0,1241.7,921.1,20.7,11.2,24.9,261,9,3,0,30.38,78.48
2026-09-15,2026-09-16,753,Rudra Prayag,Uttarakhand,north,30.28,79.32,24,orographic,0.6667,4.6,9.2,318.0,323.8,867.7,20.0,10.7,21.5,259,9,3,0,30.28,79.32
2026-09-15,2026-09-17,753,Rudra Prayag,Uttarakhand,north,30.28,79.32,48,break_monsoon,0.5,0.0,7.4,329.0,394.6,865.7,21.5,13.0,22.4,260,9,3,0,30.28,79.32
2026-09-15,2026-09-18,753,Rudra Prayag,Uttarakhand,north,30.28,79.32,72,orographic,0.6667,0.1,8.2,302.0,435.4,866.6,19.9,14.5,22.4,261,9,3,0,30.28,79.32
2026-09-15,2026-09-16,755,Udham Singh Nagar,Uttarakhand,north,28.98,79.4,24,orographic,1.0,1.7,11.5,265.0,2312.9,984.3,15.7,5.9,26.6,259,9,3,0,28.98,79.4
2026-09-15,2026-09-17,755,Udham Singh Nagar,Uttarakhand,north,28.98,79.4,48,orographic,1.0,0.0,12.0,287.0,1357.9,982.2,16.5,6.8,26.0,260,9,3,0,28.98,79.4
2026-09-15,2026-09-18,755,Udham Singh Nagar,Uttarakhand,north,28.98,79.4,72,orographic,1.0,0.2,10.5,292.0,2157.9,983.1,17.0,7.5,26.1,261,9,3,0,28.98,79.4
2026-09-15,2026-09-16,756,Uttarkashi,Uttarakhand,north,30.72,78.45,24,break_monsoon,0.5,2.9,6.8,142.0,327.5,847.6,19.4,10.6,19.4,259,9,3,0,30.72,78.45
2026-09-15,2026-09-17,756,Uttarkashi,Uttarakhand,north,30.72,78.45,48,orographic,0.6667,0.7,8.4,188.0,456.7,845.9,21.4,13.3,20.6,260,9,3,0,30.72,78.45
2026-09-15,2026-09-18,756,Uttarkashi,Uttarakhand,north,30.72,78.45,72,orographic,0.6667,0.1,10.4,187.0,392.5,846.9,20.6,12.6,20.7,261,9,3,0,30.72,78.45
2026-09-15,2026-09-16,759,Birbhum,West Bengal,east,23.87,87.62,24,orographic,1.0,8.6,10.3,224.0,2550.0,1002.2,21.1,7.8,28.6,259,9,3,0,23.87,87.62
2026-09-15,2026-09-17,759,Birbhum,West Bengal,east,23.87,87.62,48,orographic,1.0,10.0,14.2,202.0,1989.6,1000.6,15.1,5.9,27.6,260,9,3,0,23.87,87.62
2026-09-15,2026-09-18,759,Birbhum,West Bengal,east,23.87,87.62,72,orographic,1.0,6.0,10.2,329.0,1904.2,1001.1,18.6,7.0,27.8,261,9,3,0,23.87,87.62
2026-09-15,2026-09-16,758,Bankura,West Bengal,east,23.25,87.07,24,orographic,1.0,3.9,11.9,206.0,2699.6,999.5,21.0,7.6,28.9,259,9,3,0,23.25,87.07
2026-09-15,2026-09-17,758,Bankura,West Bengal,east,23.25,87.07,48,orographic,1.0,6.1,12.3,239.0,2336.3,997.8,18.3,5.9,28.2,260,9,3,0,23.25,87.07
2026-09-15,2026-09-18,758,Bankura,West Bengal,east,23.25,87.07,72,orographic,1.0,5.2,9.4,38.0,2436.7,998.3,17.8,6.1,28.1,261,9,3,0,23.25,87.07
2026-09-15,2026-09-16,760,Bardhaman,West Bengal,east,23.25,87.85,24,orographic,1.0,3.6,10.6,219.0,3070.8,1004.2,21.4,7.3,28.8,259,9,3,0,23.25,87.85
2026-09-15,2026-09-17,760,Bardhaman,West Bengal,east,23.25,87.85,48,orographic,1.0,9.4,9.2,211.0,2734.2,1002.6,16.5,4.8,28.4,260,9,3,0,23.25,87.85
2026-09-15,2026-09-18,760,Bardhaman,West Bengal,east,23.25,87.85,72,orographic,1.0,6.0,10.0,143.0,2251.3,1003.1,18.0,6.0,28.2,261,9,3,0,23.25,87.85
2026-09-15,2026-09-16,757,Alipurduar,West Bengal,east,26.49,89.53,24,orographic,0.6667,19.1,10.3,255.0,2134.2,1002.4,14.1,4.6,27.6,259,9,3,0,26.49,89.53
2026-09-15,2026-09-17,757,Alipurduar,West Bengal,east,26.49,89.53,48,orographic,1.0,21.1,14.1,232.0,1072.5,1001.2,16.1,6.4,26.6,260,9,3,0,26.49,89.53
2026-09-15,2026-09-18,757,Alipurduar,West Bengal,east,26.49,89.53,72,orographic,0.6667,22.4,12.3,93.0,1148.8,1002.3,14.0,6.9,26.9,261,9,3,0,26.49,89.53
2026-09-15,2026-09-16,765,Howrah,West Bengal,east,22.57,88.27,24,orographic,1.0,0.0,11.5,206.0,2433.8,1008.0,22.2,7.1,29.4,259,9,3,0,22.57,88.27
2026-09-15,2026-09-17,765,Howrah,West Bengal,east,22.57,88.27,48,orographic,1.0,7.3,9.9,215.0,3009.2,1006.3,19.8,6.2,29.1,260,9,3,0,22.57,88.27
2026-09-15,2026-09-18,765,Howrah,West Bengal,east,22.57,88.27,72,orographic,1.0,10.9,10.3,120.0,2507.1,1006.7,17.5,6.3,28.6,261,9,3,0,22.57,88.27
2026-09-15,2026-09-16,761,Cooch Behar,West Bengal,east,26.32,89.45,24,coastal,1.0,6.6,10.4,230.0,2462.5,1002.9,14.2,4.7,27.5,259,9,3,0,26.32,89.45
2026-09-15,2026-09-17,761,Cooch Behar,West Bengal,east,26.32,89.45,48,orographic,1.0,21.6,9.9,243.0,1217.1,1001.7,15.5,6.0,26.7,260,9,3,0,26.32,89.45
2026-09-15,2026-09-18,761,Cooch Behar,West Bengal,east,26.32,89.45,72,orographic,0.6667,17.5,10.0,100.0,1163.3,1002.8,13.7,7.3,26.9,261,9,3,0,26.32,89.45
2026-09-15,2026-09-16,763,Dakshin Dinajpur,West Bengal,east,25.32,88.52,24,orographic,1.0,6.8,11.5,245.0,2937.9,1004.9,17.0,6.4,28.2,259,9,3,0,25.32,88.52
2026-09-15,2026-09-17,763,Dakshin Dinajpur,West Bengal,east,25.32,88.52,48,orographic,0.6667,7.3,12.4,206.0,1998.3,1003.5,13.3,5.1,27.1,260,9,3,0,25.32,88.52
2026-09-15,2026-09-18,763,Dakshin Dinajpur,West Bengal,east,25.32,88.52,72,orographic,0.6667,5.8,8.6,99.0,1802.1,1004.3,14.7,6.0,27.4,261,9,3,0,25.32,88.52
2026-09-15,2026-09-16,764,Hooghly,West Bengal,east,22.9,88.38,24,orographic,1.0,0.0,11.2,218.0,2420.4,1007.5,21.8,6.8,29.4,259,9,3,0,22.9,88.38
2026-09-15,2026-09-17,764,Hooghly,West Bengal,east,22.9,88.38,48,orographic,1.0,12.5,10.4,206.0,2919.2,1005.9,17.5,6.7,28.5,260,9,3,0,22.9,88.38
2026-09-15,2026-09-18,764,Hooghly,West Bengal,east,22.9,88.38,72,orographic,0.6667,6.8,7.0,159.0,2595.8,1006.2,17.9,5.8,28.8,261,9,3,0,22.9,88.38
2026-09-15,2026-09-16,762,Darjeeling,West Bengal,east,27.03,88.27,24,orographic,0.6667,12.0,2.5,269.0,581.3,810.1,16.2,5.4,15.8,259,9,3,0,27.03,88.27
2026-09-15,2026-09-17,762,Darjeeling,West Bengal,east,27.03,88.27,48,break_monsoon,0.5,3.9,3.8,330.0,496.7,808.7,17.0,7.2,16.5,260,9,3,0,27.03,88.27
2026-09-15,2026-09-18,762,Darjeeling,West Bengal,east,27.03,88.27,72,orographic,0.6667,8.4,3.6,31.0,560.8,810.3,16.1,6.8,17.5,261,9,3,0,27.03,88.27
2026-09-15,2026-09-16,766,Jalpaiguri,West Bengal,east,26.52,88.72,24,orographic,1.0,3.3,9.8,270.0,2129.6,998.2,16.1,5.7,27.5,259,9,3,0,26.52,88.72
2026-09-15,2026-09-17,766,Jalpaiguri,West Bengal,east,26.52,88.72,48,break_monsoon,0.5,9.5,5.9,135.0,1117.5,996.9,13.1,6.7,26.9,260,9,3,0,26.52,88.72
2026-09-15,2026-09-18,766,Jalpaiguri,West Bengal,east,26.52,88.72,72,orographic,0.6667,2.2,15.3,88.0,1087.9,998.1,13.5,6.5,26.9,261,9,3,0,26.52,88.72
2026-09-15,2026-09-16,768,Kalimpong,West Bengal,east,27.05,88.48,24,break_monsoon,0.5,16.3,6.7,62.0,647.9,910.5,13.3,3.6,21.3,259,9,3,0,27.05,88.48
2026-09-15,2026-09-17,768,Kalimpong,West Bengal,east,27.05,88.48,48,orographic,0.6667,18.4,8.0,143.0,710.0,909.0,15.9,4.2,21.9,260,9,3,0,27.05,88.48
2026-09-15,2026-09-18,768,Kalimpong,West Bengal,east,27.05,88.48,72,orographic,1.0,17.2,8.3,167.0,705.0,910.4,15.7,4.9,22.2,261,9,3,0,27.05,88.48
2026-09-15,2026-09-16,767,Jhargram,West Bengal,east,22.45,86.95,24,orographic,1.0,1.3,8.9,190.0,3359.6,998.1,21.4,7.6,29.0,259,9,3,0,22.45,86.95
2026-09-15,2026-09-17,767,Jhargram,West Bengal,east,22.45,86.95,48,orographic,0.6667,22.6,7.0,263.0,2332.1,996.4,17.7,6.7,28.5,260,9,3,0,22.45,86.95
2026-09-15,2026-09-18,767,Jhargram,West Bengal,east,22.45,86.95,72,orographic,0.6667,10.7,7.2,331.0,1969.2,996.8,17.2,6.9,28.2,261,9,3,0,22.45,86.95
2026-09-15,2026-09-16,770,Malda,West Bengal,east,25.0,88.13,24,orographic,1.0,5.6,14.9,240.0,2381.7,1005.3,19.2,7.6,28.9,259,9,3,0,25.0,88.13
2026-09-15,2026-09-17,770,Malda,West Bengal,east,25.0,88.13,48,orographic,0.6667,5.0,9.4,202.0,1928.8,1003.7,13.3,5.6,27.4,260,9,3,0,25.0,88.13
2026-09-15,2026-09-18,770,Malda,West Bengal,east,25.0,88.13,72,orographic,0.6667,3.6,7.7,73.0,2137.5,1004.4,15.6,6.2,28.0,261,9,3,0,25.0,88.13
2026-09-15,2026-09-16,774,Paschim Medinipur,West Bengal,east,22.3,87.32,24,orographic,1.0,3.0,9.5,188.0,2933.8,1004.0,21.4,7.3,29.2,259,9,3,0,22.3,87.32
2026-09-15,2026-09-17,774,Paschim Medinipur,West Bengal,east,22.3,87.32,48,orographic,1.0,12.1,10.8,215.0,2539.2,1002.4,17.9,6.5,28.8,260,9,3,0,22.3,87.32
2026-09-15,2026-09-18,774,Paschim Medinipur,West Bengal,east,22.3,87.32,72,orographic,1.0,8.7,8.8,355.0,2152.1,1002.7,17.4,6.8,28.6,261,9,3,0,22.3,87.32
2026-09-15,2026-09-16,771,Murshidabad,West Bengal,east,24.18,88.27,24,orographic,1.0,7.3,8.6,251.0,2663.3,1005.7,21.1,7.4,28.9,259,9,3,0,24.18,88.27
2026-09-15,2026-09-17,771,Murshidabad,West Bengal,east,24.18,88.27,48,orographic,0.6667,4.4,7.7,201.0,2302.1,1004.2,17.4,5.9,28.1,260,9,3,0,24.18,88.27
2026-09-15,2026-09-18,771,Murshidabad,West Bengal,east,24.18,88.27,72,orographic,1.0,5.1,9.1,156.0,2337.5,1004.7,16.8,6.7,27.9,261,9,3,0,24.18,88.27
2026-09-15,2026-09-16,769,Kolkata,West Bengal,east,22.57,88.37,24,orographic,1.0,0.3,10.5,216.0,2289.2,1007.7,22.3,6.8,29.8,259,9,3,0,22.57,88.37
2026-09-15,2026-09-17,769,Kolkata,West Bengal,east,22.57,88.37,48,orographic,0.6667,3.4,7.5,207.0,2831.3,1005.9,20.1,6.6,29.4,260,9,3,0,22.57,88.37
2026-09-15,2026-09-18,769,Kolkata,West Bengal,east,22.57,88.37,72,orographic,0.6667,7.2,7.3,145.0,2565.0,1006.3,18.0,5.5,29.2,261,9,3,0,22.57,88.37
2026-09-15,2026-09-16,773,North 24 Parganas,West Bengal,east,22.8,88.7,24,orographic,1.0,0.2,12.6,219.0,2279.2,1008.2,22.3,6.8,29.2,259,9,3,0,22.8,88.7
2026-09-15,2026-09-17,773,North 24 Parganas,West Bengal,east,22.8,88.7,48,orographic,1.0,6.6,17.3,214.0,2958.3,1006.5,19.3,6.0,28.9,260,9,3,0,22.8,88.7
2026-09-15,2026-09-18,773,North 24 Parganas,West Bengal,east,22.8,88.7,72,orographic,0.6667,9.6,6.7,158.0,2709.6,1006.9,18.4,6.6,28.3,261,9,3,0,22.8,88.7
2026-09-15,2026-09-16,772,Nadia,West Bengal,east,23.17,88.53,24,orographic,1.0,0.4,11.0,225.0,2858.3,1007.4,21.4,6.8,29.3,259,9,3,0,23.17,88.53
2026-09-15,2026-09-17,772,Nadia,West Bengal,east,23.17,88.53,48,orographic,1.0,5.2,13.1,211.0,2962.1,1005.8,17.5,5.8,28.6,260,9,3,0,23.17,88.53
2026-09-15,2026-09-18,772,Nadia,West Bengal,east,23.17,88.53,72,orographic,1.0,8.8,10.1,141.0,2510.8,1006.2,17.5,6.0,28.8,261,9,3,0,23.17,88.53
2026-09-15,2026-09-16,775,Purba Medinipur,West Bengal,east,22.35,87.32,24,orographic,1.0,3.0,9.5,188.0,2933.8,1005.0,21.4,7.3,29.2,259,9,3,0,22.35,87.32
2026-09-15,2026-09-17,775,Purba Medinipur,West Bengal,east,22.35,87.32,48,orographic,1.0,12.1,10.8,215.0,2539.2,1003.4,17.9,6.5,28.8,260,9,3,0,22.35,87.32
2026-09-15,2026-09-18,775,Purba Medinipur,West Bengal,east,22.35,87.32,72,orographic,1.0,8.7,8.8,355.0,2152.1,1003.8,17.4,6.8,28.6,261,9,3,0,22.35,87.32
2026-09-15,2026-09-16,776,Purulia,West Bengal,east,23.33,86.37,24,orographic,1.0,3.5,11.7,194.0,2685.0,981.3,21.3,8.0,28.4,259,9,3,0,23.33,86.37
2026-09-15,2026-09-17,776,Purulia,West Bengal,east,23.33,86.37,48,orographic,1.0,4.5,9.0,219.0,2024.2,979.7,17.5,7.0,27.6,260,9,3,0,23.33,86.37
2026-09-15,2026-09-18,776,Purulia,West Bengal,east,23.33,86.37,72,orographic,1.0,9.6,9.4,330.0,2211.7,980.1,18.7,6.8,27.5,261,9,3,0,23.33,86.37
2026-09-15,2026-09-16,777,South 24 Parganas,West Bengal,east,22.08,88.4,24,orographic,1.0,1.1,12.2,210.0,2537.9,1008.7,21.8,6.2,29.0,259,9,3,0,22.08,88.4
2026-09-15,2026-09-17,777,South 24 Parganas,West Bengal,east,22.08,88.4,48,orographic,1.0,7.4,9.4,201.0,3030.0,1006.8,19.8,5.8,29.3,260,9,3,0,22.08,88.4
2026-09-15,2026-09-18,777,South 24 Parganas,West Bengal,east,22.08,88.4,72,orographic,1.0,12.0,12.7,132.0,2487.9,1007.2,16.4,5.6,28.5,261,9,3,0,22.08,88.4
2026-09-15,2026-09-16,779,Asansol,West Bengal,east,23.68,86.95,24,orographic,1.0,5.5,9.0,211.0,2649.2,994.4,21.4,8.8,28.5,259,9,3,0,23.68,86.95
2026-09-15,2026-09-17,779,Asansol,West Bengal,east,23.68,86.95,48,orographic,1.0,21.9,8.8,251.0,1836.7,992.8,20.0,7.1,28.1,260,9,3,0,23.68,86.95
2026-09-15,2026-09-18,779,Asansol,West Bengal,east,23.68,86.95,72,orographic,0.6667,12.4,7.7,343.0,2156.3,993.2,17.5,6.6,28.4,261,9,3,0,23.68,86.95
2026-09-15,2026-09-16,778,Uttar Dinajpur,West Bengal,east,25.62,88.12,24,orographic,1.0,6.3,13.1,262.0,3046.3,1004.4,19.1,6.2,28.7,259,9,3,0,25.62,88.12
2026-09-15,2026-09-17,778,Uttar Dinajpur,West Bengal,east,25.62,88.12,48,orographic,0.6667,9.8,8.9,212.0,1890.0,1002.9,14.2,5.9,27.4,260,9,3,0,25.62,88.12
2026-09-15,2026-09-18,778,Uttar Dinajpur,West Bengal,east,25.62,88.12,72,break_monsoon,0.5,4.9,7.9,96.0,1728.8,1003.8,14.2,7.1,27.6,261,9,3,0,25.62,88.12
2026-09-15,2026-09-16,782,South Andaman,Andaman & Nicobar Islands,south,11.62,92.73,24,orographic,0.6667,13.1,17.2,219.0,1574.2,1009.1,12.0,2.5,26.1,259,9,3,0,11.62,92.73
2026-09-15,2026-09-17,782,South Andaman,Andaman & Nicobar Islands,south,11.62,92.73,48,orographic,0.6667,22.1,14.7,259.0,1153.8,1007.2,12.2,3.1,25.9,260,9,3,0,11.62,92.73
2026-09-15,2026-09-18,782,South Andaman,Andaman & Nicobar Islands,south,11.62,92.73,72,orographic,0.6667,21.8,18.2,283.0,1025.0,1006.9,9.7,2.9,25.6,261,9,3,0,11.62,92.73
2026-09-15,2026-09-16,781,North and Middle Andaman,Andaman & Nicobar Islands,south,12.6,92.73,24,orographic,0.6667,13.0,16.3,202.0,1555.0,1008.1,14.2,3.0,25.8,259,9,3,0,12.6,92.73
2026-09-15,2026-09-17,781,North and Middle Andaman,Andaman & Nicobar Islands,south,12.6,92.73,48,orographic,1.0,11.0,14.2,256.0,1236.7,1006.1,17.1,4.7,26.5,260,9,3,0,12.6,92.73
2026-09-15,2026-09-18,781,North and Middle Andaman,Andaman & Nicobar Islands,south,12.6,92.73,72,orographic,0.6667,10.0,14.7,288.0,945.4,1005.8,12.9,3.2,26.2,261,9,3,0,12.6,92.73
2026-09-15,2026-09-16,783,Chandigarh,Chandigarh,north,30.74,76.78,24,coastal,1.0,4.2,15.5,342.0,1582.5,969.2,14.8,9.0,27.3,259,9,3,0,30.74,76.78
2026-09-15,2026-09-17,783,Chandigarh,Chandigarh,north,30.74,76.78,48,orographic,1.0,0.2,12.9,319.0,1553.3,967.5,15.3,8.6,25.7,260,9,3,0,30.74,76.78
2026-09-15,2026-09-18,783,Chandigarh,Chandigarh,north,30.74,76.78,72,orographic,1.0,0.2,11.4,318.0,1917.1,968.2,18.5,9.3,26.8,261,9,3,0,30.74,76.78
2026-09-15,2026-09-16,780,Nicobar,Andaman & Nicobar Islands,south,7.03,93.82,24,orographic,0.6667,20.4,15.1,217.0,1206.3,994.9,12.4,3.8,25.0,259,9,3,0,7.03,93.82
2026-09-15,2026-09-17,780,Nicobar,Andaman & Nicobar Islands,south,7.03,93.82,48,orographic,0.6667,42.8,16.9,236.0,1057.9,993.9,8.7,1.9,24.1,260,9,3,0,7.03,93.82
2026-09-15,2026-09-18,780,Nicobar,Andaman & Nicobar Islands,south,7.03,93.82,72,orographic,0.6667,28.8,18.4,246.0,1096.3,993.4,10.7,2.0,24.1,261,9,3,0,7.03,93.82
2026-09-15,2026-09-16,784,Dadra and Nagar Haveli,Dadra & Nagar Haveli and Daman & Diu,west,20.2,73.02,24,orographic,1.0,12.3,15.4,184.0,1117.9,1004.7,17.2,5.1,27.1,259,9,3,0,20.2,73.02
2026-09-15,2026-09-17,784,Dadra and Nagar Haveli,Dadra & Nagar Haveli and Daman & Diu,west,20.2,73.02,48,orographic,1.0,8.2,16.0,190.0,1246.3,1003.5,17.5,5.0,27.0,260,9,3,0,20.2,73.02
2026-09-15,2026-09-18,784,Dadra and Nagar Haveli,Dadra & Nagar Haveli and Daman & Diu,west,20.2,73.02,72,orographic,1.0,4.8,17.1,198.0,1210.0,1003.8,15.9,4.2,26.3,261,9,3,0,20.2,73.02
2026-09-15,2026-09-16,785,Daman,Dadra & Nagar Haveli and Daman & Diu,west,20.42,72.85,24,orographic,1.0,6.1,15.2,186.0,1139.6,1008.9,18.3,5.2,26.8,259,9,3,0,20.42,72.85
2026-09-15,2026-09-17,785,Daman,Dadra & Nagar Haveli and Daman & Diu,west,20.42,72.85,48,orographic,1.0,2.6,16.8,195.0,1294.6,1007.7,19.6,5.6,27.1,260,9,3,0,20.42,72.85
2026-09-15,2026-09-18,785,Daman,Dadra & Nagar Haveli and Daman & Diu,west,20.42,72.85,72,orographic,1.0,6.6,18.2,202.0,1157.1,1007.9,18.7,4.5,26.6,261,9,3,0,20.42,72.85
2026-09-15,2026-09-16,786,Diu,Dadra & Nagar Haveli and Daman & Diu,west,20.72,70.98,24,western_disturbance,1.0,1.5,21.0,229.0,838.8,1009.8,20.9,4.0,27.6,259,9,3,0,20.72,70.98
2026-09-15,2026-09-17,786,Diu,Dadra & Nagar Haveli and Daman & Diu,west,20.72,70.98,48,orographic,0.6667,1.2,21.9,240.0,1134.6,1008.6,20.8,3.7,27.8,260,9,3,0,20.72,70.98
2026-09-15,2026-09-18,786,Diu,Dadra & Nagar Haveli and Daman & Diu,west,20.72,70.98,72,orographic,0.6667,5.6,22.8,258.0,1397.1,1008.9,19.7,4.8,27.3,261,9,3,0,20.72,70.98
2026-09-15,2026-09-16,788,Karaikal,Puducherry,south,10.92,79.83,24,orographic,1.0,0.0,17.4,215.0,2771.7,1010.1,19.1,7.0,30.2,259,9,3,0,10.92,79.83
2026-09-15,2026-09-17,788,Karaikal,Puducherry,south,10.92,79.83,48,coastal,1.0,0.7,20.9,217.0,2272.5,1009.2,21.1,7.2,30.2,260,9,3,0,10.92,79.83
2026-09-15,2026-09-18,788,Karaikal,Puducherry,south,10.92,79.83,72,orographic,1.0,1.6,17.3,222.0,2813.3,1008.6,24.1,8.2,30.8,261,9,3,0,10.92,79.83
2026-09-15,2026-09-16,787,Lakshadweep,Lakshadweep,south,10.57,72.62,24,coastal,1.0,9.1,30.5,314.0,1453.3,1013.0,22.8,2.9,27.1,259,9,3,0,10.57,72.62
2026-09-15,2026-09-17,787,Lakshadweep,Lakshadweep,south,10.57,72.62,48,orographic,1.0,7.8,19.8,304.0,1440.4,1012.3,21.6,2.8,27.5,260,9,3,0,10.57,72.62
2026-09-15,2026-09-18,787,Lakshadweep,Lakshadweep,south,10.57,72.62,72,coastal,1.0,8.1,22.7,296.0,1827.5,1012.2,22.1,1.5,28.1,261,9,3,0,10.57,72.62
2026-09-15,2026-09-16,790,Puducherry,Puducherry,south,11.93,79.83,24,orographic,1.0,0.0,17.0,189.0,3035.8,1009.8,23.5,7.0,30.6,259,9,3,0,11.93,79.83
2026-09-15,2026-09-17,790,Puducherry,Puducherry,south,11.93,79.83,48,coastal,1.0,0.8,20.2,205.0,2537.9,1008.7,22.8,7.0,30.3,260,9,3,0,11.93,79.83
2026-09-15,2026-09-18,790,Puducherry,Puducherry,south,11.93,79.83,72,orographic,1.0,9.7,16.5,208.0,2495.8,1008.3,23.6,8.7,30.2,261,9,3,0,11.93,79.83
2026-09-15,2026-09-16,791,Yanam,Puducherry,south,11.07,79.87,24,orographic,1.0,0.1,19.3,203.0,2968.8,1010.8,19.8,6.9,30.8,259,9,3,0,11.07,79.87
2026-09-15,2026-09-17,791,Yanam,Puducherry,south,11.07,79.87,48,coastal,1.0,0.0,22.8,211.0,2012.9,1009.8,23.5,7.7,31.0,260,9,3,0,11.07,79.87
2026-09-15,2026-09-18,791,Yanam,Puducherry,south,11.07,79.87,72,orographic,1.0,3.7,17.9,208.0,3099.6,1009.3,24.2,7.5,30.8,261,9,3,0,11.07,79.87
2026-09-15,2026-09-16,792,Mancherial,Telangana,south,18.87,79.45,24,orographic,0.6667,0.2,7.1,268.0,2250.8,993.0,22.7,8.1,28.7,259,9,3,0,18.87,79.45
2026-09-15,2026-09-17,792,Mancherial,Telangana,south,18.87,79.45,48,orographic,1.0,0.9,12.8,281.0,2337.5,991.5,21.7,7.4,29.0,260,9,3,0,18.87,79.45
2026-09-15,2026-09-18,792,Mancherial,Telangana,south,18.87,79.45,72,orographic,1.0,14.2,14.6,288.0,2086.3,991.9,17.4,6.9,28.2,261,9,3,0,18.87,79.45
2026-09-15,2026-09-16,789,Mahe,Puducherry,south,11.7,75.53,24,orographic,1.0,0.0,17.3,295.0,1261.7,1012.6,21.3,7.4,28.0,259,9,3,0,11.7,75.53
2026-09-15,2026-09-17,789,Mahe,Puducherry,south,11.7,75.53,48,orographic,1.0,2.8,14.3,272.0,1764.6,1011.8,21.6,6.1,27.2,260,9,3,0,11.7,75.53
2026-09-15,2026-09-18,789,Mahe,Puducherry,south,11.7,75.53,72,orographic,1.0,1.6,16.4,281.0,1572.9,1011.9,21.4,5.4,27.1,261,9,3,0,11.7,75.53
2026-09-15,2026-09-16,798,Jayashankar Bhupalpally,Telangana,south,18.18,80.1,24,orographic,0.6667,0.4,7.8,236.0,1868.3,992.6,22.8,8.4,28.0,259,9,3,0,18.18,80.1
2026-09-15,2026-09-17,798,Jayashankar Bhupalpally,Telangana,south,18.18,80.1,48,orographic,1.0,2.1,14.0,247.0,2757.5,991.0,21.1,7.1,28.8,260,9,3,0,18.18,80.1
2026-09-15,2026-09-18,798,Jayashankar Bhupalpally,Telangana,south,18.18,80.1,72,orographic,1.0,10.9,9.8,306.0,2271.3,991.3,16.1,6.9,27.1,261,9,3,0,18.18,80.1
2026-09-15,2026-09-16,794,Jagtial,Telangana,south,18.78,78.9,24,orographic,0.6667,0.2,6.3,268.0,1878.3,978.5,22.9,7.8,27.5,259,9,3,0,18.78,78.9
2026-09-15,2026-09-17,794,Jagtial,Telangana,south,18.78,78.9,48,orographic,1.0,1.6,12.1,283.0,2082.1,977.1,22.1,7.3,27.5,260,9,3,0,18.78,78.9
2026-09-15,2026-09-18,794,Jagtial,Telangana,south,18.78,78.9,72,orographic,1.0,2.9,13.6,283.0,2057.9,977.4,17.6,6.9,27.1,261,9,3,0,18.78,78.9
2026-09-15,2026-09-16,795,Nirmal,Telangana,south,19.1,78.35,24,orographic,1.0,0.6,8.5,281.0,1474.2,972.8,22.7,8.5,26.9,259,9,3,0,19.1,78.35
2026-09-15,2026-09-17,795,Nirmal,Telangana,south,19.1,78.35,48,orographic,1.0,5.0,14.9,290.0,2272.1,971.6,21.0,6.7,27.4,260,9,3,0,19.1,78.35
2026-09-15,2026-09-18,795,Nirmal,Telangana,south,19.1,78.35,72,orographic,1.0,6.3,12.4,290.0,2061.7,971.9,17.2,6.1,26.6,261,9,3,0,19.1,78.35
2026-09-15,2026-09-16,797,Mulugu,Telangana,south,18.2,80.55,24,orographic,0.6667,0.3,7.1,250.0,2167.9,1000.3,22.6,8.6,29.0,259,9,3,0,18.2,80.55
2026-09-15,2026-09-17,797,Mulugu,Telangana,south,18.2,80.55,48,orographic,1.0,2.8,10.4,206.0,3015.0,998.7,20.9,7.7,29.0,260,9,3,0,18.2,80.55
2026-09-15,2026-09-18,797,Mulugu,Telangana,south,18.2,80.55,72,orographic,1.0,9.2,13.5,308.0,2389.2,999.0,15.8,7.6,28.2,261,9,3,0,18.2,80.55
2026-09-15,2026-09-16,796,Mahabubabad,Telangana,south,17.6,80.0,24,orographic,0.6667,4.2,7.2,226.0,2258.8,988.8,23.1,8.7,28.1,259,9,3,0,17.6,80.0
2026-09-15,2026-09-17,796,Mahabubabad,Telangana,south,17.6,80.0,48,orographic,1.0,0.4,8.7,294.0,3192.9,987.2,21.8,7.2,28.9,260,9,3,0,17.6,80.0
2026-09-15,2026-09-18,796,Mahabubabad,Telangana,south,17.6,80.0,72,orographic,1.0,8.1,15.6,318.0,2248.3,987.4,19.2,7.3,27.8,261,9,3,0,17.6,80.0
2026-09-15,2026-09-16,799,Jangaon,Telangana,south,17.72,79.15,24,orographic,1.0,0.8,8.5,258.0,1533.8,968.9,22.6,8.7,27.5,259,9,3,0,17.72,79.15
2026-09-15,2026-09-17,799,Jangaon,Telangana,south,17.72,79.15,48,orographic,1.0,3.9,11.8,301.0,1995.0,967.4,22.2,6.9,28.1,260,9,3,0,17.72,79.15
2026-09-15,2026-09-18,799,Jangaon,Telangana,south,17.72,79.15,72,orographic,1.0,7.9,19.9,302.0,1645.4,967.6,19.1,7.6,26.9,261,9,3,0,17.72,79.15
2026-09-15,2026-09-16,800,Sangareddy,Telangana,south,17.63,78.08,24,orographic,1.0,2.3,10.1,230.0,905.0,954.6,22.5,9.7,27.4,259,9,3,0,17.63,78.08
2026-09-15,2026-09-17,800,Sangareddy,Telangana,south,17.63,78.08,48,orographic,1.0,9.8,15.8,275.0,1945.0,953.6,20.7,8.3,27.0,260,9,3,0,17.63,78.08
2026-09-15,2026-09-18,800,Sangareddy,Telangana,south,17.63,78.08,72,orographic,1.0,12.0,14.8,299.0,1525.8,953.7,16.9,7.1,26.2,261,9,3,0,17.63,78.08
2026-09-15,2026-09-16,801,Siddipet,Telangana,south,18.1,78.85,24,orographic,1.0,1.2,10.2,251.0,1420.0,957.7,22.3,7.7,27.0,259,9,3,0,18.1,78.85
2026-09-15,2026-09-17,801,Siddipet,Telangana,south,18.1,78.85,48,orographic,1.0,1.9,11.9,277.0,2106.3,956.3,22.3,7.0,27.2,260,9,3,0,18.1,78.85
2026-09-15,2026-09-18,801,Siddipet,Telangana,south,18.1,78.85,72,orographic,1.0,6.0,16.3,286.0,1667.1,956.5,19.2,7.6,26.4,261,9,3,0,18.1,78.85
